timestamp,model_id,task,dataset_split,dataset_size,seq_len,batch_size,dtype,method,rank,budget,scope,backend,attn_mode,seed,calib_dataset,calib_split,calib_samples,calib_batches,calib_seed,calib_seq_len,calib_source,eval_target,metric_name,metric_value,latency_ms,throughput_sps,peak_mem_infer_mb,peak_mem_e2e_mb,peak_mem_mb,param_ratio,original_params,compressed_params,total_param_ratio,total_original_params,total_compressed_params,notes,git_commit
2026-03-10T23:24:35,compressed_models/modernbert/dense/cola/pretrained_base,cola,validation,,,,bf16,svd,,,,naive,einsum,,,,,,,,,,matthews_correlation,0.012320,62.96,508.3,660.7,660.7,660.7,,,,,,,,
2026-03-10T23:24:35,compressed_models/modernbert/dense/cola/pretrained_base,cola,validation,,,,bf16,svd,,,,sdpa,sdpa,,,,,,,,,,matthews_correlation,0.012320,61.18,523.1,660.7,660.7,660.7,,,,,,,,
2026-03-10T23:24:35,compressed_models/modernbert/dense/cola/pretrained_base,cola,validation,,,,bf16,svd,,,,flashsvd15,flashsvd15,,,,,,,,,,matthews_correlation,0.022995,142.69,224.3,615.7,615.7,615.7,,,,,,,,
2026-03-10T23:25:03,compressed_models/modernbert/dense/sst2/pretrained_base,sst2,validation,,,,bf16,svd,,,,naive,einsum,,,,,,,,,,accuracy,0.491972,63.94,500.5,698.9,698.9,698.9,,,,,,,,
2026-03-10T23:25:03,compressed_models/modernbert/dense/sst2/pretrained_base,sst2,validation,,,,bf16,svd,,,,sdpa,sdpa,,,,,,,,,,accuracy,0.491972,61.92,516.8,698.9,698.9,698.9,,,,,,,,
2026-03-10T23:25:03,compressed_models/modernbert/dense/sst2/pretrained_base,sst2,validation,,,,bf16,svd,,,,flashsvd15,flashsvd15,,,,,,,,,,accuracy,0.493119,138.38,231.2,643.3,643.3,643.3,,,,,,,,
2026-03-10T23:25:29,compressed_models/modernbert/dense/mrpc/pretrained_base,mrpc,validation,,,,bf16,svd,,,,naive,einsum,,,,,,,,,,f1,0.254438,64.24,498.1,726.5,726.5,726.5,,,,,,,,
2026-03-10T23:25:29,compressed_models/modernbert/dense/mrpc/pretrained_base,mrpc,validation,,,,bf16,svd,,,,sdpa,sdpa,,,,,,,,,,f1,0.254438,65.14,491.3,726.5,726.5,726.5,,,,,,,,
2026-03-10T23:25:29,compressed_models/modernbert/dense/mrpc/pretrained_base,mrpc,validation,,,,bf16,svd,,,,flashsvd15,flashsvd15,,,,,,,,,,f1,0.264706,141.14,226.7,681.5,681.5,681.5,,,,,,,,
2026-03-10T23:29:12,compressed_models/modernbert/dense/cola/pretrained_base,cola,validation,,,,bf16,svd,,,,naive,einsum,,,,,,,,,,matthews_correlation,0.012320,61.39,521.3,660.7,660.7,660.7,,,,,,,,
2026-03-10T23:29:12,compressed_models/modernbert/dense/cola/pretrained_base,cola,validation,,,,bf16,svd,,,,sdpa,sdpa,,,,,,,,,,matthews_correlation,0.012320,63.74,502.0,660.7,660.7,660.7,,,,,,,,
2026-03-10T23:29:12,compressed_models/modernbert/dense/cola/pretrained_base,cola,validation,,,,bf16,svd,,,,flashsvd15,flashsvd15,,,,,,,,,,matthews_correlation,0.022995,140.53,227.7,615.7,615.7,615.7,,,,,,,,
2026-03-10T23:29:40,compressed_models/modernbert/dense/sst2/pretrained_base,sst2,validation,,,,bf16,svd,,,,naive,einsum,,,,,,,,,,accuracy,0.491972,62.02,515.9,698.9,698.9,698.9,,,,,,,,
2026-03-10T23:29:40,compressed_models/modernbert/dense/sst2/pretrained_base,sst2,validation,,,,bf16,svd,,,,sdpa,sdpa,,,,,,,,,,accuracy,0.491972,61.74,518.3,698.9,698.9,698.9,,,,,,,,
2026-03-10T23:29:40,compressed_models/modernbert/dense/sst2/pretrained_base,sst2,validation,,,,bf16,svd,,,,flashsvd15,flashsvd15,,,,,,,,,,accuracy,0.491972,136.96,233.6,655.1,655.1,655.1,,,,,,,,
2026-03-10T23:30:05,compressed_models/modernbert/dense/mrpc/pretrained_base,mrpc,validation,,,,bf16,svd,,,,naive,einsum,,,,,,,,,,f1,0.254438,64.72,494.5,739.1,739.1,739.1,,,,,,,,
2026-03-10T23:30:05,compressed_models/modernbert/dense/mrpc/pretrained_base,mrpc,validation,,,,bf16,svd,,,,sdpa,sdpa,,,,,,,,,,f1,0.254438,64.61,495.3,739.1,739.1,739.1,,,,,,,,
2026-03-10T23:30:05,compressed_models/modernbert/dense/mrpc/pretrained_base,mrpc,validation,,,,bf16,svd,,,,flashsvd15,flashsvd15,,,,,,,,,,f1,0.254438,141.80,225.7,681.5,681.5,681.5,,,,,,,,
2026-03-10T23:36:17,compressed_models/modernbert/dense/qqp/pretrained_base,qqp,validation,,,,bf16,svd,,,,naive,einsum,,,,,,,,,,f1,0.447578,64.05,499.6,764.8,764.8,764.8,,,,,,,,
2026-03-10T23:36:17,compressed_models/modernbert/dense/qqp/pretrained_base,qqp,validation,,,,bf16,svd,,,,sdpa,sdpa,,,,,,,,,,f1,0.447578,63.59,503.3,764.8,764.8,764.8,,,,,,,,
2026-03-10T23:36:17,compressed_models/modernbert/dense/qqp/pretrained_base,qqp,validation,,,,bf16,svd,,,,flashsvd15,flashsvd15,,,,,,,,,,f1,0.445806,141.81,225.6,707.2,707.2,707.2,,,,,,,,
2026-03-10T23:38:05,compressed_models/modernbert/dense/mnli/pretrained_base,mnli,validation,,,,bf16,svd,,,,naive,einsum,,,,,,,,,,accuracy,0.322466,65.73,486.8,790.4,790.4,790.4,,,,,,,,
2026-03-10T23:38:05,compressed_models/modernbert/dense/mnli/pretrained_base,mnli,validation,,,,bf16,svd,,,,sdpa,sdpa,,,,,,,,,,accuracy,0.322466,63.67,502.6,790.4,790.4,790.4,,,,,,,,
2026-03-10T23:38:05,compressed_models/modernbert/dense/mnli/pretrained_base,mnli,validation,,,,bf16,svd,,,,flashsvd15,flashsvd15,,,,,,,,,,accuracy,0.320734,142.64,224.3,733.8,733.8,733.8,,,,,,,,
2026-03-10T23:39:14,compressed_models/modernbert/dense/qnli/pretrained_base,qnli,validation,,,,bf16,svd,,,,naive,einsum,,,,,,,,,,accuracy,0.494600,63.69,502.5,817.1,817.1,817.1,,,,,,,,
2026-03-10T23:39:14,compressed_models/modernbert/dense/qnli/pretrained_base,qnli,validation,,,,bf16,svd,,,,sdpa,sdpa,,,,,,,,,,accuracy,0.494600,65.77,486.6,817.1,817.1,817.1,,,,,,,,
2026-03-10T23:39:14,compressed_models/modernbert/dense/qnli/pretrained_base,qnli,validation,,,,bf16,svd,,,,flashsvd15,flashsvd15,,,,,,,,,,accuracy,0.494600,140.90,227.1,771.3,771.3,771.3,,,,,,,,
2026-03-10T23:39:37,compressed_models/modernbert/dense/rte/pretrained_base,rte,validation,,,,bf16,svd,,,,naive,einsum,,,,,,,,,,accuracy,0.480144,61.88,517.1,854.6,854.6,854.6,,,,,,,,
2026-03-10T23:39:37,compressed_models/modernbert/dense/rte/pretrained_base,rte,validation,,,,bf16,svd,,,,sdpa,sdpa,,,,,,,,,,accuracy,0.480144,60.08,532.6,854.6,854.6,854.6,,,,,,,,
2026-03-10T23:39:37,compressed_models/modernbert/dense/rte/pretrained_base,rte,validation,,,,bf16,svd,,,,flashsvd15,flashsvd15,,,,,,,,,,accuracy,0.480144,137.89,232.1,808.8,808.8,808.8,,,,,,,,
2026-03-10T23:40:12,compressed_models/modernbert/dense/stsb/pretrained_base,stsb,validation,,,,bf16,svd,,,,naive,einsum,,,,,,,,,,pearson,-0.010772,63.16,506.6,892.1,892.1,892.1,,,,,,,,
2026-03-10T23:40:12,compressed_models/modernbert/dense/stsb/pretrained_base,stsb,validation,,,,bf16,svd,,,,sdpa,sdpa,,,,,,,,,,pearson,-0.010772,64.53,495.9,892.1,892.1,892.1,,,,,,,,
2026-03-10T23:40:12,compressed_models/modernbert/dense/stsb/pretrained_base,stsb,validation,,,,bf16,svd,,,,flashsvd15,flashsvd15,,,,,,,,,,pearson,-0.009639,141.05,226.9,846.7,846.7,846.7,,,,,,,,
2026-03-10T23:40:58,compressed_models/modernbert/dense/cola/pretrained_base,cola,validation,,,,bf16,fwsvd,,,,naive,einsum,,,,,,,,,,matthews_correlation,0.082055,64.08,499.4,660.7,660.7,660.7,,,,,,,,
2026-03-10T23:40:58,compressed_models/modernbert/dense/cola/pretrained_base,cola,validation,,,,bf16,fwsvd,,,,sdpa,sdpa,,,,,,,,,,matthews_correlation,0.082055,63.86,501.1,660.7,660.7,660.7,,,,,,,,
2026-03-10T23:40:58,compressed_models/modernbert/dense/cola/pretrained_base,cola,validation,,,,bf16,fwsvd,,,,flashsvd15,flashsvd15,,,,,,,,,,matthews_correlation,0.075040,139.52,229.4,615.7,615.7,615.7,,,,,,,,
2026-03-10T23:41:26,compressed_models/modernbert/dense/sst2/pretrained_base,sst2,validation,,,,bf16,fwsvd,,,,naive,einsum,,,,,,,,,,accuracy,0.505734,62.60,511.2,698.9,698.9,698.9,,,,,,,,
2026-03-10T23:41:26,compressed_models/modernbert/dense/sst2/pretrained_base,sst2,validation,,,,bf16,fwsvd,,,,sdpa,sdpa,,,,,,,,,,accuracy,0.505734,60.52,528.7,698.9,698.9,698.9,,,,,,,,
2026-03-10T23:41:26,compressed_models/modernbert/dense/sst2/pretrained_base,sst2,validation,,,,bf16,fwsvd,,,,flashsvd15,flashsvd15,,,,,,,,,,accuracy,0.502294,136.26,234.8,655.1,655.1,655.1,,,,,,,,
2026-03-10T23:41:52,compressed_models/modernbert/dense/mrpc/pretrained_base,mrpc,validation,,,,bf16,fwsvd,,,,naive,einsum,,,,,,,,,,f1,0.160256,61.03,524.3,739.1,739.1,739.1,,,,,,,,
2026-03-10T23:41:52,compressed_models/modernbert/dense/mrpc/pretrained_base,mrpc,validation,,,,bf16,fwsvd,,,,sdpa,sdpa,,,,,,,,,,f1,0.160256,63.72,502.2,739.1,739.1,739.1,,,,,,,,
2026-03-10T23:41:52,compressed_models/modernbert/dense/mrpc/pretrained_base,mrpc,validation,,,,bf16,fwsvd,,,,flashsvd15,flashsvd15,,,,,,,,,,f1,0.166667,138.76,230.6,693.3,693.3,693.3,,,,,,,,
2026-03-10T23:47:57,compressed_models/modernbert/dense/qqp/pretrained_base,qqp,validation,,,,bf16,fwsvd,,,,naive,einsum,,,,,,,,,,f1,0.489582,62.55,511.6,776.6,776.6,776.6,,,,,,,,
2026-03-10T23:47:57,compressed_models/modernbert/dense/qqp/pretrained_base,qqp,validation,,,,bf16,fwsvd,,,,sdpa,sdpa,,,,,,,,,,f1,0.489582,61.8 0,517.8,776.6,776.6,776.6,,,,,,,,
2026-03-10T23:47:57,compressed_models/modernbert/dense/qqp/pretrained_base,qqp,validation,,,,bf16,fwsvd,,,,flashsvd15,flashsvd15,,,,,,,,,,f1,0.489034,141.34,226.4,731.2,731.2,731.2,,,,,,,,
2026-03-10T23:49:41,compressed_models/modernbert/dense/mnli/pretrained_base,mnli,validation,,,,bf16,fwsvd,,,,naive,einsum,,,,,,,,,,accuracy,0.338665,62.95,508.3,814.4,814.4,814.4,,,,,,,,
2026-03-10T23:49:41,compressed_models/modernbert/dense/mnli/pretrained_base,mnli,validation,,,,bf16,fwsvd,,,,sdpa,sdpa,,,,,,,,,,accuracy,0.338665,63.02,507.8,814.4,814.4,814.4,,,,,,,,
2026-03-10T23:49:41,compressed_models/modernbert/dense/mnli/pretrained_base,mnli,validation,,,,bf16,fwsvd,,,,flashsvd15,flashsvd15,,,,,,,,,,accuracy,0.339379,140.28,228.1,768.7,768.7,768.7,,,,,,,,
2026-03-10T23:50:48,compressed_models/modernbert/dense/qnli/pretrained_base,qnli,validation,,,,bf16,fwsvd,,,,naive,einsum,,,,,,,,,,accuracy,0.516017,61.92,516.8,851.9,851.9,851.9,,,,,,,,
2026-03-10T23:50:48,compressed_models/modernbert/dense/qnli/pretrained_base,qnli,validation,,,,bf16,fwsvd,,,,sdpa,sdpa,,,,,,,,,,accuracy,0.516017,61.82,517.6,851.9,851.9,851.9,,,,,,,,
2026-03-10T23:50:48,compressed_models/modernbert/dense/qnli/pretrained_base,qnli,validation,,,,bf16,fwsvd,,,,flashsvd15,flashsvd15,,,,,,,,,,accuracy,0.516383,140.94,227.0,806.2,806.2,806.2,,,,,,,,
2026-03-10T23:51:10,compressed_models/modernbert/dense/rte/pretrained_base,rte,validation,,,,bf16,fwsvd,,,,naive,einsum,,,,,,,,,,accuracy,0.530686,60.97,524.8,889.4,889.4,889.4,,,,,,,,
2026-03-10T23:51:10,compressed_models/modernbert/dense/rte/pretrained_base,rte,validation,,,,bf16,fwsvd,,,,sdpa,sdpa,,,,,,,,,,accuracy,0.530686,60.56,528.4,889.4,889.4,889.4,,,,,,,,
2026-03-10T23:51:10,compressed_models/modernbert/dense/rte/pretrained_base,rte,validation,,,,bf16,fwsvd,,,,flashsvd15,flashsvd15,,,,,,,,,,accuracy,0.530686,136.08,235.2,848.4,848.4,848.4,,,,,,,,
2026-03-10T23:51:44,compressed_models/modernbert/dense/stsb/pretrained_base,stsb,validation,,,,bf16,fwsvd,,,,naive,einsum,,,,,,,,,,pearson,-0.056276,62.69,510.5,931.6,931.6,931.6,,,,,,,,
2026-03-10T23:51:44,compressed_models/modernbert/dense/stsb/pretrained_base,stsb,validation,,,,bf16,fwsvd,,,,sdpa,sdpa,,,,,,,,,,pearson,-0.056276,62.64,510.9,931.6,931.6,931.6,,,,,,,,
2026-03-10T23:51:44,compressed_models/modernbert/dense/stsb/pretrained_base,stsb,validation,,,,bf16,fwsvd,,,,flashsvd15,flashsvd15,,,,,,,,,,pearson,-0.020083,139.35,229.6,863.0,863.0,863.0,,,,,,,,
2026-03-10T23:52:28,compressed_models/modernbert/dense/cola/pretrained_base,cola,validation,,,,bf16,drone,,,,naive,einsum,,,,,,,,,,matthews_correlation,0.029292,62.51,511.9,660.7,660.7,660.7,,,,,,,,
2026-03-10T23:52:28,compressed_models/modernbert/dense/cola/pretrained_base,cola,validation,,,,bf16,drone,,,,sdpa,sdpa,,,,,,,,,,matthews_correlation,0.029292,61.71,518.6,660.7,660.7,660.7,,,,,,,,
2026-03-10T23:52:28,compressed_models/modernbert/dense/cola/pretrained_base,cola,validation,,,,bf16,drone,,,,flashsvd15,flashsvd15,,,,,,,,,,matthews_correlation,0.029292,140.66,227.5,615.7,615.7,615.7,,,,,,,,
2026-03-10T23:52:56,compressed_models/modernbert/dense/sst2/pretrained_base,sst2,validation,,,,bf16,drone,,,,naive,einsum,,,,,,,,,,accuracy,0.746560,62.12,515.1,698.9,698.9,698.9,,,,,,,,
2026-03-10T23:52:56,compressed_models/modernbert/dense/sst2/pretrained_base,sst2,validation,,,,bf16,drone,,,,sdpa,sdpa,,,,,,,,,,accuracy,0.746560,60.58,528.2,698.9,698.9,698.9,,,,,,,,
2026-03-10T23:52:56,compressed_models/modernbert/dense/sst2/pretrained_base,sst2,validation,,,,bf16,drone,,,,flashsvd15,flashsvd15,,,,,,,,,,accuracy,0.744266,135.25,236.6,655.1,655.1,655.1,,,,,,,,
2026-03-10T23:53:20,compressed_models/modernbert/dense/mrpc/pretrained_base,mrpc,validation,,,,bf16,drone,,,,naive,einsum,,,,,,,,,,f1,0.744102,62.01,516.1,739.1,739.1,739.1,,,,,,,,
2026-03-10T23:53:20,compressed_models/modernbert/dense/mrpc/pretrained_base,mrpc,validation,,,,bf16,drone,,,,sdpa,sdpa,,,,,,,,,,f1,0.744102,60.03,533.1,739.1,739.1,739.1,,,,,,,,
2026-03-10T23:53:20,compressed_models/modernbert/dense/mrpc/pretrained_base,mrpc,validation,,,,bf16,drone,,,,flashsvd15,flashsvd15,,,,,,,,,,f1,0.731261,136.41,234.6,693.3,693.3,693.3,,,,,,,,
2026-03-10T23:59:25,compressed_models/modernbert/dense/qqp/pretrained_base,qqp,validation,,,,bf16,drone,,,,naive,einsum,,,,,,,,,,f1,0.571089,61.71,518.6,776.6,776.6,776.6,,,,,,,,
2026-03-10T23:59:25,compressed_models/modernbert/dense/qqp/pretrained_base,qqp,validation,,,,bf16,drone,,,,sdpa,sdpa,,,,,,,,,,f1,0.571089,62.18,514.7,776.6,776.6,776.6,,,,,,,,
2026-03-10T23:59:25,compressed_models/modernbert/dense/qqp/pretrained_base,qqp,validation,,,,bf16,drone,,,,flashsvd15,flashsvd15,,,,,,,,,,f1,0.571559,141.25,226.5,731.0,731.0,731.0,,,,,,,,
2026-03-11T00:01:11,compressed_models/modernbert/dense/mnli/pretrained_base,mnli,validation,,,,bf16,drone,,,,naive,einsum,,,,,,,,,,accuracy,0.408355,63.22,506.2,814.3,814.3,814.3,,,,,,,,
2026-03-11T00:01:11,compressed_models/modernbert/dense/mnli/pretrained_base,mnli,validation,,,,bf16,drone,,,,sdpa,sdpa,,,,,,,,,,accuracy,0.408355,62.64,510.8,814.3,814.3,814.3,,,,,,,,
2026-03-11T00:01:11,compressed_models/modernbert/dense/mnli/pretrained_base,mnli,validation,,,,bf16,drone,,,,flashsvd15,flashsvd15,,,,,,,,,,accuracy,0.408864,142.35,224.8,769.4,769.4,769.4,,,,,,,,
2026-03-11T00:02:20,compressed_models/modernbert/dense/qnli/pretrained_base,qnli,validation,,,,bf16,drone,,,,naive,einsum,,,,,,,,,,accuracy,0.495149,63.70,502.4,852.7,852.7,852.7,,,,,,,,
2026-03-11T00:02:20,compressed_models/modernbert/dense/qnli/pretrained_base,qnli,validation,,,,bf16,drone,,,,sdpa,sdpa,,,,,,,,,,accuracy,0.495149,63.64,502.8,852.7,852.7,852.7,,,,,,,,
2026-03-11T00:02:20,compressed_models/modernbert/dense/qnli/pretrained_base,qnli,validation,,,,bf16,drone,,,,flashsvd15,flashsvd15,,,,,,,,,,accuracy,0.494966,140.87,227.2,807.3,807.3,807.3,,,,,,,,
2026-03-11T00:02:44,compressed_models/modernbert/dense/rte/pretrained_base,rte,validation,,,,bf16,drone,,,,naive,einsum,,,,,,,,,,accuracy,0.527076,65.40,489.3,890.6,890.6,890.6,,,,,,,,
2026-03-11T00:02:44,compressed_models/modernbert/dense/rte/pretrained_base,rte,validation,,,,bf16,drone,,,,sdpa,sdpa,,,,,,,,,,accuracy,0.527076,62.01,516.1,890.6,890.6,890.6,,,,,,,,
2026-03-11T00:02:44,compressed_models/modernbert/dense/rte/pretrained_base,rte,validation,,,,bf16,drone,,,,flashsvd15,flashsvd15,,,,,,,,,,accuracy,0.527076,136.08,235.2,844.8,844.8,844.8,,,,,,,,
2026-03-11T00:03:20,compressed_models/modernbert/dense/stsb/pretrained_base,stsb,validation,,,,bf16,drone,,,,naive,einsum,,,,,,,,,,pearson,0.382235,65.56,488.1,928.1,928.1,928.1,,,,,,,,
2026-03-11T00:03:20,compressed_models/modernbert/dense/stsb/pretrained_base,stsb,validation,,,,bf16,drone,,,,sdpa,sdpa,,,,,,,,,,pearson,0.382235,66.75,479.4,928.1,928.1,928.1,,,,,,,,
2026-03-11T00:03:20,compressed_models/modernbert/dense/stsb/pretrained_base,stsb,validation,,,,bf16,drone,,,,flashsvd15,flashsvd15,,,,,,,,,,pearson,0.381880,141.32,226.4,882.7,882.7,882.7,,,,,,,,
2026-03-11T00:04:18,compressed_models/modernbert/dense/cola/pretrained_base,cola,validation,,,,bf16,adasvd,,0.527,,naive,einsum,,,,,,,,,,matthews_correlation,-0.041127,73.58,434.9,785.8,785.8,785.8,,,,,,,,
2026-03-11T00:04:18,compressed_models/modernbert/dense/cola/pretrained_base,cola,validation,,,,bf16,adasvd,,0.527,,sdpa,sdpa,,,,,,,,,,matthews_correlation,-0.041127,71.68,446.4,785.8,785.8,785.8,,,,,,,,
2026-03-11T00:04:18,compressed_models/modernbert/dense/cola/pretrained_base,cola,validation,,,,bf16,adasvd,,0.527,,flashsvd15,flashsvd15,,,,,,,,,,matthews_correlation,-0.047735,234.32,136.6,741.3,741.3,741.3,,,,,,,,
2026-03-11T00:04:55,compressed_models/modernbert/dense/sst2/pretrained_base,sst2,validation,,,,bf16,adasvd,,0.527,,naive,einsum,,,,,,,,,,accuracy,0.571101,71.78,445.8,818.1,818.1,818.1,,,,,,,,
2026-03-11T00:04:55,compressed_models/modernbert/dense/sst2/pretrained_base,sst2,validation,,,,bf16,adasvd,,0.527,,sdpa,sdpa,,,,,,,,,,accuracy,0.571101,69.93,457.6,818.1,818.1,818.1,,,,,,,,
2026-03-11T00:04:55,compressed_models/modernbert/dense/sst2/pretrained_base,sst2,validation,,,,bf16,adasvd,,0.527,,flashsvd15,flashsvd15,,,,,,,,,,accuracy,0.571101,219.30,145.9,772.8,772.8,772.8,,,,,,,,
2026-03-11T00:05:29,compressed_models/modernbert/dense/mrpc/pretrained_base,mrpc,validation,,,,bf16,adasvd,,0.527,,naive,einsum,,,,,,,,,,f1,0.007143,71.57,447.1,865.1,865.1,865.1,,,,,,,,
2026-03-11T00:05:29,compressed_models/modernbert/dense/mrpc/pretrained_base,mrpc,validation,,,,bf16,adasvd,,0.527,,sdpa,sdpa,,,,,,,,,,f1,0.007143,71.55,447.2,865.1,865.1,865.1,,,,,,,,
2026-03-11T00:05:29,compressed_models/modernbert/dense/mrpc/pretrained_base,mrpc,validation,,,,bf16,adasvd,,0.527,,flashsvd15,flashsvd15,,,,,,,,,,f1,0.007143,236.07,135.6,819.6,819.6,819.6,,,,,,,,
2026-03-11T00:13:58,compressed_models/modernbert/dense/qqp/pretrained_base,qqp,validation,,,,bf16,adasvd,,0.527,,naive,einsum,,,,,,,,,,f1,0.570826,73.26,436.8,897.9,897.9,897.9,,,,,,,,
2026-03-11T00:13:58,compressed_models/modernbert/dense/qqp/pretrained_base,qqp,validation,,,,bf16,adasvd,,0.527,,sdpa,sdpa,,,,,,,,,,f1,0.570826,72.98,438.5,897.9,897.9,897.9,,,,,,,,
2026-03-11T00:13:58,compressed_models/modernbert/dense/qqp/pretrained_base,qqp,validation,,,,bf16,adasvd,,0.527,,flashsvd15,flashsvd15,,,,,,,,,,f1,0.572016,228.18,140.2,853.1,853.1,853.1,,,,,,,,
2026-03-11T00:16:25,compressed_models/modernbert/dense/mnli/pretrained_base,mnli,validation,,,,bf16,adasvd,,0.527,,naive,einsum,,,,,,,,,,accuracy,0.403668,72.35,442.3,939.8,939.8,939.8,,,,,,,,
2026-03-11T00:16:25,compressed_models/modernbert/dense/mnli/pretrained_base,mnli,validation,,,,bf16,adasvd,,0.527,,sdpa,sdpa,,,,,,,,,,accuracy,0.403668,72.54,441.1,939.8,939.8,939.8,,,,,,,,
2026-03-11T00:16:25,compressed_models/modernbert/dense/mnli/pretrained_base,mnli,validation,,,,bf16,adasvd,,0.527,,flashsvd15,flashsvd15,,,,,,,,,,accuracy,0.403057,231.71,138.1,895.2,895.2,895.2,,,,,,,,
2026-03-11T00:18:02,compressed_models/modernbert/dense/qnli/pretrained_base,qnli,validation,,,,bf16,adasvd,,0.527,,naive,einsum,,,,,,,,,,accuracy,0.547684,77.13,414.9,982.1,982.1,982.1,,,,,,,,
2026-03-11T00:18:02,compressed_models/modernbert/dense/qnli/pretrained_base,qnli,validation,,,,bf16,adasvd,,0.527,,sdpa,sdpa,,,,,,,,,,accuracy,0.547684,73.07,437.9,982.1,982.1,982.1,,,,,,,,
2026-03-11T00:18:02,compressed_models/modernbert/dense/qnli/pretrained_base,qnli,validation,,,,bf16,adasvd,,0.527,,flashsvd15,flashsvd15,,,,,,,,,,accuracy,0.546403,235.72,135.8,936.7,936.7,936.7,,,,,,,,
2026-03-11T00:18:33,compressed_models/modernbert/dense/rte/pretrained_base,rte,validation,,,,bf16,adasvd,,0.527,,naive,einsum,,,,,,,,,,accuracy,0.472924,70.85,451.6,1012.3,1012.3,1012.3,,,,,,,,
2026-03-11T00:18:33,compressed_models/modernbert/dense/rte/pretrained_base,rte,validation,,,,bf16,adasvd,,0.527,,sdpa,sdpa,,,,,,,,,,accuracy,0.472924,71.35,448.5,1012.3,1012.3,1012.3,,,,,,,,
2026-03-11T00:18:33,compressed_models/modernbert/dense/rte/pretrained_base,rte,validation,,,,bf16,adasvd,,0.527,,flashsvd15,flashsvd15,,,,,,,,,,accuracy,0.472924,212.26,150.8,967.5,967.5,967.5,,,,,,,,
2026-03-11T00:19:24,compressed_models/modernbert/dense/stsb/pretrained_base,stsb,validation,,,,bf16,adasvd,,0.527,,naive,einsum,,,,,,,,,,pearson,0.343664,73.39,436.0,1081.2,1081.2,1081.2,,,,,,,,
2026-03-11T00:19:24,compressed_models/modernbert/dense/stsb/pretrained_base,stsb,validation,,,,bf16,adasvd,,0.527,,sdpa,sdpa,,,,,,,,,,pearson,0.343664,73.32,436.4,1081.2,1081.2,1081.2,,,,,,,,
2026-03-11T00:19:24,compressed_models/modernbert/dense/stsb/pretrained_base,stsb,validation,,,,bf16,adasvd,,0.527,,flashsvd15,flashsvd15,,,,,,,,,,pearson,0.346050,262.07,122.1,1035.6,1035.6,1035.6,,,,,,,,
2026-03-11T00:20:51,compressed_models/modernbert/dense/boolq/pretrained_base,boolq,validation,,,,bf16,svd,,,,naive,einsum,,,,,,,,,,accuracy,0.607645,62.97,508.2,660.7,660.7,660.7,,,,,,,,
2026-03-11T00:20:51,compressed_models/modernbert/dense/boolq/pretrained_base,boolq,validation,,,,bf16,svd,,,,sdpa,sdpa,,,,,,,,,,accuracy,0.607645,62.83,509.3,660.7,660.7,660.7,,,,,,,,
2026-03-11T00:20:51,compressed_models/modernbert/dense/boolq/pretrained_base,boolq,validation,,,,bf16,svd,,,,flashsvd15,flashsvd15,,,,,,,,,,accuracy,0.607951,142.45,224.6,615.7,615.7,615.7,,,,,,,,
2026-03-11T00:21:15,compressed_models/modernbert/dense/rte_sg/pretrained_base,rte_sg,validation,,,,bf16,svd,,,,naive,einsum,,,,,,,,,,accuracy,0.465704,60.29,530.7,698.9,698.9,698.9,,,,,,,,
2026-03-11T00:21:15,compressed_models/modernbert/dense/rte_sg/pretrained_base,rte_sg,validation,,,,bf16,svd,,,,sdpa,sdpa,,,,,,,,,,accuracy,0.465704,60.40,529.8,698.9,698.9,698.9,,,,,,,,
2026-03-11T00:21:15,compressed_models/modernbert/dense/rte_sg/pretrained_base,rte_sg,validation,,,,bf16,svd,,,,flashsvd15,flashsvd15,,,,,,,,,,accuracy,0.472924,136.85,233.8,655.1,655.1,655.1,,,,,,,,
2026-03-11T00:21:44,compressed_models/modernbert/dense/wic/pretrained_base,wic,validation,,,,bf16,svd,,,,naive,einsum,,,,,,,,,,accuracy,0.501567,67.40,474.8,739.1,739.1,739.1,,,,,,,,
2026-03-11T00:21:44,compressed_models/modernbert/dense/wic/pretrained_base,wic,validation,,,,bf16,svd,,,,sdpa,sdpa,,,,,,,,,,accuracy,0.501567,67.14,476.6,739.1,739.1,739.1,,,,,,,,
2026-03-11T00:21:44,compressed_models/modernbert/dense/wic/pretrained_base,wic,validation,,,,bf16,svd,,,,flashsvd15,flashsvd15,,,,,,,,,,accuracy,0.501567,142.72,224.2,693.3,693.3,693.3,,,,,,,,
2026-03-11T00:22:04,compressed_models/modernbert/dense/cb/pretrained_base,cb,validation,,,,bf16,svd,,,,naive,einsum,,,,,,,,,,accuracy,0.410714,58.33,548.6,776.6,776.6,776.6,,,,,,,,
2026-03-11T00:22:04,compressed_models/modernbert/dense/cb/pretrained_base,cb,validation,,,,bf16,svd,,,,sdpa,sdpa,,,,,,,,,,accuracy,0.410714,54.96,582.2,776.6,776.6,776.6,,,,,,,,
2026-03-11T00:22:04,compressed_models/modernbert/dense/cb/pretrained_base,cb,validation,,,,bf16,svd,,,,flashsvd15,flashsvd15,,,,,,,,,,accuracy,0.410714,125.08,255.8,731.2,731.2,731.2,,,,,,,,
2026-03-11T00:23:10,compressed_models/modernbert/dense/boolq/pretrained_base,boolq,validation,,,,bf16,fwsvd,,,,naive,einsum,,,,,,,,,,accuracy,0.618960,64.80,493.8,660.7,660.7,660.7,,,,,,,,
2026-03-11T00:23:10,compressed_models/modernbert/dense/boolq/pretrained_base,boolq,validation,,,,bf16,fwsvd,,,,sdpa,sdpa,,,,,,,,,,accuracy,0.618960,62.92,508.6,660.7,660.7,660.7,,,,,,,,
2026-03-11T00:23:10,compressed_models/modernbert/dense/boolq/pretrained_base,boolq,validation,,,,bf16,fwsvd,,,,flashsvd15,flashsvd15,,,,,,,,,,accuracy,0.619572,141.70,225.8,615.7,615.7,615.7,,,,,,,,
2026-03-11T00:23:33,compressed_models/modernbert/dense/rte_sg/pretrained_base,rte_sg,validation,,,,bf16,fwsvd,,,,naive,einsum,,,,,,,,,,accuracy,0.465704,64.16,498.8,698.9,698.9,698.9,,,,,,,,
2026-03-11T00:23:33,compressed_models/modernbert/dense/rte_sg/pretrained_base,rte_sg,validation,,,,bf16,fwsvd,,,,sdpa,sdpa,,,,,,,,,,accuracy,0.465704,59.57,537.2,698.9,698.9,698.9,,,,,,,,
2026-03-11T00:23:33,compressed_models/modernbert/dense/rte_sg/pretrained_base,rte_sg,validation,,,,bf16,fwsvd,,,,flashsvd15,flashsvd15,,,,,,,,,,accuracy,0.465704,136.14,235.0,655.1,655.1,655.1,,,,,,,,
2026-03-11T00:24:00,compressed_models/modernbert/dense/wic/pretrained_base,wic,validation,,,,bf16,fwsvd,,,,naive,einsum,,,,,,,,,,accuracy,0.498433,64.24,498.2,739.1,739.1,739.1,,,,,,,,
2026-03-11T00:24:00,compressed_models/modernbert/dense/wic/pretrained_base,wic,validation,,,,bf16,fwsvd,,,,sdpa,sdpa,,,,,,,,,,accuracy,0.498433,63.72,502.2,739.1,739.1,739.1,,,,,,,,
2026-03-11T00:24:00,compressed_models/modernbert/dense/wic/pretrained_base,wic,validation,,,,bf16,fwsvd,,,,flashsvd15,flashsvd15,,,,,,,,,,accuracy,0.495298,139.97,228.6,693.3,693.3,693.3,,,,,,,,
2026-03-11T00:24:20,compressed_models/modernbert/dense/cb/pretrained_base,cb,validation,,,,bf16,fwsvd,,,,naive,einsum,,,,,,,,,,accuracy,0.410714,59.89,534.3,776.6,776.6,776.6,,,,,,,,
2026-03-11T00:24:20,compressed_models/modernbert/dense/cb/pretrained_base,cb,validation,,,,bf16,fwsvd,,,,sdpa,sdpa,,,,,,,,,,accuracy,0.410714,56.01,571.3,776.6,776.6,776.6,,,,,,,,
2026-03-11T00:24:20,compressed_models/modernbert/dense/cb/pretrained_base,cb,validation,,,,bf16,fwsvd,,,,flashsvd15,flashsvd15,,,,,,,,,,accuracy,0.392857,129.20,247.7,731.2,731.2,731.2,,,,,,,,
2026-03-11T00:25:24,compressed_models/modernbert/dense/boolq/pretrained_base,boolq,validation,,,,bf16,drone,,,,naive,einsum,,,,,,,,,,accuracy,0.621713,62.89,508.8,660.7,660.7,660.7,,,,,,,,
2026-03-11T00:25:24,compressed_models/modernbert/dense/boolq/pretrained_base,boolq,validation,,,,bf16,drone,,,,sdpa,sdpa,,,,,,,,,,accuracy,0.621713,62.57,511.4,660.7,660.7,660.7,,,,,,,,
2026-03-11T00:25:24,compressed_models/modernbert/dense/boolq/pretrained_base,boolq,validation,,,,bf16,drone,,,,flashsvd15,flashsvd15,,,,,,,,,,accuracy,0.621713,141.82,225.6,615.7,615.7,615.7,,,,,,,,
2026-03-11T00:25:47,compressed_models/modernbert/dense/rte_sg/pretrained_base,rte_sg,validation,,,,bf16,drone,,,,naive,einsum,,,,,,,,,,accuracy,0.527076,62.93,508.5,698.9,698.9,698.9,,,,,,,,
2026-03-11T00:25:47,compressed_models/modernbert/dense/rte_sg/pretrained_base,rte_sg,validation,,,,bf16,drone,,,,sdpa,sdpa,,,,,,,,,,accuracy,0.527076,62.77,509.8,698.9,698.9,698.9,,,,,,,,
2026-03-11T00:25:47,compressed_models/modernbert/dense/rte_sg/pretrained_base,rte_sg,validation,,,,bf16,drone,,,,flashsvd15,flashsvd15,,,,,,,,,,accuracy,0.527076,136.34,234.7,655.1,655.1,655.1,,,,,,,,
2026-03-11T00:26:29,compressed_models/modernbert/dense/cb/pretrained_base,cb,validation,,,,bf16,drone,,,,naive,einsum,,,,,,,,,,accuracy,0.464286,56.02,571.2,739.1,739.1,739.1,,,,,,,,
2026-03-11T00:26:29,compressed_models/modernbert/dense/cb/pretrained_base,cb,validation,,,,bf16,drone,,,,sdpa,sdpa,,,,,,,,,,accuracy,0.464286,56.28,568.6,739.1,739.1,739.1,,,,,,,,
2026-03-11T00:26:29,compressed_models/modernbert/dense/cb/pretrained_base,cb,validation,,,,bf16,drone,,,,flashsvd15,flashsvd15,,,,,,,,,,accuracy,0.464286,124.20,257.6,693.3,693.3,693.3,,,,,,,,
2026-03-11T00:27:47,compressed_models/modernbert/dense/boolq/pretrained_base,boolq,validation,,,,bf16,adasvd,,0.527,,naive,einsum,,,,,,,,,,accuracy,0.583486,71.05,450.4,779.8,779.8,779.8,,,,,,,,
2026-03-11T00:27:47,compressed_models/modernbert/dense/boolq/pretrained_base,boolq,validation,,,,bf16,adasvd,,0.527,,sdpa,sdpa,,,,,,,,,,accuracy,0.583486,71.46,447.8,779.8,779.8,779.8,,,,,,,,
2026-03-11T00:27:47,compressed_models/modernbert/dense/boolq/pretrained_base,boolq,validation,,,,bf16,adasvd,,0.527,,flashsvd15,flashsvd15,,,,,,,,,,accuracy,0.584709,222.98,143.5,735.2,735.2,735.2,,,,,,,,
2026-03-11T00:28:17,compressed_models/modernbert/dense/rte_sg/pretrained_base,rte_sg,validation,,,,bf16,adasvd,,0.527,,naive,einsum,,,,,,,,,,accuracy,0.527076,71.21,449.4,824.3,824.3,824.3,,,,,,,,
2026-03-11T00:28:17,compressed_models/modernbert/dense/rte_sg/pretrained_base,rte_sg,validation,,,,bf16,adasvd,,0.527,,sdpa,sdpa,,,,,,,,,,accuracy,0.527076,70.27,455.4,824.3,824.3,824.3,,,,,,,,
2026-03-11T00:28:17,compressed_models/modernbert/dense/rte_sg/pretrained_base,rte_sg,validation,,,,bf16,adasvd,,0.527,,flashsvd15,flashsvd15,,,,,,,,,,accuracy,0.527076,222.96,143.5,779.3,779.3,779.3,,,,,,,,
2026-03-11T00:28:53,compressed_models/modernbert/dense/wic/pretrained_base,wic,validation,,,,bf16,adasvd,,0.527,,naive,einsum,,,,,,,,,,accuracy,0.521944,71.08,450.2,866.2,866.2,866.2,,,,,,,,
2026-03-11T00:28:53,compressed_models/modernbert/dense/wic/pretrained_base,wic,validation,,,,bf16,adasvd,,0.527,,sdpa,sdpa,,,,,,,,,,accuracy,0.521944,73.35,436.3,866.2,866.2,866.2,,,,,,,,
2026-03-11T00:28:53,compressed_models/modernbert/dense/wic/pretrained_base,wic,validation,,,,bf16,adasvd,,0.527,,flashsvd15,flashsvd15,,,,,,,,,,accuracy,0.521944,236.16,135.5,820.8,820.8,820.8,,,,,,,,
2026-03-11T00:29:19,compressed_models/modernbert/dense/cb/pretrained_base,cb,validation,,,,bf16,adasvd,,0.527,,naive,einsum,,,,,,,,,,accuracy,0.660714,63.89,500.9,902.7,902.7,902.7,,,,,,,,
2026-03-11T00:29:19,compressed_models/modernbert/dense/cb/pretrained_base,cb,validation,,,,bf16,adasvd,,0.527,,sdpa,sdpa,,,,,,,,,,accuracy,0.660714,64.58,495.5,902.7,902.7,902.7,,,,,,,,
2026-03-11T00:29:19,compressed_models/modernbert/dense/cb/pretrained_base,cb,validation,,,,bf16,adasvd,,0.527,,flashsvd15,flashsvd15,,,,,,,,,,accuracy,0.660714,210.34,152.1,858.3,858.3,858.3,,,,,,,,
2026-03-11T00:30:25,answerdotai/ModernBERT-base,copa,validation,,,,bf16,svd,,,,naive,einsum,,,,,,,,,,accuracy,0.530000,125.77,508.9,1168.9,1168.9,1168.9,,,,,,,,
2026-03-11T00:30:25,answerdotai/ModernBERT-base,copa,validation,,,,bf16,svd,,,,sdpa,sdpa,,,,,,,,,,accuracy,0.530000,125.10,511.6,1168.9,1168.9,1168.9,,,,,,,,
2026-03-11T00:30:25,answerdotai/ModernBERT-base,copa,validation,,,,bf16,svd,,,,flashsvd15,flashsvd15,,,,,,,,,,accuracy,0.480000,236.07,271.1,1039.6,1039.6,1039.6,,,,,,,,
2026-03-11T00:35:12,answerdotai/ModernBERT-base,hans,validation,,,,bf16,svd,,,,naive,einsum,,,,,,,,,,accuracy,0.515067,63.12,507.0,698.6,698.6,698.6,,,,,,,,
2026-03-11T00:35:12,answerdotai/ModernBERT-base,hans,validation,,,,bf16,svd,,,,sdpa,sdpa,,,,,,,,,,accuracy,0.515067,62.77,509.8,698.6,698.6,698.6,,,,,,,,
2026-03-11T00:35:12,answerdotai/ModernBERT-base,hans,validation,,,,bf16,svd,,,,flashsvd15,flashsvd15,,,,,,,,,,accuracy,0.515400,142.51,224.5,653.6,653.6,653.6,,,,,,,,
2026-03-11T00:36:07,compressed_models/modernbert/dense/mnli/pretrained_base,copa,validation,,,,bf16,fwsvd,,,,naive,einsum,,,,,,,,,,accuracy,0.490000,126.08,507.6,1168.9,1168.9,1168.9,,,,,,,,
2026-03-11T00:36:07,compressed_models/modernbert/dense/mnli/pretrained_base,copa,validation,,,,bf16,fwsvd,,,,sdpa,sdpa,,,,,,,,,,accuracy,0.490000,124.81,512.8,1168.9,1168.9,1168.9,,,,,,,,
2026-03-11T00:36:07,compressed_models/modernbert/dense/mnli/pretrained_base,copa,validation,,,,bf16,fwsvd,,,,flashsvd15,flashsvd15,,,,,,,,,,accuracy,0.490000,237.44,269.5,1039.6,1039.6,1039.6,,,,,,,,
2026-03-11T00:40:56,compressed_models/modernbert/dense/mnli/pretrained_base,hans,validation,,,,bf16,fwsvd,,,,naive,einsum,,,,,,,,,,accuracy,0.472867,64.04,499.7,698.6,698.6,698.6,,,,,,,,
2026-03-11T00:40:56,compressed_models/modernbert/dense/mnli/pretrained_base,hans,validation,,,,bf16,fwsvd,,,,sdpa,sdpa,,,,,,,,,,accuracy,0.472867,64.16,498.8,698.6,698.6,698.6,,,,,,,,
2026-03-11T00:40:56,compressed_models/modernbert/dense/mnli/pretrained_base,hans,validation,,,,bf16,fwsvd,,,,flashsvd15,flashsvd15,,,,,,,,,,accuracy,0.472567,142.83,224.0,653.6,653.6,653.6,,,,,,,,
2026-03-11T00:41:27,compressed_models/modernbert/dense/mnli/pretrained_base,anli_r1,validation,,,,bf16,fwsvd,,,,naive,einsum,,,,,,,,,,accuracy,0.348000,64.62,495.2,736.8,736.8,736.8,,,,,,,,
2026-03-11T00:41:27,compressed_models/modernbert/dense/mnli/pretrained_base,anli_r1,validation,,,,bf16,fwsvd,,,,sdpa,sdpa,,,,,,,,,,accuracy,0.348000,62.74,510.0,736.8,736.8,736.8,,,,,,,,
2026-03-11T00:41:27,compressed_models/modernbert/dense/mnli/pretrained_base,anli_r1,validation,,,,bf16,fwsvd,,,,flashsvd15,flashsvd15,,,,,,,,,,accuracy,0.345000,140.28,228.1,691.3,691.3,691.3,,,,,,,,
2026-03-11T00:41:57,compressed_models/modernbert/dense/mnli/pretrained_base,anli_r2,validation,,,,bf16,fwsvd,,,,naive,einsum,,,,,,,,,,accuracy,0.358000,65.75,486.7,774.5,774.5,774.5,,,,,,,,
2026-03-11T00:41:57,compressed_models/modernbert/dense/mnli/pretrained_base,anli_r2,validation,,,,bf16,fwsvd,,,,sdpa,sdpa,,,,,,,,,,accuracy,0.358000,63.90,500.8,774.5,774.5,774.5,,,,,,,,
2026-03-11T00:41:57,compressed_models/modernbert/dense/mnli/pretrained_base,anli_r2,validation,,,,bf16,fwsvd,,,,flashsvd15,flashsvd15,,,,,,,,,,accuracy,0.354000,142.06,225.3,716.9,716.9,716.9,,,,,,,,
2026-03-11T00:42:29,compressed_models/modernbert/dense/mnli/pretrained_base,anli_r3,validation,,,,bf16,fwsvd,,,,naive,einsum,,,,,,,,,,accuracy,0.341667,62.24,514.1,800.2,800.2,800.2,,,,,,,,
2026-03-11T00:42:29,compressed_models/modernbert/dense/mnli/pretrained_base,anli_r3,validation,,,,bf16,fwsvd,,,,sdpa,sdpa,,,,,,,,,,accuracy,0.341667,62.94,508.4,800.2,800.2,800.2,,,,,,,,
2026-03-11T00:42:29,compressed_models/modernbert/dense/mnli/pretrained_base,anli_r3,validation,,,,bf16,fwsvd,,,,flashsvd15,flashsvd15,,,,,,,,,,accuracy,0.344167,139.83,228.8,754.4,754.4,754.4,,,,,,,,
2026-03-11T00:43:20,answerdotai/ModernBERT-base,copa,validation,,,,bf16,drone,,,,naive,einsum,,,,,,,,,,accuracy,0.480000,124.23,515.2,1168.9,1168.9,1168.9,,,,,,,,
2026-03-11T00:43:20,answerdotai/ModernBERT-base,copa,validation,,,,bf16,drone,,,,sdpa,sdpa,,,,,,,,,,accuracy,0.480000,124.14,515.5,1168.9,1168.9,1168.9,,,,,,,,
2026-03-11T00:43:20,answerdotai/ModernBERT-base,copa,validation,,,,bf16,drone,,,,flashsvd15,flashsvd15,,,,,,,,,,accuracy,0.500000,236.50,270.6,1039.6,1039.6,1039.6,,,,,,,,
2026-03-11T00:48:08,answerdotai/ModernBERT-base,hans,validation,,,,bf16,drone,,,,naive,einsum,,,,,,,,,,accuracy,0.509933,63.12,507.0,698.6,698.6,698.6,,,,,,,,
2026-03-11T00:48:08,answerdotai/ModernBERT-base,hans,validation,,,,bf16,drone,,,,sdpa,sdpa,,,,,,,,,,accuracy,0.509933,63.54,503.6,698.6,698.6,698.6,,,,,,,,
2026-03-11T00:48:08,answerdotai/ModernBERT-base,hans,validation,,,,bf16,drone,,,,flashsvd15,flashsvd15,,,,,,,,,,accuracy,0.510467,141.90,225.5,653.6,653.6,653.6,,,,,,,,
2026-03-11T00:49:14,compressed_models/modernbert/dense/mnli/pretrained_base,copa,validation,,,,bf16,adasvd,,0.527,,naive,einsum,,,,,,,,,,accuracy,0.560000,140.77,454.6,1291.9,1291.9,1291.9,,,,,,,,
2026-03-11T00:49:14,compressed_models/modernbert/dense/mnli/pretrained_base,copa,validation,,,,bf16,adasvd,,0.527,,sdpa,sdpa,,,,,,,,,,accuracy,0.560000,140.35,456.0,1291.9,1291.9,1291.9,,,,,,,,
2026-03-11T00:49:14,compressed_models/modernbert/dense/mnli/pretrained_base,copa,validation,,,,bf16,adasvd,,0.527,,flashsvd15,flashsvd15,,,,,,,,,,accuracy,0.530000,376.36,170.0,1163.9,1163.9,1163.9,,,,,,,,
2026-03-11T00:55:47,compressed_models/modernbert/dense/mnli/pretrained_base,hans,validation,,,,bf16,adasvd,,0.527,,naive,einsum,,,,,,,,,,accuracy,0.512000,72.46,441.6,821.2,821.2,821.2,,,,,,,,
2026-03-11T00:55:47,compressed_models/modernbert/dense/mnli/pretrained_base,hans,validation,,,,bf16,adasvd,,0.527,,sdpa,sdpa,,,,,,,,,,accuracy,0.512000,72.31,442.6,821.2,821.2,821.2,,,,,,,,
2026-03-11T00:55:47,compressed_models/modernbert/dense/mnli/pretrained_base,hans,validation,,,,bf16,adasvd,,0.527,,flashsvd15,flashsvd15,,,,,,,,,,accuracy,0.510767,230.53,138.8,776.5,776.5,776.5,,,,,,,,
2026-03-11T00:56:29,compressed_models/modernbert/dense/mnli/pretrained_base,anli_r1,validation,,,,bf16,adasvd,,0.527,,naive,einsum,,,,,,,,,,accuracy,0.325000,74.80,427.8,860.2,860.2,860.2,,,,,,,,
2026-03-11T00:56:29,compressed_models/modernbert/dense/mnli/pretrained_base,anli_r1,validation,,,,bf16,adasvd,,0.527,,sdpa,sdpa,,,,,,,,,,accuracy,0.325000,74.52,429.4,860.2,860.2,860.2,,,,,,,,
2026-03-11T00:56:29,compressed_models/modernbert/dense/mnli/pretrained_base,anli_r1,validation,,,,bf16,adasvd,,0.527,,flashsvd15,flashsvd15,,,,,,,,,,accuracy,0.327000,230.76,138.7,814.9,814.9,814.9,,,,,,,,
2026-03-11T00:57:09,compressed_models/modernbert/dense/mnli/pretrained_base,anli_r2,validation,,,,bf16,adasvd,,0.527,,naive,einsum,,,,,,,,,,accuracy,0.331000,73.84,433.4,898.5,898.5,898.5,,,,,,,,
2026-03-11T00:57:09,compressed_models/modernbert/dense/mnli/pretrained_base,anli_r2,validation,,,,bf16,adasvd,,0.527,,sdpa,sdpa,,,,,,,,,,accuracy,0.331000,75.05,426.4,898.5,898.5,898.5,,,,,,,,
2026-03-11T00:57:09,compressed_models/modernbert/dense/mnli/pretrained_base,anli_r2,validation,,,,bf16,adasvd,,0.527,,flashsvd15,flashsvd15,,,,,,,,,,accuracy,0.332000,227.83,140.5,842.4,842.4,842.4,,,,,,,,
2026-03-11T00:57:53,compressed_models/modernbert/dense/mnli/pretrained_base,anli_r3,validation,,,,bf16,adasvd,,0.527,,naive,einsum,,,,,,,,,,accuracy,0.335833,76.56,418.0,926.7,926.7,926.7,,,,,,,,
2026-03-11T00:57:53,compressed_models/modernbert/dense/mnli/pretrained_base,anli_r3,validation,,,,bf16,adasvd,,0.527,,sdpa,sdpa,,,,,,,,,,accuracy,0.335833,75.39,424.5,926.7,926.7,926.7,,,,,,,,
2026-03-11T00:57:53,compressed_models/modernbert/dense/mnli/pretrained_base,anli_r3,validation,,,,bf16,adasvd,,0.527,,flashsvd15,flashsvd15,,,,,,,,,,accuracy,0.339167,230.44,138.9,870.7,870.7,870.7,,,,,,,,
2026-03-11T01:05:19,compressed_models/modernbert/dense/boolq/pretrained_base,boolq,validation,,,,bf16,svd,,,,naive,einsum,,,,,,,,,,accuracy,0.607645,64.39,497.0,660.7,660.7,660.7,,,,,,,,
2026-03-11T01:05:19,compressed_models/modernbert/dense/boolq/pretrained_base,boolq,validation,,,,bf16,svd,,,,sdpa,sdpa,,,,,,,,,,accuracy,0.607645,62.14,514.9,660.7,660.7,660.7,,,,,,,,
2026-03-11T01:05:19,compressed_models/modernbert/dense/boolq/pretrained_base,boolq,validation,,,,bf16,svd,,,,flashsvd15,flashsvd15,,,,,,,,,,accuracy,0.607951,141.92,225.5,615.7,615.7,615.7,,,,,,,,
2026-03-11T01:05:42,compressed_models/modernbert/dense/rte_sg/pretrained_base,rte_sg,validation,,,,bf16,svd,,,,naive,einsum,,,,,,,,,,accuracy,0.465704,62.62,511.0,698.9,698.9,698.9,,,,,,,,
2026-03-11T01:05:42,compressed_models/modernbert/dense/rte_sg/pretrained_base,rte_sg,validation,,,,bf16,svd,,,,sdpa,sdpa,,,,,,,,,,accuracy,0.465704,62.47,512.2,698.9,698.9,698.9,,,,,,,,
2026-03-11T01:05:42,compressed_models/modernbert/dense/rte_sg/pretrained_base,rte_sg,validation,,,,bf16,svd,,,,flashsvd15,flashsvd15,,,,,,,,,,accuracy,0.472924,137.27,233.1,655.1,655.1,655.1,,,,,,,,
2026-03-11T01:06:10,compressed_models/modernbert/dense/wic/pretrained_base,wic,validation,,,,bf16,svd,,,,naive,einsum,,,,,,,,,,accuracy,0.501567,64.10,499.2,739.1,739.1,739.1,,,,,,,,
2026-03-11T01:06:10,compressed_models/modernbert/dense/wic/pretrained_base,wic,validation,,,,bf16,svd,,,,sdpa,sdpa,,,,,,,,,,accuracy,0.501567,64.76,494.1,739.1,739.1,739.1,,,,,,,,
2026-03-11T01:06:10,compressed_models/modernbert/dense/wic/pretrained_base,wic,validation,,,,bf16,svd,,,,flashsvd15,flashsvd15,,,,,,,,,,accuracy,0.501567,142.38,224.7,681.5,681.5,681.5,,,,,,,,
2026-03-11T01:06:30,compressed_models/modernbert/dense/cb/pretrained_base,cb,validation,,,,bf16,svd,,,,naive,einsum,,,,,,,,,,accuracy,0.410714,56.81,563.3,764.8,764.8,764.8,,,,,,,,
2026-03-11T01:06:30,compressed_models/modernbert/dense/cb/pretrained_base,cb,validation,,,,bf16,svd,,,,sdpa,sdpa,,,,,,,,,,accuracy,0.410714,56.75,563.8,764.8,764.8,764.8,,,,,,,,
2026-03-11T01:06:30,compressed_models/modernbert/dense/cb/pretrained_base,cb,validation,,,,bf16,svd,,,,flashsvd15,flashsvd15,,,,,,,,,,accuracy,0.410714,125.95,254.1,707.2,707.2,707.2,,,,,,,,
2026-03-11T01:07:35,compressed_models/modernbert/dense/boolq/pretrained_base,boolq,validation,,,,bf16,fwsvd,,,,naive,einsum,,,,,,,,,,accuracy,0.618960,63.68,502.6,660.7,660.7,660.7,,,,,,,,
2026-03-11T01:07:35,compressed_models/modernbert/dense/boolq/pretrained_base,boolq,validation,,,,bf16,fwsvd,,,,sdpa,sdpa,,,,,,,,,,accuracy,0.618960,62.39,512.9,660.7,660.7,660.7,,,,,,,,
2026-03-11T01:07:35,compressed_models/modernbert/dense/boolq/pretrained_base,boolq,validation,,,,bf16,fwsvd,,,,flashsvd15,flashsvd15,,,,,,,,,,accuracy,0.619572,142.87,224.0,615.7,615.7,615.7,,,,,,,,
2026-03-11T01:07:58,compressed_models/modernbert/dense/rte_sg/pretrained_base,rte_sg,validation,,,,bf16,fwsvd,,,,naive,einsum,,,,,,,,,,accuracy,0.465704,64.98,492.5,698.9,698.9,698.9,,,,,,,,
2026-03-11T01:07:58,compressed_models/modernbert/dense/rte_sg/pretrained_base,rte_sg,validation,,,,bf16,fwsvd,,,,sdpa,sdpa,,,,,,,,,,accuracy,0.465704,63.77,501.8,698.9,698.9,698.9,,,,,,,,
2026-03-11T01:07:58,compressed_models/modernbert/dense/rte_sg/pretrained_base,rte_sg,validation,,,,bf16,fwsvd,,,,flashsvd15,flashsvd15,,,,,,,,,,accuracy,0.465704,136.36,234.7,655.1,655.1,655.1,,,,,,,,
2026-03-11T01:08:25,compressed_models/modernbert/dense/wic/pretrained_base,wic,validation,,,,bf16,fwsvd,,,,naive,einsum,,,,,,,,,,accuracy,0.498433,64.15,498.8,739.1,739.1,739.1,,,,,,,,
2026-03-11T01:08:25,compressed_models/modernbert/dense/wic/pretrained_base,wic,validation,,,,bf16,fwsvd,,,,sdpa,sdpa,,,,,,,,,,accuracy,0.498433,62.65,510.8,739.1,739.1,739.1,,,,,,,,
2026-03-11T01:08:25,compressed_models/modernbert/dense/wic/pretrained_base,wic,validation,,,,bf16,fwsvd,,,,flashsvd15,flashsvd15,,,,,,,,,,accuracy,0.495298,141.20,226.6,693.3,693.3,693.3,,,,,,,,
2026-03-11T01:08:46,compressed_models/modernbert/dense/cb/pretrained_base,cb,validation,,,,bf16,fwsvd,,,,naive,einsum,,,,,,,,,,accuracy,0.410714,57.42,557.3,776.6,776.6,776.6,,,,,,,,
2026-03-11T01:08:46,compressed_models/modernbert/dense/cb/pretrained_base,cb,validation,,,,bf16,fwsvd,,,,sdpa,sdpa,,,,,,,,,,accuracy,0.410714,57.54,556.1,776.6,776.6,776.6,,,,,,,,
2026-03-11T01:08:46,compressed_models/modernbert/dense/cb/pretrained_base,cb,validation,,,,bf16,fwsvd,,,,flashsvd15,flashsvd15,,,,,,,,,,accuracy,0.392857,127.03,251.9,731.2,731.2,731.2,,,,,,,,
2026-03-11T01:09:51,compressed_models/modernbert/dense/boolq/pretrained_base,boolq,validation,,,,bf16,drone,,,,naive,einsum,,,,,,,,,,accuracy,0.621713,62.40,512.8,660.7,660.7,660.7,,,,,,,,
2026-03-11T01:09:51,compressed_models/modernbert/dense/boolq/pretrained_base,boolq,validation,,,,bf16,drone,,,,sdpa,sdpa,,,,,,,,,,accuracy,0.621713,62.99,508.0,660.7,660.7,660.7,,,,,,,,
2026-03-11T01:09:51,compressed_models/modernbert/dense/boolq/pretrained_base,boolq,validation,,,,bf16,drone,,,,flashsvd15,flashsvd15,,,,,,,,,,accuracy,0.621713,142.67,224.3,615.7,615.7,615.7,,,,,,,,
2026-03-11T01:10:15,compressed_models/modernbert/dense/rte_sg/pretrained_base,rte_sg,validation,,,,bf16,drone,,,,naive,einsum,,,,,,,,,,accuracy,0.527076,63.00,507.9,698.9,698.9,698.9,,,,,,,,
2026-03-11T01:10:15,compressed_models/modernbert/dense/rte_sg/pretrained_base,rte_sg,validation,,,,bf16,drone,,,,sdpa,sdpa,,,,,,,,,,accuracy,0.527076,62.84,509.2,698.9,698.9,698.9,,,,,,,,
2026-03-11T01:10:15,compressed_models/modernbert/dense/rte_sg/pretrained_base,rte_sg,validation,,,,bf16,drone,,,,flashsvd15,flashsvd15,,,,,,,,,,accuracy,0.527076,136.88,233.8,655.1,655.1,655.1,,,,,,,,
2026-03-11T01:10:52,compressed_models/modernbert/dense/cb/pretrained_base,cb,validation,,,,bf16,drone,,,,naive,einsum,,,,,,,,,,accuracy,0.464286,54.87,583.2,739.1,739.1,739.1,,,,,,,,
2026-03-11T01:10:52,compressed_models/modernbert/dense/cb/pretrained_base,cb,validation,,,,bf16,drone,,,,sdpa,sdpa,,,,,,,,,,accuracy,0.464286,57.05,560.9,739.1,739.1,739.1,,,,,,,,
2026-03-11T01:10:52,compressed_models/modernbert/dense/cb/pretrained_base,cb,validation,,,,bf16,drone,,,,flashsvd15,flashsvd15,,,,,,,,,,accuracy,0.410714,126.10,253.8,681.5,681.5,681.5,,,,,,,,
2026-03-11T01:12:10,compressed_models/modernbert/dense/boolq/pretrained_base,boolq,validation,,,,bf16,adasvd,,0.527,,naive,einsum,,,,,,,,,,accuracy,0.583486,71.84,445.4,779.8,779.8,779.8,,,,,,,,
2026-03-11T01:12:10,compressed_models/modernbert/dense/boolq/pretrained_base,boolq,validation,,,,bf16,adasvd,,0.527,,sdpa,sdpa,,,,,,,,,,accuracy,0.583486,72.16,443.5,779.8,779.8,779.8,,,,,,,,
2026-03-11T01:12:10,compressed_models/modernbert/dense/boolq/pretrained_base,boolq,validation,,,,bf16,adasvd,,0.527,,flashsvd15,flashsvd15,,,,,,,,,,accuracy,0.584709,223.17,143.4,735.2,735.2,735.2,,,,,,,,
2026-03-11T01:12:40,compressed_models/modernbert/dense/rte_sg/pretrained_base,rte_sg,validation,,,,bf16,adasvd,,0.527,,naive,einsum,,,,,,,,,,accuracy,0.527076,69.33,461.6,824.3,824.3,824.3,,,,,,,,
2026-03-11T01:12:40,compressed_models/modernbert/dense/rte_sg/pretrained_base,rte_sg,validation,,,,bf16,adasvd,,0.527,,sdpa,sdpa,,,,,,,,,,accuracy,0.527076,69.36,461.3,824.3,824.3,824.3,,,,,,,,
2026-03-11T01:12:40,compressed_models/modernbert/dense/rte_sg/pretrained_base,rte_sg,validation,,,,bf16,adasvd,,0.527,,flashsvd15,flashsvd15,,,,,,,,,,accuracy,0.527076,223.37,143.3,779.3,779.3,779.3,,,,,,,,
2026-03-11T01:13:16,compressed_models/modernbert/dense/wic/pretrained_base,wic,validation,,,,bf16,adasvd,,0.527,,naive,einsum,,,,,,,,,,accuracy,0.521944,71.62,446.8,866.2,866.2,866.2,,,,,,,,
2026-03-11T01:13:16,compressed_models/modernbert/dense/wic/pretrained_base,wic,validation,,,,bf16,adasvd,,0.527,,sdpa,sdpa,,,,,,,,,,accuracy,0.521944,73.24,436.9,866.2,866.2,866.2,,,,,,,,
2026-03-11T01:13:16,compressed_models/modernbert/dense/wic/pretrained_base,wic,validation,,,,bf16,adasvd,,0.527,,flashsvd15,flashsvd15,,,,,,,,,,accuracy,0.521944,236.96,135.0,820.8,820.8,820.8,,,,,,,,
2026-03-11T01:13:42,compressed_models/modernbert/dense/cb/pretrained_base,cb,validation,,,,bf16,adasvd,,0.527,,naive,einsum,,,,,,,,,,accuracy,0.660714,66.70,479.8,902.7,902.7,902.7,,,,,,,,
2026-03-11T01:13:42,compressed_models/modernbert/dense/cb/pretrained_base,cb,validation,,,,bf16,adasvd,,0.527,,sdpa,sdpa,,,,,,,,,,accuracy,0.660714,66.48,481.4,902.7,902.7,902.7,,,,,,,,
2026-03-11T01:13:42,compressed_models/modernbert/dense/cb/pretrained_base,cb,validation,,,,bf16,adasvd,,0.527,,flashsvd15,flashsvd15,,,,,,,,,,accuracy,0.660714,209.86,152.5,858.3,858.3,858.3,,,,,,,,
2026-03-11T01:14:48,answerdotai/ModernBERT-base,copa,validation,,,,bf16,svd,,,,naive,einsum,,,,,,,,,,accuracy,0.530000,124.37,514.6,1168.9,1168.9,1168.9,,,,,,,,
2026-03-11T01:14:48,answerdotai/ModernBERT-base,copa,validation,,,,bf16,svd,,,,sdpa,sdpa,,,,,,,,,,accuracy,0.530000,130.13,491.8,1168.9,1168.9,1168.9,,,,,,,,
2026-03-11T01:14:48,answerdotai/ModernBERT-base,copa,validation,,,,bf16,svd,,,,flashsvd15,flashsvd15,,,,,,,,,,accuracy,0.480000,236.53,270.6,1039.6,1039.6,1039.6,,,,,,,,
2026-03-11T01:19:34,answerdotai/ModernBERT-base,hans,validation,,,,bf16,svd,,,,naive,einsum,,,,,,,,,,accuracy,0.515067,62.51,511.9,698.6,698.6,698.6,,,,,,,,
2026-03-11T01:19:34,answerdotai/ModernBERT-base,hans,validation,,,,bf16,svd,,,,sdpa,sdpa,,,,,,,,,,accuracy,0.515067,62.95,508.3,698.6,698.6,698.6,,,,,,,,
2026-03-11T01:19:34,answerdotai/ModernBERT-base,hans,validation,,,,bf16,svd,,,,flashsvd15,flashsvd15,,,,,,,,,,accuracy,0.515400,142.40,224.7,653.6,653.6,653.6,,,,,,,,
2026-03-11T01:20:27,compressed_models/modernbert/dense/mnli/pretrained_base,copa,validation,,,,bf16,fwsvd,,,,naive,einsum,,,,,,,,,,accuracy,0.490000,129.25,495.2,1168.9,1168.9,1168.9,,,,,,,,
2026-03-11T01:20:27,compressed_models/modernbert/dense/mnli/pretrained_base,copa,validation,,,,bf16,fwsvd,,,,sdpa,sdpa,,,,,,,,,,accuracy,0.490000,124.81,512.8,1168.9,1168.9,1168.9,,,,,,,,
2026-03-11T01:20:27,compressed_models/modernbert/dense/mnli/pretrained_base,copa,validation,,,,bf16,fwsvd,,,,flashsvd15,flashsvd15,,,,,,,,,,accuracy,0.490000,236.85,270.2,1039.6,1039.6,1039.6,,,,,,,,
2026-03-11T01:25:13,compressed_models/modernbert/dense/mnli/pretrained_base,hans,validation,,,,bf16,fwsvd,,,,naive,einsum,,,,,,,,,,accuracy,0.472867,63.48,504.1,698.6,698.6,698.6,,,,,,,,
2026-03-11T01:25:13,compressed_models/modernbert/dense/mnli/pretrained_base,hans,validation,,,,bf16,fwsvd,,,,sdpa,sdpa,,,,,,,,,,accuracy,0.472867,63.09,507.2,698.6,698.6,698.6,,,,,,,,
2026-03-11T01:25:13,compressed_models/modernbert/dense/mnli/pretrained_base,hans,validation,,,,bf16,fwsvd,,,,flashsvd15,flashsvd15,,,,,,,,,,accuracy,0.472567,143.11,223.6,653.6,653.6,653.6,,,,,,,,
2026-03-11T01:25:44,compressed_models/modernbert/dense/mnli/pretrained_base,anli_r1,validation,,,,bf16,fwsvd,,,,naive,einsum,,,,,,,,,,accuracy,0.348000,66.34,482.4,736.8,736.8,736.8,,,,,,,,
2026-03-11T01:25:44,compressed_models/modernbert/dense/mnli/pretrained_base,anli_r1,validation,,,,bf16,fwsvd,,,,sdpa,sdpa,,,,,,,,,,accuracy,0.348000,65.83,486.1,736.8,736.8,736.8,,,,,,,,
2026-03-11T01:25:44,compressed_models/modernbert/dense/mnli/pretrained_base,anli_r1,validation,,,,bf16,fwsvd,,,,flashsvd15,flashsvd15,,,,,,,,,,accuracy,0.345000,141.95,225.4,691.3,691.3,691.3,,,,,,,,
2026-03-11T01:26:13,compressed_models/modernbert/dense/mnli/pretrained_base,anli_r2,validation,,,,bf16,fwsvd,,,,naive,einsum,,,,,,,,,,accuracy,0.358000,65.09,491.6,774.5,774.5,774.5,,,,,,,,
2026-03-11T01:26:13,compressed_models/modernbert/dense/mnli/pretrained_base,anli_r2,validation,,,,bf16,fwsvd,,,,sdpa,sdpa,,,,,,,,,,accuracy,0.358000,65.06,491.8,774.5,774.5,774.5,,,,,,,,
2026-03-11T01:26:13,compressed_models/modernbert/dense/mnli/pretrained_base,anli_r2,validation,,,,bf16,fwsvd,,,,flashsvd15,flashsvd15,,,,,,,,,,accuracy,0.354000,140.25,228.2,728.8,728.8,728.8,,,,,,,,
2026-03-11T01:26:45,compressed_models/modernbert/dense/mnli/pretrained_base,anli_r3,validation,,,,bf16,fwsvd,,,,naive,einsum,,,,,,,,,,accuracy,0.341667,66.57,480.7,812.0,812.0,812.0,,,,,,,,
2026-03-11T01:26:45,compressed_models/modernbert/dense/mnli/pretrained_base,anli_r3,validation,,,,bf16,fwsvd,,,,sdpa,sdpa,,,,,,,,,,accuracy,0.341667,66.45,481.6,812.0,812.0,812.0,,,,,,,,
2026-03-11T01:26:45,compressed_models/modernbert/dense/mnli/pretrained_base,anli_r3,validation,,,,bf16,fwsvd,,,,flashsvd15,flashsvd15,,,,,,,,,,accuracy,0.344167,141.41,226.3,754.4,754.4,754.4,,,,,,,,
2026-03-11T01:27:37,answerdotai/ModernBERT-base,copa,validation,,,,bf16,drone,,,,naive,einsum,,,,,,,,,,accuracy,0.480000,124.29,514.9,1168.9,1168.9,1168.9,,,,,,,,
2026-03-11T01:27:37,answerdotai/ModernBERT-base,copa,validation,,,,bf16,drone,,,,sdpa,sdpa,,,,,,,,,,accuracy,0.480000,123.93,516.4,1168.9,1168.9,1168.9,,,,,,,,
2026-03-11T01:27:37,answerdotai/ModernBERT-base,copa,validation,,,,bf16,drone,,,,flashsvd15,flashsvd15,,,,,,,,,,accuracy,0.500000,236.34,270.8,1039.6,1039.6,1039.6,,,,,,,,
2026-03-11T01:32:24,answerdotai/ModernBERT-base,hans,validation,,,,bf16,drone,,,,naive,einsum,,,,,,,,,,accuracy,0.509933,63.35,505.1,698.6,698.6,698.6,,,,,,,,
2026-03-11T01:32:24,answerdotai/ModernBERT-base,hans,validation,,,,bf16,drone,,,,sdpa,sdpa,,,,,,,,,,accuracy,0.509933,66.27,482.9,698.6,698.6,698.6,,,,,,,,
2026-03-11T01:32:24,answerdotai/ModernBERT-base,hans,validation,,,,bf16,drone,,,,flashsvd15,flashsvd15,,,,,,,,,,accuracy,0.510467,142.37,224.8,653.6,653.6,653.6,,,,,,,,
2026-03-11T01:33:28,compressed_models/modernbert/dense/mnli/pretrained_base,copa,validation,,,,bf16,adasvd,,0.527,,naive,einsum,,,,,,,,,,accuracy,0.560000,140.72,454.8,1291.9,1291.9,1291.9,,,,,,,,
2026-03-11T01:33:28,compressed_models/modernbert/dense/mnli/pretrained_base,copa,validation,,,,bf16,adasvd,,0.527,,sdpa,sdpa,,,,,,,,,,accuracy,0.560000,140.54,455.4,1291.9,1291.9,1291.9,,,,,,,,
2026-03-11T01:33:28,compressed_models/modernbert/dense/mnli/pretrained_base,copa,validation,,,,bf16,adasvd,,0.527,,flashsvd15,flashsvd15,,,,,,,,,,accuracy,0.530000,375.02,170.7,1163.9,1163.9,1163.9,,,,,,,,
2026-03-11T01:40:01,compressed_models/modernbert/dense/mnli/pretrained_base,hans,validation,,,,bf16,adasvd,,0.527,,naive,einsum,,,,,,,,,,accuracy,0.512000,73.21,437.1,821.2,821.2,821.2,,,,,,,,
2026-03-11T01:40:01,compressed_models/modernbert/dense/mnli/pretrained_base,hans,validation,,,,bf16,adasvd,,0.527,,sdpa,sdpa,,,,,,,,,,accuracy,0.512000,73.38,436.1,821.2,821.2,821.2,,,,,,,,
2026-03-11T01:40:01,compressed_models/modernbert/dense/mnli/pretrained_base,hans,validation,,,,bf16,adasvd,,0.527,,flashsvd15,flashsvd15,,,,,,,,,,accuracy,0.510767,231.98,137.9,776.5,776.5,776.5,,,,,,,,
2026-03-11T01:40:42,compressed_models/modernbert/dense/mnli/pretrained_base,anli_r1,validation,,,,bf16,adasvd,,0.527,,naive,einsum,,,,,,,,,,accuracy,0.325000,76.54,418.1,860.2,860.2,860.2,,,,,,,,
2026-03-11T01:40:42,compressed_models/modernbert/dense/mnli/pretrained_base,anli_r1,validation,,,,bf16,adasvd,,0.527,,sdpa,sdpa,,,,,,,,,,accuracy,0.325000,75.07,426.3,860.2,860.2,860.2,,,,,,,,
2026-03-11T01:40:42,compressed_models/modernbert/dense/mnli/pretrained_base,anli_r1,validation,,,,bf16,adasvd,,0.527,,flashsvd15,flashsvd15,,,,,,,,,,accuracy,0.327000,230.86,138.6,814.9,814.9,814.9,,,,,,,,
2026-03-11T01:41:21,compressed_models/modernbert/dense/mnli/pretrained_base,anli_r2,validation,,,,bf16,adasvd,,0.527,,naive,einsum,,,,,,,,,,accuracy,0.331000,73.19,437.2,898.5,898.5,898.5,,,,,,,,
2026-03-11T01:41:21,compressed_models/modernbert/dense/mnli/pretrained_base,anli_r2,validation,,,,bf16,adasvd,,0.527,,sdpa,sdpa,,,,,,,,,,accuracy,0.331000,72.19,443.3,898.5,898.5,898.5,,,,,,,,
2026-03-11T01:41:21,compressed_models/modernbert/dense/mnli/pretrained_base,anli_r2,validation,,,,bf16,adasvd,,0.527,,flashsvd15,flashsvd15,,,,,,,,,,accuracy,0.332000,227.78,140.5,842.4,842.4,842.4,,,,,,,,
2026-03-11T01:42:03,compressed_models/modernbert/dense/mnli/pretrained_base,anli_r3,validation,,,,bf16,adasvd,,0.527,,naive,einsum,,,,,,,,,,accuracy,0.335833,76.07,420.7,926.7,926.7,926.7,,,,,,,,
2026-03-11T01:42:03,compressed_models/modernbert/dense/mnli/pretrained_base,anli_r3,validation,,,,bf16,adasvd,,0.527,,sdpa,sdpa,,,,,,,,,,accuracy,0.335833,75.30,424.9,926.7,926.7,926.7,,,,,,,,
2026-03-11T01:42:03,compressed_models/modernbert/dense/mnli/pretrained_base,anli_r3,validation,,,,bf16,adasvd,,0.527,,flashsvd15,flashsvd15,,,,,,,,,,accuracy,0.339167,228.31,140.2,870.7,870.7,870.7,,,,,,,,
2026-03-11T01:43:41,compressed_models/modernbert/dense/boolq/pretrained_base,boolq,validation,,,,bf16,svd,,,,naive,einsum,,,,,,,,,,accuracy,0.607645,62.67,510.6,660.7,660.7,660.7,,,,,,,,
2026-03-11T01:43:41,compressed_models/modernbert/dense/boolq/pretrained_base,boolq,validation,,,,bf16,svd,,,,sdpa,sdpa,,,,,,,,,,accuracy,0.607645,62.85,509.1,660.7,660.7,660.7,,,,,,,,
2026-03-11T01:43:41,compressed_models/modernbert/dense/boolq/pretrained_base,boolq,validation,,,,bf16,svd,,,,flashsvd15,flashsvd15,,,,,,,,,,accuracy,0.607951,141.47,226.2,615.7,615.7,615.7,,,,,,,,
2026-03-11T01:44:04,compressed_models/modernbert/dense/rte_sg/pretrained_base,rte_sg,validation,,,,bf16,svd,,,,naive,einsum,,,,,,,,,,accuracy,0.465704,62.66,510.7,698.9,698.9,698.9,,,,,,,,
2026-03-11T01:44:04,compressed_models/modernbert/dense/rte_sg/pretrained_base,rte_sg,validation,,,,bf16,svd,,,,sdpa,sdpa,,,,,,,,,,accuracy,0.465704,62.51,511.9,698.9,698.9,698.9,,,,,,,,
2026-03-11T01:44:04,compressed_models/modernbert/dense/rte_sg/pretrained_base,rte_sg,validation,,,,bf16,svd,,,,flashsvd15,flashsvd15,,,,,,,,,,accuracy,0.472924,135.39,236.3,655.1,655.1,655.1,,,,,,,,
2026-03-11T01:44:31,compressed_models/modernbert/dense/wic/pretrained_base,wic,validation,,,,bf16,svd,,,,naive,einsum,,,,,,,,,,accuracy,0.501567,62.49,512.1,739.1,739.1,739.1,,,,,,,,
2026-03-11T01:44:31,compressed_models/modernbert/dense/wic/pretrained_base,wic,validation,,,,bf16,svd,,,,sdpa,sdpa,,,,,,,,,,accuracy,0.501567,61.92,516.8,739.1,739.1,739.1,,,,,,,,
2026-03-11T01:44:31,compressed_models/modernbert/dense/wic/pretrained_base,wic,validation,,,,bf16,svd,,,,flashsvd15,flashsvd15,,,,,,,,,,accuracy,0.501567,141.10,226.8,693.3,693.3,693.3,,,,,,,,
2026-03-11T01:44:51,compressed_models/modernbert/dense/cb/pretrained_base,cb,validation,,,,bf16,svd,,,,naive,einsum,,,,,,,,,,accuracy,0.410714,57.53,556.2,776.6,776.6,776.6,,,,,,,,
2026-03-11T01:44:51,compressed_models/modernbert/dense/cb/pretrained_base,cb,validation,,,,bf16,svd,,,,sdpa,sdpa,,,,,,,,,,accuracy,0.410714,56.79,563.5,776.6,776.6,776.6,,,,,,,,
2026-03-11T01:44:51,compressed_models/modernbert/dense/cb/pretrained_base,cb,validation,,,,bf16,svd,,,,flashsvd15,flashsvd15,,,,,,,,,,accuracy,0.410714,126.20,253.6,731.2,731.2,731.2,,,,,,,,
2026-03-11T01:45:55,compressed_models/modernbert/dense/boolq/pretrained_base,boolq,validation,,,,bf16,fwsvd,,,,naive,einsum,,,,,,,,,,accuracy,0.618960,63.89,500.8,660.7,660.7,660.7,,,,,,,,
2026-03-11T01:45:55,compressed_models/modernbert/dense/boolq/pretrained_base,boolq,validation,,,,bf16,fwsvd,,,,sdpa,sdpa,,,,,,,,,,accuracy,0.618960,62.98,508.1,660.7,660.7,660.7,,,,,,,,
2026-03-11T01:45:55,compressed_models/modernbert/dense/boolq/pretrained_base,boolq,validation,,,,bf16,fwsvd,,,,flashsvd15,flashsvd15,,,,,,,,,,accuracy,0.619572,141.15,226.7,615.7,615.7,615.7,,,,,,,,
2026-03-11T01:46:19,compressed_models/modernbert/dense/rte_sg/pretrained_base,rte_sg,validation,,,,bf16,fwsvd,,,,naive,einsum,,,,,,,,,,accuracy,0.465704,64.82,493.7,698.9,698.9,698.9,,,,,,,,
2026-03-11T01:46:19,compressed_models/modernbert/dense/rte_sg/pretrained_base,rte_sg,validation,,,,bf16,fwsvd,,,,sdpa,sdpa,,,,,,,,,,accuracy,0.465704,61.10,523.7,698.9,698.9,698.9,,,,,,,,
2026-03-11T01:46:19,compressed_models/modernbert/dense/rte_sg/pretrained_base,rte_sg,validation,,,,bf16,fwsvd,,,,flashsvd15,flashsvd15,,,,,,,,,,accuracy,0.465704,135.28,236.6,655.1,655.1,655.1,,,,,,,,
2026-03-11T01:46:45,compressed_models/modernbert/dense/wic/pretrained_base,wic,validation,,,,bf16,fwsvd,,,,naive,einsum,,,,,,,,,,accuracy,0.498433,61.42,521.0,739.1,739.1,739.1,,,,,,,,
2026-03-11T01:46:45,compressed_models/modernbert/dense/wic/pretrained_base,wic,validation,,,,bf16,fwsvd,,,,sdpa,sdpa,,,,,,,,,,accuracy,0.498433,61.61,519.4,739.1,739.1,739.1,,,,,,,,
2026-03-11T01:46:45,compressed_models/modernbert/dense/wic/pretrained_base,wic,validation,,,,bf16,fwsvd,,,,flashsvd15,flashsvd15,,,,,,,,,,accuracy,0.506270,142.39,224.7,681.5,681.5,681.5,,,,,,,,
2026-03-11T01:47:05,compressed_models/modernbert/dense/cb/pretrained_base,cb,validation,,,,bf16,fwsvd,,,,naive,einsum,,,,,,,,,,accuracy,0.410714,56.89,562.5,764.8,764.8,764.8,,,,,,,,
2026-03-11T01:47:05,compressed_models/modernbert/dense/cb/pretrained_base,cb,validation,,,,bf16,fwsvd,,,,sdpa,sdpa,,,,,,,,,,accuracy,0.410714,56.66,564.8,764.8,764.8,764.8,,,,,,,,
2026-03-11T01:47:05,compressed_models/modernbert/dense/cb/pretrained_base,cb,validation,,,,bf16,fwsvd,,,,flashsvd15,flashsvd15,,,,,,,,,,accuracy,0.392857,124.03,258.0,719.0,719.0,719.0,,,,,,,,
2026-03-11T01:48:08,compressed_models/modernbert/dense/boolq/pretrained_base,boolq,validation,,,,bf16,drone,,,,naive,einsum,,,,,,,,,,accuracy,0.621713,61.80,517.8,660.7,660.7,660.7,,,,,,,,
2026-03-11T01:48:08,compressed_models/modernbert/dense/boolq/pretrained_base,boolq,validation,,,,bf16,drone,,,,sdpa,sdpa,,,,,,,,,,accuracy,0.621713,61.60,519.4,660.7,660.7,660.7,,,,,,,,
2026-03-11T01:48:08,compressed_models/modernbert/dense/boolq/pretrained_base,boolq,validation,,,,bf16,drone,,,,flashsvd15,flashsvd15,,,,,,,,,,accuracy,0.621713,141.21,226.6,615.7,615.7,615.7,,,,,,,,
2026-03-11T01:48:31,compressed_models/modernbert/dense/rte_sg/pretrained_base,rte_sg,validation,,,,bf16,drone,,,,naive,einsum,,,,,,,,,,accuracy,0.527076,62.49,512.1,698.9,698.9,698.9,,,,,,,,
2026-03-11T01:48:31,compressed_models/modernbert/dense/rte_sg/pretrained_base,rte_sg,validation,,,,bf16,drone,,,,sdpa,sdpa,,,,,,,,,,accuracy,0.527076,63.27,505.8,698.9,698.9,698.9,,,,,,,,
2026-03-11T01:48:31,compressed_models/modernbert/dense/rte_sg/pretrained_base,rte_sg,validation,,,,bf16,drone,,,,flashsvd15,flashsvd15,,,,,,,,,,accuracy,0.527076,135.77,235.7,655.1,655.1,655.1,,,,,,,,
2026-03-11T01:49:09,compressed_models/modernbert/dense/cb/pretrained_base,cb,validation,,,,bf16,drone,,,,naive,einsum,,,,,,,,,,accuracy,0.464286,55.68,574.7,739.1,739.1,739.1,,,,,,,,
2026-03-11T01:49:09,compressed_models/modernbert/dense/cb/pretrained_base,cb,validation,,,,bf16,drone,,,,sdpa,sdpa,,,,,,,,,,accuracy,0.464286,56.34,568.0,739.1,739.1,739.1,,,,,,,,
2026-03-11T01:49:09,compressed_models/modernbert/dense/cb/pretrained_base,cb,validation,,,,bf16,drone,,,,flashsvd15,flashsvd15,,,,,,,,,,accuracy,0.464286,125.59,254.8,693.3,693.3,693.3,,,,,,,,
2026-03-11T01:50:28,compressed_models/modernbert/dense/boolq/pretrained_base,boolq,validation,,,,bf16,adasvd,,0.527,,naive,einsum,,,,,,,,,,accuracy,0.583486,72.68,440.3,779.8,779.8,779.8,,,,,,,,
2026-03-11T01:50:28,compressed_models/modernbert/dense/boolq/pretrained_base,boolq,validation,,,,bf16,adasvd,,0.527,,sdpa,sdpa,,,,,,,,,,accuracy,0.583486,72.66,440.4,779.8,779.8,779.8,,,,,,,,
2026-03-11T01:50:28,compressed_models/modernbert/dense/boolq/pretrained_base,boolq,validation,,,,bf16,adasvd,,0.527,,flashsvd15,flashsvd15,,,,,,,,,,accuracy,0.584709,223.37,143.3,735.2,735.2,735.2,,,,,,,,
2026-03-11T01:50:59,compressed_models/modernbert/dense/rte_sg/pretrained_base,rte_sg,validation,,,,bf16,adasvd,,0.527,,naive,einsum,,,,,,,,,,accuracy,0.527076,71.79,445.8,824.3,824.3,824.3,,,,,,,,
2026-03-11T01:50:59,compressed_models/modernbert/dense/rte_sg/pretrained_base,rte_sg,validation,,,,bf16,adasvd,,0.527,,sdpa,sdpa,,,,,,,,,,accuracy,0.527076,72.19,443.3,824.3,824.3,824.3,,,,,,,,
2026-03-11T01:50:59,compressed_models/modernbert/dense/rte_sg/pretrained_base,rte_sg,validation,,,,bf16,adasvd,,0.527,,flashsvd15,flashsvd15,,,,,,,,,,accuracy,0.527076,223.63,143.1,779.3,779.3,779.3,,,,,,,,
2026-03-11T01:51:35,compressed_models/modernbert/dense/wic/pretrained_base,wic,validation,,,,bf16,adasvd,,0.527,,naive,einsum,,,,,,,,,,accuracy,0.521944,73.34,436.3,866.2,866.2,866.2,,,,,,,,
2026-03-11T01:51:35,compressed_models/modernbert/dense/wic/pretrained_base,wic,validation,,,,bf16,adasvd,,0.527,,sdpa,sdpa,,,,,,,,,,accuracy,0.521944,73.90,433.0,866.2,866.2,866.2,,,,,,,,
2026-03-11T01:51:35,compressed_models/modernbert/dense/wic/pretrained_base,wic,validation,,,,bf16,adasvd,,0.527,,flashsvd15,flashsvd15,,,,,,,,,,accuracy,0.521944,236.81,135.1,820.8,820.8,820.8,,,,,,,,
2026-03-11T01:52:01,compressed_models/modernbert/dense/cb/pretrained_base,cb,validation,,,,bf16,adasvd,,0.527,,naive,einsum,,,,,,,,,,accuracy,0.660714,66.75,479.4,902.7,902.7,902.7,,,,,,,,
2026-03-11T01:52:01,compressed_models/modernbert/dense/cb/pretrained_base,cb,validation,,,,bf16,adasvd,,0.527,,sdpa,sdpa,,,,,,,,,,accuracy,0.660714,66.83,478.8,902.7,902.7,902.7,,,,,,,,
2026-03-11T01:52:01,compressed_models/modernbert/dense/cb/pretrained_base,cb,validation,,,,bf16,adasvd,,0.527,,flashsvd15,flashsvd15,,,,,,,,,,accuracy,0.660714,209.62,152.7,858.3,858.3,858.3,,,,,,,,
2026-03-11T01:57:15,answerdotai/ModernBERT-base,hans,validation,,,,bf16,svd,,,,naive,einsum,,,,,,,,,,accuracy,0.515067,61.57,519.8,660.7,660.7,660.7,,,,,,,,
2026-03-11T01:57:15,answerdotai/ModernBERT-base,hans,validation,,,,bf16,svd,,,,sdpa,sdpa,,,,,,,,,,accuracy,0.515067,62.85,509.1,660.7,660.7,660.7,,,,,,,,
2026-03-11T01:57:15,answerdotai/ModernBERT-base,hans,validation,,,,bf16,svd,,,,flashsvd15,flashsvd15,,,,,,,,,,accuracy,0.515400,142.02,225.3,615.7,615.7,615.7,,,,,,,,
2026-03-11T01:58:10,compressed_models/modernbert/dense/mnli/pretrained_base,copa,validation,,,,bf16,fwsvd,,,,naive,einsum,,,,,,,,,,accuracy,0.490000,126.46,506.1,1168.9,1168.9,1168.9,,,,,,,,
2026-03-11T01:58:10,compressed_models/modernbert/dense/mnli/pretrained_base,copa,validation,,,,bf16,fwsvd,,,,sdpa,sdpa,,,,,,,,,,accuracy,0.490000,124.93,512.3,1168.9,1168.9,1168.9,,,,,,,,
2026-03-11T01:58:10,compressed_models/modernbert/dense/mnli/pretrained_base,copa,validation,,,,bf16,fwsvd,,,,flashsvd15,flashsvd15,,,,,,,,,,accuracy,0.490000,236.32,270.8,1039.6,1039.6,1039.6,,,,,,,,
2026-03-11T01:58:41,compressed_models/modernbert/dense/mnli/pretrained_base,anli_r1,validation,,,,bf16,fwsvd,,,,naive,einsum,,,,,,,,,,accuracy,0.348000,64.70,494.6,698.6,698.6,698.6,,,,,,,,
2026-03-11T01:58:41,compressed_models/modernbert/dense/mnli/pretrained_base,anli_r1,validation,,,,bf16,fwsvd,,,,sdpa,sdpa,,,,,,,,,,accuracy,0.348000,66.20,483.4,698.6,698.6,698.6,,,,,,,,
2026-03-11T01:58:41,compressed_models/modernbert/dense/mnli/pretrained_base,anli_r1,validation,,,,bf16,fwsvd,,,,flashsvd15,flashsvd15,,,,,,,,,,accuracy,0.345000,139.38,229.6,653.6,653.6,653.6,,,,,,,,
2026-03-11T01:59:11,compressed_models/modernbert/dense/mnli/pretrained_base,anli_r2,validation,,,,bf16,fwsvd,,,,naive,einsum,,,,,,,,,,accuracy,0.358000,65.16,491.1,736.8,736.8,736.8,,,,,,,,
2026-03-11T01:59:11,compressed_models/modernbert/dense/mnli/pretrained_base,anli_r2,validation,,,,bf16,fwsvd,,,,sdpa,sdpa,,,,,,,,,,accuracy,0.358000,62.71,510.3,736.8,736.8,736.8,,,,,,,,
2026-03-11T01:59:11,compressed_models/modernbert/dense/mnli/pretrained_base,anli_r2,validation,,,,bf16,fwsvd,,,,flashsvd15,flashsvd15,,,,,,,,,,accuracy,0.354000,141.64,225.9,691.3,691.3,691.3,,,,,,,,
2026-03-11T01:59:43,compressed_models/modernbert/dense/mnli/pretrained_base,anli_r3,validation,,,,bf16,fwsvd,,,,naive,einsum,,,,,,,,,,accuracy,0.341667,66.41,481.9,774.5,774.5,774.5,,,,,,,,
2026-03-11T01:59:43,compressed_models/modernbert/dense/mnli/pretrained_base,anli_r3,validation,,,,bf16,fwsvd,,,,sdpa,sdpa,,,,,,,,,,accuracy,0.341667,64.55,495.7,774.5,774.5,774.5,,,,,,,,
2026-03-11T01:59:43,compressed_models/modernbert/dense/mnli/pretrained_base,anli_r3,validation,,,,bf16,fwsvd,,,,flashsvd15,flashsvd15,,,,,,,,,,accuracy,0.344167,140.83,227.2,728.8,728.8,728.8,,,,,,,,
2026-03-11T02:01:32,compressed_models/modernbert/dense/boolq/pretrained_base,boolq,validation,,,,bf16,svd,,,,naive,einsum,,,,,,,,,,accuracy,0.607645,62.40,512.8,660.7,660.7,660.7,,,,,,,,
2026-03-11T02:01:32,compressed_models/modernbert/dense/boolq/pretrained_base,boolq,validation,,,,bf16,svd,,,,sdpa,sdpa,,,,,,,,,,accuracy,0.607645,62.39,512.9,660.7,660.7,660.7,,,,,,,,
2026-03-11T02:01:32,compressed_models/modernbert/dense/boolq/pretrained_base,boolq,validation,,,,bf16,svd,,,,flashsvd15,flashsvd15,,,,,,,,,,accuracy,0.607951,141.26,226.5,615.7,615.7,615.7,,,,,,,,
2026-03-11T02:01:56,compressed_models/modernbert/dense/rte_sg/pretrained_base,rte_sg,validation,,,,bf16,svd,,,,naive,einsum,,,,,,,,,,accuracy,0.465704,63.87,501.0,698.9,698.9,698.9,,,,,,,,
2026-03-11T02:01:56,compressed_models/modernbert/dense/rte_sg/pretrained_base,rte_sg,validation,,,,bf16,svd,,,,sdpa,sdpa,,,,,,,,,,accuracy,0.465704,62.84,509.2,698.9,698.9,698.9,,,,,,,,
2026-03-11T02:01:56,compressed_models/modernbert/dense/rte_sg/pretrained_base,rte_sg,validation,,,,bf16,svd,,,,flashsvd15,flashsvd15,,,,,,,,,,accuracy,0.472924,138.47,231.1,655.1,655.1,655.1,,,,,,,,
2026-03-11T02:02:24,compressed_models/modernbert/dense/wic/pretrained_base,wic,validation,,,,bf16,svd,,,,naive,einsum,,,,,,,,,,accuracy,0.501567,64.64,495.0,739.1,739.1,739.1,,,,,,,,
2026-03-11T02:02:24,compressed_models/modernbert/dense/wic/pretrained_base,wic,validation,,,,bf16,svd,,,,sdpa,sdpa,,,,,,,,,,accuracy,0.501567,64.80,493.8,739.1,739.1,739.1,,,,,,,,
2026-03-11T02:02:24,compressed_models/modernbert/dense/wic/pretrained_base,wic,validation,,,,bf16,svd,,,,flashsvd15,flashsvd15,,,,,,,,,,accuracy,0.501567,141.67,225.9,693.3,693.3,693.3,,,,,,,,
2026-03-11T02:02:44,compressed_models/modernbert/dense/cb/pretrained_base,cb,validation,,,,bf16,svd,,,,naive,einsum,,,,,,,,,,accuracy,0.410714,56.85,562.9,776.6,776.6,776.6,,,,,,,,
2026-03-11T02:02:44,compressed_models/modernbert/dense/cb/pretrained_base,cb,validation,,,,bf16,svd,,,,sdpa,sdpa,,,,,,,,,,accuracy,0.410714,56.01,571.3,776.6,776.6,776.6,,,,,,,,
2026-03-11T02:02:44,compressed_models/modernbert/dense/cb/pretrained_base,cb,validation,,,,bf16,svd,,,,flashsvd15,flashsvd15,,,,,,,,,,accuracy,0.410714,125.35,255.3,731.2,731.2,731.2,,,,,,,,
2026-03-11T02:03:48,compressed_models/modernbert/dense/boolq/pretrained_base,boolq,validation,,,,bf16,fwsvd,,,,naive,einsum,,,,,,,,,,accuracy,0.618960,63.28,505.7,660.7,660.7,660.7,,,,,,,,
2026-03-11T02:03:48,compressed_models/modernbert/dense/boolq/pretrained_base,boolq,validation,,,,bf16,fwsvd,,,,sdpa,sdpa,,,,,,,,,,accuracy,0.618960,62.64,510.8,660.7,660.7,660.7,,,,,,,,
2026-03-11T02:03:48,compressed_models/modernbert/dense/boolq/pretrained_base,boolq,validation,,,,bf16,fwsvd,,,,flashsvd15,flashsvd15,,,,,,,,,,accuracy,0.619572,141.80,225.7,615.7,615.7,615.7,,,,,,,,
2026-03-11T02:04:12,compressed_models/modernbert/dense/rte_sg/pretrained_base,rte_sg,validation,,,,bf16,fwsvd,,,,naive,einsum,,,,,,,,,,accuracy,0.465704,62.89,508.8,698.9,698.9,698.9,,,,,,,,
2026-03-11T02:04:12,compressed_models/modernbert/dense/rte_sg/pretrained_base,rte_sg,validation,,,,bf16,fwsvd,,,,sdpa,sdpa,,,,,,,,,,accuracy,0.465704,62.68,510.5,698.9,698.9,698.9,,,,,,,,
2026-03-11T02:04:12,compressed_models/modernbert/dense/rte_sg/pretrained_base,rte_sg,validation,,,,bf16,fwsvd,,,,flashsvd15,flashsvd15,,,,,,,,,,accuracy,0.465704,137.65,232.5,655.1,655.1,655.1,,,,,,,,
2026-03-11T02:04:38,compressed_models/modernbert/dense/wic/pretrained_base,wic,validation,,,,bf16,fwsvd,,,,naive,einsum,,,,,,,,,,accuracy,0.498433,64.05,499.6,739.1,739.1,739.1,,,,,,,,
2026-03-11T02:04:38,compressed_models/modernbert/dense/wic/pretrained_base,wic,validation,,,,bf16,fwsvd,,,,sdpa,sdpa,,,,,,,,,,accuracy,0.498433,64.10,499.2,739.1,739.1,739.1,,,,,,,,
2026-03-11T02:04:38,compressed_models/modernbert/dense/wic/pretrained_base,wic,validation,,,,bf16,fwsvd,,,,flashsvd15,flashsvd15,,,,,,,,,,accuracy,0.506270,141.18,226.7,681.5,681.5,681.5,,,,,,,,
2026-03-11T02:04:58,compressed_models/modernbert/dense/cb/pretrained_base,cb,validation,,,,bf16,fwsvd,,,,naive,einsum,,,,,,,,,,accuracy,0.410714,57.71,554.5,764.8,764.8,764.8,,,,,,,,
2026-03-11T02:04:58,compressed_models/modernbert/dense/cb/pretrained_base,cb,validation,,,,bf16,fwsvd,,,,sdpa,sdpa,,,,,,,,,,accuracy,0.410714,58.15,550.3,764.8,764.8,764.8,,,,,,,,
2026-03-11T02:04:58,compressed_models/modernbert/dense/cb/pretrained_base,cb,validation,,,,bf16,fwsvd,,,,flashsvd15,flashsvd15,,,,,,,,,,accuracy,0.392857,125.93,254.1,719.0,719.0,719.0,,,,,,,,
2026-03-11T02:06:06,compressed_models/modernbert/dense/boolq/pretrained_base,boolq,validation,,,,bf16,drone,,,,naive,einsum,,,,,,,,,,accuracy,0.621713,61.76,518.2,660.7,660.7,660.7,,,,,,,,
2026-03-11T02:06:06,compressed_models/modernbert/dense/boolq/pretrained_base,boolq,validation,,,,bf16,drone,,,,sdpa,sdpa,,,,,,,,,,accuracy,0.621713,62.88,508.9,660.7,660.7,660.7,,,,,,,,
2026-03-11T02:06:06,compressed_models/modernbert/dense/boolq/pretrained_base,boolq,validation,,,,bf16,drone,,,,flashsvd15,flashsvd15,,,,,,,,,,accuracy,0.621713,141.74,225.8,615.7,615.7,615.7,,,,,,,,
2026-03-11T02:06:29,compressed_models/modernbert/dense/rte_sg/pretrained_base,rte_sg,validation,,,,bf16,drone,,,,naive,einsum,,,,,,,,,,accuracy,0.527076,62.73,510.1,698.9,698.9,698.9,,,,,,,,
2026-03-11T02:06:29,compressed_models/modernbert/dense/rte_sg/pretrained_base,rte_sg,validation,,,,bf16,drone,,,,sdpa,sdpa,,,,,,,,,,accuracy,0.527076,62.76,509.9,698.9,698.9,698.9,,,,,,,,
2026-03-11T02:06:29,compressed_models/modernbert/dense/rte_sg/pretrained_base,rte_sg,validation,,,,bf16,drone,,,,flashsvd15,flashsvd15,,,,,,,,,,accuracy,0.527076,137.58,232.6,655.1,655.1,655.1,,,,,,,,
2026-03-11T02:07:07,compressed_models/modernbert/dense/cb/pretrained_base,cb,validation,,,,bf16,drone,,,,naive,einsum,,,,,,,,,,accuracy,0.464286,56.05,571.0,739.1,739.1,739.1,,,,,,,,
2026-03-11T02:07:07,compressed_models/modernbert/dense/cb/pretrained_base,cb,validation,,,,bf16,drone,,,,sdpa,sdpa,,,,,,,,,,accuracy,0.464286,56.13,570.1,739.1,739.1,739.1,,,,,,,,
2026-03-11T02:07:07,compressed_models/modernbert/dense/cb/pretrained_base,cb,validation,,,,bf16,drone,,,,flashsvd15,flashsvd15,,,,,,,,,,accuracy,0.410714,125.91,254.2,681.5,681.5,681.5,,,,,,,,
2026-03-11T02:08:27,compressed_models/modernbert/dense/boolq/pretrained_base,boolq,validation,,,,bf16,adasvd,,0.527,,naive,einsum,,,,,,,,,,accuracy,0.583486,73.58,434.9,779.8,779.8,779.8,,,,,,,,
2026-03-11T02:08:27,compressed_models/modernbert/dense/boolq/pretrained_base,boolq,validation,,,,bf16,adasvd,,0.527,,sdpa,sdpa,,,,,,,,,,accuracy,0.583486,72.56,441.0,779.8,779.8,779.8,,,,,,,,
2026-03-11T02:08:27,compressed_models/modernbert/dense/boolq/pretrained_base,boolq,validation,,,,bf16,adasvd,,0.527,,flashsvd15,flashsvd15,,,,,,,,,,accuracy,0.584709,226.23,141.5,735.2,735.2,735.2,,,,,,,,
2026-03-11T02:08:58,compressed_models/modernbert/dense/rte_sg/pretrained_base,rte_sg,validation,,,,bf16,adasvd,,0.527,,naive,einsum,,,,,,,,,,accuracy,0.527076,71.76,445.9,824.3,824.3,824.3,,,,,,,,
2026-03-11T02:08:58,compressed_models/modernbert/dense/rte_sg/pretrained_base,rte_sg,validation,,,,bf16,adasvd,,0.527,,sdpa,sdpa,,,,,,,,,,accuracy,0.527076,71.95,444.8,824.3,824.3,824.3,,,,,,,,
2026-03-11T02:08:58,compressed_models/modernbert/dense/rte_sg/pretrained_base,rte_sg,validation,,,,bf16,adasvd,,0.527,,flashsvd15,flashsvd15,,,,,,,,,,accuracy,0.527076,224.41,142.6,779.3,779.3,779.3,,,,,,,,
2026-03-11T02:09:34,compressed_models/modernbert/dense/wic/pretrained_base,wic,validation,,,,bf16,adasvd,,0.527,,naive,einsum,,,,,,,,,,accuracy,0.521944,73.72,434.1,866.2,866.2,866.2,,,,,,,,
2026-03-11T02:09:34,compressed_models/modernbert/dense/wic/pretrained_base,wic,validation,,,,bf16,adasvd,,0.527,,sdpa,sdpa,,,,,,,,,,accuracy,0.521944,73.63,434.6,866.2,866.2,866.2,,,,,,,,
2026-03-11T02:09:34,compressed_models/modernbert/dense/wic/pretrained_base,wic,validation,,,,bf16,adasvd,,0.527,,flashsvd15,flashsvd15,,,,,,,,,,accuracy,0.521944,237.62,134.7,820.8,820.8,820.8,,,,,,,,
2026-03-11T02:13:26,compressed_models/modernbert/dense/boolq/pretrained_base,boolq,validation,,,,bf16,svd,,,,naive,einsum,,,,,,,,,,accuracy,0.607645,62.01,516.1,660.7,660.7,660.7,,,,,,,,
2026-03-11T02:13:26,compressed_models/modernbert/dense/boolq/pretrained_base,boolq,validation,,,,bf16,svd,,,,sdpa,sdpa,,,,,,,,,,accuracy,0.607645,61.76,518.1,660.7,660.7,660.7,,,,,,,,
2026-03-11T02:13:26,compressed_models/modernbert/dense/boolq/pretrained_base,boolq,validation,,,,bf16,svd,,,,flashsvd15,flashsvd15,,,,,,,,,,accuracy,0.607951,141.05,226.9,615.7,615.7,615.7,,,,,,,,
2026-03-11T02:13:50,compressed_models/modernbert/dense/rte_sg/pretrained_base,rte_sg,validation,,,,bf16,svd,,,,naive,einsum,,,,,,,,,,accuracy,0.465704,62.24,514.1,698.9,698.9,698.9,,,,,,,,
2026-03-11T02:13:50,compressed_models/modernbert/dense/rte_sg/pretrained_base,rte_sg,validation,,,,bf16,svd,,,,sdpa,sdpa,,,,,,,,,,accuracy,0.465704,62.55,511.6,698.9,698.9,698.9,,,,,,,,
2026-03-11T02:13:50,compressed_models/modernbert/dense/rte_sg/pretrained_base,rte_sg,validation,,,,bf16,svd,,,,flashsvd15,flashsvd15,,,,,,,,,,accuracy,0.472924,137.20,233.2,655.1,655.1,655.1,,,,,,,,
2026-03-11T02:14:16,compressed_models/modernbert/dense/wic/pretrained_base,wic,validation,,,,bf16,svd,,,,naive,einsum,,,,,,,,,,accuracy,0.501567,63.54,503.6,739.1,739.1,739.1,,,,,,,,
2026-03-11T02:14:16,compressed_models/modernbert/dense/wic/pretrained_base,wic,validation,,,,bf16,svd,,,,sdpa,sdpa,,,,,,,,,,accuracy,0.501567,61.13,523.5,739.1,739.1,739.1,,,,,,,,
2026-03-11T02:14:16,compressed_models/modernbert/dense/wic/pretrained_base,wic,validation,,,,bf16,svd,,,,flashsvd15,flashsvd15,,,,,,,,,,accuracy,0.501567,141.00,226.9,681.5,681.5,681.5,,,,,,,,
2026-03-11T02:14:36,compressed_models/modernbert/dense/cb/pretrained_base,cb,validation,,,,bf16,svd,,,,naive,einsum,,,,,,,,,,accuracy,0.410714,56.72,564.2,764.8,764.8,764.8,,,,,,,,
2026-03-11T02:14:36,compressed_models/modernbert/dense/cb/pretrained_base,cb,validation,,,,bf16,svd,,,,sdpa,sdpa,,,,,,,,,,accuracy,0.410714,56.44,566.9,764.8,764.8,764.8,,,,,,,,
2026-03-11T02:14:36,compressed_models/modernbert/dense/cb/pretrained_base,cb,validation,,,,bf16,svd,,,,flashsvd15,flashsvd15,,,,,,,,,,accuracy,0.410714,124.26,257.5,719.0,719.0,719.0,,,,,,,,
2026-03-11T02:15:38,compressed_models/modernbert/dense/boolq/pretrained_base,boolq,validation,,,,bf16,fwsvd,,,,naive,einsum,,,,,,,,,,accuracy,0.618960,62.17,514.7,660.7,660.7,660.7,,,,,,,,
2026-03-11T02:15:38,compressed_models/modernbert/dense/boolq/pretrained_base,boolq,validation,,,,bf16,fwsvd,,,,sdpa,sdpa,,,,,,,,,,accuracy,0.618960,61.72,518.5,660.7,660.7,660.7,,,,,,,,
2026-03-11T02:15:38,compressed_models/modernbert/dense/boolq/pretrained_base,boolq,validation,,,,bf16,fwsvd,,,,flashsvd15,flashsvd15,,,,,,,,,,accuracy,0.619572,140.78,227.3,615.7,615.7,615.7,,,,,,,,
2026-03-11T02:16:01,compressed_models/modernbert/dense/rte_sg/pretrained_base,rte_sg,validation,,,,bf16,fwsvd,,,,naive,einsum,,,,,,,,,,accuracy,0.465704,59.98,533.5,698.9,698.9,698.9,,,,,,,,
2026-03-11T02:16:01,compressed_models/modernbert/dense/rte_sg/pretrained_base,rte_sg,validation,,,,bf16,fwsvd,,,,sdpa,sdpa,,,,,,,,,,accuracy,0.465704,60.03,533.1,698.9,698.9,698.9,,,,,,,,
2026-03-11T02:16:01,compressed_models/modernbert/dense/rte_sg/pretrained_base,rte_sg,validation,,,,bf16,fwsvd,,,,flashsvd15,flashsvd15,,,,,,,,,,accuracy,0.465704,135.36,236.4,655.1,655.1,655.1,,,,,,,,
2026-03-11T02:16:27,compressed_models/modernbert/dense/wic/pretrained_base,wic,validation,,,,bf16,fwsvd,,,,naive,einsum,,,,,,,,,,accuracy,0.498433,61.97,516.4,739.1,739.1,739.1,,,,,,,,
2026-03-11T02:16:27,compressed_models/modernbert/dense/wic/pretrained_base,wic,validation,,,,bf16,fwsvd,,,,sdpa,sdpa,,,,,,,,,,accuracy,0.498433,61.89,517.1,739.1,739.1,739.1,,,,,,,,
2026-03-11T02:16:27,compressed_models/modernbert/dense/wic/pretrained_base,wic,validation,,,,bf16,fwsvd,,,,flashsvd15,flashsvd15,,,,,,,,,,accuracy,0.495298,139.70,229.1,693.3,693.3,693.3,,,,,,,,
2026-03-11T02:16:46,compressed_models/modernbert/dense/cb/pretrained_base,cb,validation,,,,bf16,fwsvd,,,,naive,einsum,,,,,,,,,,accuracy,0.410714,53.98,592.8,776.6,776.6,776.6,,,,,,,,
2026-03-11T02:16:46,compressed_models/modernbert/dense/cb/pretrained_base,cb,validation,,,,bf16,fwsvd,,,,sdpa,sdpa,,,,,,,,,,accuracy,0.410714,55.70,574.5,776.6,776.6,776.6,,,,,,,,
2026-03-11T02:16:46,compressed_models/modernbert/dense/cb/pretrained_base,cb,validation,,,,bf16,fwsvd,,,,flashsvd15,flashsvd15,,,,,,,,,,accuracy,0.392857,123.12,259.9,731.2,731.2,731.2,,,,,,,,
2026-03-11T02:17:51,compressed_models/modernbert/dense/boolq/pretrained_base,boolq,validation,,,,bf16,drone,,,,naive,einsum,,,,,,,,,,accuracy,0.621713,63.24,506.0,660.7,660.7,660.7,,,,,,,,
2026-03-11T02:17:51,compressed_models/modernbert/dense/boolq/pretrained_base,boolq,validation,,,,bf16,drone,,,,sdpa,sdpa,,,,,,,,,,accuracy,0.621713,62.87,509.0,660.7,660.7,660.7,,,,,,,,
2026-03-11T02:17:51,compressed_models/modernbert/dense/boolq/pretrained_base,boolq,validation,,,,bf16,drone,,,,flashsvd15,flashsvd15,,,,,,,,,,accuracy,0.621713,141.85,225.6,615.7,615.7,615.7,,,,,,,,
2026-03-11T02:18:15,compressed_models/modernbert/dense/rte_sg/pretrained_base,rte_sg,validation,,,,bf16,drone,,,,naive,einsum,,,,,,,,,,accuracy,0.527076,63.70,502.4,698.9,698.9,698.9,,,,,,,,
2026-03-11T02:18:15,compressed_models/modernbert/dense/rte_sg/pretrained_base,rte_sg,validation,,,,bf16,drone,,,,sdpa,sdpa,,,,,,,,,,accuracy,0.527076,62.90,508.7,698.9,698.9,698.9,,,,,,,,
2026-03-11T02:18:15,compressed_models/modernbert/dense/rte_sg/pretrained_base,rte_sg,validation,,,,bf16,drone,,,,flashsvd15,flashsvd15,,,,,,,,,,accuracy,0.527076,136.97,233.6,655.1,655.1,655.1,,,,,,,,
2026-03-11T02:18:52,compressed_models/modernbert/dense/cb/pretrained_base,cb,validation,,,,bf16,drone,,,,naive,einsum,,,,,,,,,,accuracy,0.464286,55.51,576.4,739.1,739.1,739.1,,,,,,,,
2026-03-11T02:18:52,compressed_models/modernbert/dense/cb/pretrained_base,cb,validation,,,,bf16,drone,,,,sdpa,sdpa,,,,,,,,,,accuracy,0.464286,55.51,576.5,739.1,739.1,739.1,,,,,,,,
2026-03-11T02:18:52,compressed_models/modernbert/dense/cb/pretrained_base,cb,validation,,,,bf16,drone,,,,flashsvd15,flashsvd15,,,,,,,,,,accuracy,0.464286,124.57,256.9,693.3,693.3,693.3,,,,,,,,
2026-03-11T02:20:12,compressed_models/modernbert/dense/boolq/pretrained_base,boolq,validation,,,,bf16,adasvd,,0.527,,naive,einsum,,,,,,,,,,accuracy,0.583486,72.30,442.6,779.8,779.8,779.8,,,,,,,,
2026-03-11T02:20:12,compressed_models/modernbert/dense/boolq/pretrained_base,boolq,validation,,,,bf16,adasvd,,0.527,,sdpa,sdpa,,,,,,,,,,accuracy,0.583486,73.77,433.8,779.8,779.8,779.8,,,,,,,,
2026-03-11T02:20:12,compressed_models/modernbert/dense/boolq/pretrained_base,boolq,validation,,,,bf16,adasvd,,0.527,,flashsvd15,flashsvd15,,,,,,,,,,accuracy,0.584709,222.91,143.6,735.2,735.2,735.2,,,,,,,,
2026-03-11T02:20:42,compressed_models/modernbert/dense/rte_sg/pretrained_base,rte_sg,validation,,,,bf16,adasvd,,0.527,,naive,einsum,,,,,,,,,,accuracy,0.527076,69.45,460.8,824.3,824.3,824.3,,,,,,,,
2026-03-11T02:20:42,compressed_models/modernbert/dense/rte_sg/pretrained_base,rte_sg,validation,,,,bf16,adasvd,,0.527,,sdpa,sdpa,,,,,,,,,,accuracy,0.527076,69.29,461.8,824.3,824.3,824.3,,,,,,,,
2026-03-11T02:20:42,compressed_models/modernbert/dense/rte_sg/pretrained_base,rte_sg,validation,,,,bf16,adasvd,,0.527,,flashsvd15,flashsvd15,,,,,,,,,,accuracy,0.527076,223.09,143.4,779.3,779.3,779.3,,,,,,,,
2026-03-11T02:21:18,compressed_models/modernbert/dense/wic/pretrained_base,wic,validation,,,,bf16,adasvd,,0.527,,naive,einsum,,,,,,,,,,accuracy,0.521944,73.09,437.8,866.2,866.2,866.2,,,,,,,,
2026-03-11T02:21:18,compressed_models/modernbert/dense/wic/pretrained_base,wic,validation,,,,bf16,adasvd,,0.527,,sdpa,sdpa,,,,,,,,,,accuracy,0.521944,74.90,427.2,866.2,866.2,866.2,,,,,,,,
2026-03-11T02:21:18,compressed_models/modernbert/dense/wic/pretrained_base,wic,validation,,,,bf16,adasvd,,0.527,,flashsvd15,flashsvd15,,,,,,,,,,accuracy,0.521944,236.10,135.5,820.8,820.8,820.8,,,,,,,,
2026-03-11T02:27:11,compressed_models/modernbert/dense/boolq/pretrained_base,boolq,validation,,,,bf16,svd,,,,naive,einsum,,,,,,,,,,accuracy,0.607645,62.39,512.9,660.7,660.7,660.7,,,,,,,,
2026-03-11T02:27:11,compressed_models/modernbert/dense/boolq/pretrained_base,boolq,validation,,,,bf16,svd,,,,sdpa,sdpa,,,,,,,,,,accuracy,0.607645,62.89,508.8,660.7,660.7,660.7,,,,,,,,
2026-03-11T02:27:11,compressed_models/modernbert/dense/boolq/pretrained_base,boolq,validation,,,,bf16,svd,,,,flashsvd15,flashsvd15,,,,,,,,,,accuracy,0.607951,144.35,221.7,615.7,615.7,615.7,,,,,,,,
2026-03-11T02:27:35,compressed_models/modernbert/dense/rte_sg/pretrained_base,rte_sg,validation,,,,bf16,svd,,,,naive,einsum,,,,,,,,,,accuracy,0.465704,60.77,526.6,698.9,698.9,698.9,,,,,,,,
2026-03-11T02:27:35,compressed_models/modernbert/dense/rte_sg/pretrained_base,rte_sg,validation,,,,bf16,svd,,,,sdpa,sdpa,,,,,,,,,,accuracy,0.465704,64.06,499.5,698.9,698.9,698.9,,,,,,,,
2026-03-11T02:27:35,compressed_models/modernbert/dense/rte_sg/pretrained_base,rte_sg,validation,,,,bf16,svd,,,,flashsvd15,flashsvd15,,,,,,,,,,accuracy,0.472924,139.36,229.6,655.1,655.1,655.1,,,,,,,,
2026-03-11T02:28:02,compressed_models/modernbert/dense/wic/pretrained_base,wic,validation,,,,bf16,svd,,,,naive,einsum,,,,,,,,,,accuracy,0.501567,64.58,495.5,739.1,739.1,739.1,,,,,,,,
2026-03-11T02:28:02,compressed_models/modernbert/dense/wic/pretrained_base,wic,validation,,,,bf16,svd,,,,sdpa,sdpa,,,,,,,,,,accuracy,0.501567,64.58,495.5,739.1,739.1,739.1,,,,,,,,
2026-03-11T02:28:02,compressed_models/modernbert/dense/wic/pretrained_base,wic,validation,,,,bf16,svd,,,,flashsvd15,flashsvd15,,,,,,,,,,accuracy,0.501567,140.06,228.5,693.3,693.3,693.3,,,,,,,,
2026-03-11T02:28:22,compressed_models/modernbert/dense/cb/pretrained_base,cb,validation,,,,bf16,svd,,,,naive,einsum,,,,,,,,,,accuracy,0.410714,60.80,526.3,776.6,776.6,776.6,,,,,,,,
2026-03-11T02:28:22,compressed_models/modernbert/dense/cb/pretrained_base,cb,validation,,,,bf16,svd,,,,sdpa,sdpa,,,,,,,,,,accuracy,0.410714,58.95,542.8,776.6,776.6,776.6,,,,,,,,
2026-03-11T02:28:22,compressed_models/modernbert/dense/cb/pretrained_base,cb,validation,,,,bf16,svd,,,,flashsvd15,flashsvd15,,,,,,,,,,accuracy,0.410714,124.95,256.1,731.2,731.2,731.2,,,,,,,,
2026-03-11T02:29:27,compressed_models/modernbert/dense/boolq/pretrained_base,boolq,validation,,,,bf16,fwsvd,,,,naive,einsum,,,,,,,,,,accuracy,0.618960,61.71,518.6,660.7,660.7,660.7,,,,,,,,
2026-03-11T02:29:27,compressed_models/modernbert/dense/boolq/pretrained_base,boolq,validation,,,,bf16,fwsvd,,,,sdpa,sdpa,,,,,,,,,,accuracy,0.618960,62.19,514.6,660.7,660.7,660.7,,,,,,,,
2026-03-11T02:29:27,compressed_models/modernbert/dense/boolq/pretrained_base,boolq,validation,,,,bf16,fwsvd,,,,flashsvd15,flashsvd15,,,,,,,,,,accuracy,0.619572,141.25,226.6,615.7,615.7,615.7,,,,,,,,
2026-03-11T02:29:50,compressed_models/modernbert/dense/rte_sg/pretrained_base,rte_sg,validation,,,,bf16,fwsvd,,,,naive,einsum,,,,,,,,,,accuracy,0.465704,62.68,510.5,698.9,698.9,698.9,,,,,,,,
2026-03-11T02:29:50,compressed_models/modernbert/dense/rte_sg/pretrained_base,rte_sg,validation,,,,bf16,fwsvd,,,,sdpa,sdpa,,,,,,,,,,accuracy,0.465704,62.27,513.9,698.9,698.9,698.9,,,,,,,,
2026-03-11T02:29:50,compressed_models/modernbert/dense/rte_sg/pretrained_base,rte_sg,validation,,,,bf16,fwsvd,,,,flashsvd15,flashsvd15,,,,,,,,,,accuracy,0.465704,135.89,235.5,655.1,655.1,655.1,,,,,,,,
2026-03-11T02:30:18,compressed_models/modernbert/dense/wic/pretrained_base,wic,validation,,,,bf16,fwsvd,,,,naive,einsum,,,,,,,,,,accuracy,0.498433,64.21,498.4,739.1,739.1,739.1,,,,,,,,
2026-03-11T02:30:18,compressed_models/modernbert/dense/wic/pretrained_base,wic,validation,,,,bf16,fwsvd,,,,sdpa,sdpa,,,,,,,,,,accuracy,0.498433,64.07,499.4,739.1,739.1,739.1,,,,,,,,
2026-03-11T02:30:18,compressed_models/modernbert/dense/wic/pretrained_base,wic,validation,,,,bf16,fwsvd,,,,flashsvd15,flashsvd15,,,,,,,,,,accuracy,0.506270,141.90,225.5,681.5,681.5,681.5,,,,,,,,
2026-03-11T02:30:37,compressed_models/modernbert/dense/cb/pretrained_base,cb,validation,,,,bf16,fwsvd,,,,naive,einsum,,,,,,,,,,accuracy,0.410714,54.66,585.4,764.8,764.8,764.8,,,,,,,,
2026-03-11T02:30:37,compressed_models/modernbert/dense/cb/pretrained_base,cb,validation,,,,bf16,fwsvd,,,,sdpa,sdpa,,,,,,,,,,accuracy,0.410714,54.76,584.3,764.8,764.8,764.8,,,,,,,,
2026-03-11T02:30:37,compressed_models/modernbert/dense/cb/pretrained_base,cb,validation,,,,bf16,fwsvd,,,,flashsvd15,flashsvd15,,,,,,,,,,accuracy,0.392857,123.34,259.5,719.0,719.0,719.0,,,,,,,,
2026-03-11T02:31:40,compressed_models/modernbert/dense/boolq/pretrained_base,boolq,validation,,,,bf16,drone,,,,naive,einsum,,,,,,,,,,accuracy,0.621713,61.71,518.6,660.7,660.7,660.7,,,,,,,,
2026-03-11T02:31:40,compressed_models/modernbert/dense/boolq/pretrained_base,boolq,validation,,,,bf16,drone,,,,sdpa,sdpa,,,,,,,,,,accuracy,0.621713,62.04,515.8,660.7,660.7,660.7,,,,,,,,
2026-03-11T02:31:40,compressed_models/modernbert/dense/boolq/pretrained_base,boolq,validation,,,,bf16,drone,,,,flashsvd15,flashsvd15,,,,,,,,,,accuracy,0.621713,141.75,225.7,615.7,615.7,615.7,,,,,,,,
2026-03-11T02:32:02,compressed_models/modernbert/dense/rte_sg/pretrained_base,rte_sg,validation,,,,bf16,drone,,,,naive,einsum,,,,,,,,,,accuracy,0.527076,59.89,534.4,698.9,698.9,698.9,,,,,,,,
2026-03-11T02:32:02,compressed_models/modernbert/dense/rte_sg/pretrained_base,rte_sg,validation,,,,bf16,drone,,,,sdpa,sdpa,,,,,,,,,,accuracy,0.527076,60.61,528.0,698.9,698.9,698.9,,,,,,,,
2026-03-11T02:32:02,compressed_models/modernbert/dense/rte_sg/pretrained_base,rte_sg,validation,,,,bf16,drone,,,,flashsvd15,flashsvd15,,,,,,,,,,accuracy,0.527076,135.43,236.3,655.1,655.1,655.1,,,,,,,,
2026-03-11T02:32:41,compressed_models/modernbert/dense/cb/pretrained_base,cb,validation,,,,bf16,drone,,,,naive,einsum,,,,,,,,,,accuracy,0.464286,53.77,595.2,739.1,739.1,739.1,,,,,,,,
2026-03-11T02:32:41,compressed_models/modernbert/dense/cb/pretrained_base,cb,validation,,,,bf16,drone,,,,sdpa,sdpa,,,,,,,,,,accuracy,0.464286,55.92,572.3,739.1,739.1,739.1,,,,,,,,
2026-03-11T02:32:41,compressed_models/modernbert/dense/cb/pretrained_base,cb,validation,,,,bf16,drone,,,,flashsvd15,flashsvd15,,,,,,,,,,accuracy,0.410714,125.60,254.8,681.5,681.5,681.5,,,,,,,,
2026-03-11T02:33:59,compressed_models/modernbert/dense/boolq/pretrained_base,boolq,validation,,,,bf16,adasvd,,0.527,,naive,einsum,,,,,,,,,,accuracy,0.583486,71.72,446.2,779.8,779.8,779.8,,,,,,,,
2026-03-11T02:33:59,compressed_models/modernbert/dense/boolq/pretrained_base,boolq,validation,,,,bf16,adasvd,,0.527,,sdpa,sdpa,,,,,,,,,,accuracy,0.583486,72.33,442.4,779.8,779.8,779.8,,,,,,,,
2026-03-11T02:33:59,compressed_models/modernbert/dense/boolq/pretrained_base,boolq,validation,,,,bf16,adasvd,,0.527,,flashsvd15,flashsvd15,,,,,,,,,,accuracy,0.584709,223.66,143.1,735.2,735.2,735.2,,,,,,,,
2026-03-11T02:34:29,compressed_models/modernbert/dense/rte_sg/pretrained_base,rte_sg,validation,,,,bf16,adasvd,,0.527,,naive,einsum,,,,,,,,,,accuracy,0.527076,70.26,455.4,824.3,824.3,824.3,,,,,,,,
2026-03-11T02:34:29,compressed_models/modernbert/dense/rte_sg/pretrained_base,rte_sg,validation,,,,bf16,adasvd,,0.527,,sdpa,sdpa,,,,,,,,,,accuracy,0.527076,69.08,463.2,824.3,824.3,824.3,,,,,,,,
2026-03-11T02:34:29,compressed_models/modernbert/dense/rte_sg/pretrained_base,rte_sg,validation,,,,bf16,adasvd,,0.527,,flashsvd15,flashsvd15,,,,,,,,,,accuracy,0.527076,223.33,143.3,779.3,779.3,779.3,,,,,,,,
2026-03-11T02:35:06,compressed_models/modernbert/dense/wic/pretrained_base,wic,validation,,,,bf16,adasvd,,0.527,,naive,einsum,,,,,,,,,,accuracy,0.521944,74.11,431.8,866.2,866.2,866.2,,,,,,,,
2026-03-11T02:35:06,compressed_models/modernbert/dense/wic/pretrained_base,wic,validation,,,,bf16,adasvd,,0.527,,sdpa,sdpa,,,,,,,,,,accuracy,0.521944,74.94,427.0,866.2,866.2,866.2,,,,,,,,
2026-03-11T02:35:06,compressed_models/modernbert/dense/wic/pretrained_base,wic,validation,,,,bf16,adasvd,,0.527,,flashsvd15,flashsvd15,,,,,,,,,,accuracy,0.521944,236.82,135.1,820.8,820.8,820.8,,,,,,,,
2026-03-11T02:35:32,compressed_models/modernbert/dense/cb/pretrained_base,cb,validation,,,,bf16,adasvd,,0.527,,naive,einsum,,,,,,,,,,accuracy,0.660714,66.70,479.7,902.7,902.7,902.7,,,,,,,,
2026-03-11T02:35:32,compressed_models/modernbert/dense/cb/pretrained_base,cb,validation,,,,bf16,adasvd,,0.527,,sdpa,sdpa,,,,,,,,,,accuracy,0.660714,65.95,485.2,902.7,902.7,902.7,,,,,,,,
2026-03-11T02:35:32,compressed_models/modernbert/dense/cb/pretrained_base,cb,validation,,,,bf16,adasvd,,0.527,,flashsvd15,flashsvd15,,,,,,,,,,accuracy,0.660714,208.62,153.4,858.3,858.3,858.3,,,,,,,,
2026-03-11T02:36:36,answerdotai/ModernBERT-base,copa,validation,,,,bf16,svd,,,,naive,einsum,,,,,,,,,,accuracy,0.540000,125.28,510.8,1168.9,1168.9,1168.9,,,,,,,,
2026-03-11T02:36:36,answerdotai/ModernBERT-base,copa,validation,,,,bf16,svd,,,,sdpa,sdpa,,,,,,,,,,accuracy,0.540000,124.13,515.6,1168.9,1168.9,1168.9,,,,,,,,
2026-03-11T02:36:36,answerdotai/ModernBERT-base,copa,validation,,,,bf16,svd,,,,flashsvd15,flashsvd15,,,,,,,,,,accuracy,0.530000,236.29,270.9,1039.6,1039.6,1039.6,,,,,,,,
2026-03-11T02:41:23,answerdotai/ModernBERT-base,hans,validation,,,,bf16,svd,,,,naive,einsum,,,,,,,,,,accuracy,0.515067,63.39,504.8,698.6,698.6,698.6,,,,,,,,
2026-03-11T02:41:23,answerdotai/ModernBERT-base,hans,validation,,,,bf16,svd,,,,sdpa,sdpa,,,,,,,,,,accuracy,0.515067,62.96,508.2,698.6,698.6,698.6,,,,,,,,
2026-03-11T02:41:23,answerdotai/ModernBERT-base,hans,validation,,,,bf16,svd,,,,flashsvd15,flashsvd15,,,,,,,,,,accuracy,0.515400,141.46,226.2,653.6,653.6,653.6,,,,,,,,
2026-03-11T02:41:53,answerdotai/ModernBERT-base,anli_r1,validation,,,,bf16,svd,,,,naive,einsum,,,,,,,,,,accuracy,0.322000,64.75,494.2,736.8,736.8,736.8,,,,,,,,
2026-03-11T02:41:53,answerdotai/ModernBERT-base,anli_r1,validation,,,,bf16,svd,,,,sdpa,sdpa,,,,,,,,,,accuracy,0.322000,62.74,510.0,736.8,736.8,736.8,,,,,,,,
2026-03-11T02:41:53,answerdotai/ModernBERT-base,anli_r1,validation,,,,bf16,svd,,,,flashsvd15,flashsvd15,,,,,,,,,,accuracy,0.322000,142.50,224.6,691.3,691.3,691.3,,,,,,,,
2026-03-11T02:42:24,answerdotai/ModernBERT-base,anli_r2,validation,,,,bf16,svd,,,,naive,einsum,,,,,,,,,,accuracy,0.327000,64.40,496.9,774.5,774.5,774.5,,,,,,,,
2026-03-11T02:42:24,answerdotai/ModernBERT-base,anli_r2,validation,,,,bf16,svd,,,,sdpa,sdpa,,,,,,,,,,accuracy,0.327000,65.16,491.1,774.5,774.5,774.5,,,,,,,,
2026-03-11T02:42:24,answerdotai/ModernBERT-base,anli_r2,validation,,,,bf16,svd,,,,flashsvd15,flashsvd15,,,,,,,,,,accuracy,0.328000,139.24,229.8,728.8,728.8,728.8,,,,,,,,
2026-03-11T02:42:56,answerdotai/ModernBERT-base,anli_r3,validation,,,,bf16,svd,,,,naive,einsum,,,,,,,,,,accuracy,0.343333,66.38,482.1,812.0,812.0,812.0,,,,,,,,
2026-03-11T02:42:56,answerdotai/ModernBERT-base,anli_r3,validation,,,,bf16,svd,,,,sdpa,sdpa,,,,,,,,,,accuracy,0.343333,63.97,500.3,812.0,812.0,812.0,,,,,,,,
2026-03-11T02:42:56,answerdotai/ModernBERT-base,anli_r3,validation,,,,bf16,svd,,,,flashsvd15,flashsvd15,,,,,,,,,,accuracy,0.343333,142.06,225.3,766.6,766.6,766.6,,,,,,,,
2026-03-11T02:43:47,compressed_models/modernbert/dense/mnli/pretrained_base,copa,validation,,,,bf16,fwsvd,,,,naive,einsum,,,,,,,,,,accuracy,0.490000,128.88,496.6,1168.9,1168.9,1168.9,,,,,,,,
2026-03-11T02:43:47,compressed_models/modernbert/dense/mnli/pretrained_base,copa,validation,,,,bf16,fwsvd,,,,sdpa,sdpa,,,,,,,,,,accuracy,0.490000,126.03,507.8,1168.9,1168.9,1168.9,,,,,,,,
2026-03-11T02:43:47,compressed_models/modernbert/dense/mnli/pretrained_base,copa,validation,,,,bf16,fwsvd,,,,flashsvd15,flashsvd15,,,,,,,,,,accuracy,0.490000,239.08,267.7,1039.6,1039.6,1039.6,,,,,,,,
2026-03-11T02:44:18,compressed_models/modernbert/dense/mnli/pretrained_base,anli_r1,validation,,,,bf16,fwsvd,,,,naive,einsum,,,,,,,,,,accuracy,0.348000,65.44,489.0,698.6,698.6,698.6,,,,,,,,
2026-03-11T02:44:18,compressed_models/modernbert/dense/mnli/pretrained_base,anli_r1,validation,,,,bf16,fwsvd,,,,sdpa,sdpa,,,,,,,,,,accuracy,0.348000,65.41,489.2,698.6,698.6,698.6,,,,,,,,
2026-03-11T02:44:18,compressed_models/modernbert/dense/mnli/pretrained_base,anli_r1,validation,,,,bf16,fwsvd,,,,flashsvd15,flashsvd15,,,,,,,,,,accuracy,0.345000,141.37,226.4,653.6,653.6,653.6,,,,,,,,
2026-03-11T02:44:47,compressed_models/modernbert/dense/mnli/pretrained_base,anli_r2,validation,,,,bf16,fwsvd,,,,naive,einsum,,,,,,,,,,accuracy,0.358000,64.65,495.0,736.8,736.8,736.8,,,,,,,,
2026-03-11T02:44:47,compressed_models/modernbert/dense/mnli/pretrained_base,anli_r2,validation,,,,bf16,fwsvd,,,,sdpa,sdpa,,,,,,,,,,accuracy,0.358000,64.96,492.6,736.8,736.8,736.8,,,,,,,,
2026-03-11T02:44:47,compressed_models/modernbert/dense/mnli/pretrained_base,anli_r2,validation,,,,bf16,fwsvd,,,,flashsvd15,flashsvd15,,,,,,,,,,accuracy,0.354000,140.74,227.4,691.3,691.3,691.3,,,,,,,,
2026-03-11T02:45:18,compressed_models/modernbert/dense/mnli/pretrained_base,anli_r3,validation,,,,bf16,fwsvd,,,,naive,einsum,,,,,,,,,,accuracy,0.341667,66.19,483.4,774.5,774.5,774.5,,,,,,,,
2026-03-11T02:45:18,compressed_models/modernbert/dense/mnli/pretrained_base,anli_r3,validation,,,,bf16,fwsvd,,,,sdpa,sdpa,,,,,,,,,,accuracy,0.341667,62.01,516.0,774.5,774.5,774.5,,,,,,,,
2026-03-11T02:45:18,compressed_models/modernbert/dense/mnli/pretrained_base,anli_r3,validation,,,,bf16,fwsvd,,,,flashsvd15,flashsvd15,,,,,,,,,,accuracy,0.344167,141.80,225.7,716.9,716.9,716.9,,,,,,,,
2026-03-11T02:46:08,answerdotai/ModernBERT-base,copa,validation,,,,bf16,drone,,,,naive,einsum,,,,,,,,,,accuracy,0.470000,127.28,502.8,1168.9,1168.9,1168.9,,,,,,,,
2026-03-11T02:46:08,answerdotai/ModernBERT-base,copa,validation,,,,bf16,drone,,,,sdpa,sdpa,,,,,,,,,,accuracy,0.470000,125.37,510.5,1168.9,1168.9,1168.9,,,,,,,,
2026-03-11T02:46:08,answerdotai/ModernBERT-base,copa,validation,,,,bf16,drone,,,,flashsvd15,flashsvd15,,,,,,,,,,accuracy,0.520000,236.16,271.0,1039.6,1039.6,1039.6,,,,,,,,
2026-03-11T02:50:57,answerdotai/ModernBERT-base,hans,validation,,,,bf16,drone,,,,naive,einsum,,,,,,,,,,accuracy,0.509933,63.49,504.0,698.6,698.6,698.6,,,,,,,,
2026-03-11T02:50:57,answerdotai/ModernBERT-base,hans,validation,,,,bf16,drone,,,,sdpa,sdpa,,,,,,,,,,accuracy,0.509933,63.79,501.6,698.6,698.6,698.6,,,,,,,,
2026-03-11T02:50:57,answerdotai/ModernBERT-base,hans,validation,,,,bf16,drone,,,,flashsvd15,flashsvd15,,,,,,,,,,accuracy,0.510467,142.77,224.1,653.6,653.6,653.6,,,,,,,,
2026-03-11T02:51:28,answerdotai/ModernBERT-base,anli_r1,validation,,,,bf16,drone,,,,naive,einsum,,,,,,,,,,accuracy,0.333000,65.17,491.0,736.8,736.8,736.8,,,,,,,,
2026-03-11T02:51:28,answerdotai/ModernBERT-base,anli_r1,validation,,,,bf16,drone,,,,sdpa,sdpa,,,,,,,,,,accuracy,0.333000,63.45,504.3,736.8,736.8,736.8,,,,,,,,
2026-03-11T02:51:28,answerdotai/ModernBERT-base,anli_r1,validation,,,,bf16,drone,,,,flashsvd15,flashsvd15,,,,,,,,,,accuracy,0.333000,141.99,225.4,691.3,691.3,691.3,,,,,,,,
2026-03-11T02:51:57,answerdotai/ModernBERT-base,anli_r2,validation,,,,bf16,drone,,,,naive,einsum,,,,,,,,,,accuracy,0.333000,65.09,491.6,774.5,774.5,774.5,,,,,,,,
2026-03-11T02:51:57,answerdotai/ModernBERT-base,anli_r2,validation,,,,bf16,drone,,,,sdpa,sdpa,,,,,,,,,,accuracy,0.333000,65.08,491.7,774.5,774.5,774.5,,,,,,,,
2026-03-11T02:51:57,answerdotai/ModernBERT-base,anli_r2,validation,,,,bf16,drone,,,,flashsvd15,flashsvd15,,,,,,,,,,accuracy,0.333000,139.88,228.8,728.8,728.8,728.8,,,,,,,,
2026-03-11T02:52:30,answerdotai/ModernBERT-base,anli_r3,validation,,,,bf16,drone,,,,naive,einsum,,,,,,,,,,accuracy,0.330833,66.87,478.6,812.0,812.0,812.0,,,,,,,,
2026-03-11T02:52:30,answerdotai/ModernBERT-base,anli_r3,validation,,,,bf16,drone,,,,sdpa,sdpa,,,,,,,,,,accuracy,0.330833,66.45,481.6,812.0,812.0,812.0,,,,,,,,
2026-03-11T02:52:30,answerdotai/ModernBERT-base,anli_r3,validation,,,,bf16,drone,,,,flashsvd15,flashsvd15,,,,,,,,,,accuracy,0.330833,143.46,223.1,766.6,766.6,766.6,,,,,,,,
2026-03-11T02:53:32,compressed_models/modernbert/dense/mnli/pretrained_base,copa,validation,,,,bf16,adasvd,,0.527,,naive,einsum,,,,,,,,,,accuracy,0.560000,141.14,453.4,1291.9,1291.9,1291.9,,,,,,,,
2026-03-11T02:53:32,compressed_models/modernbert/dense/mnli/pretrained_base,copa,validation,,,,bf16,adasvd,,0.527,,sdpa,sdpa,,,,,,,,,,accuracy,0.560000,139.72,458.1,1291.9,1291.9,1291.9,,,,,,,,
2026-03-11T02:53:32,compressed_models/modernbert/dense/mnli/pretrained_base,copa,validation,,,,bf16,adasvd,,0.527,,flashsvd15,flashsvd15,,,,,,,,,,accuracy,0.530000,375.16,170.6,1163.9,1163.9,1163.9,,,,,,,,
2026-03-11T02:54:11,compressed_models/modernbert/dense/mnli/pretrained_base,anli_r1,validation,,,,bf16,adasvd,,0.527,,naive,einsum,,,,,,,,,,accuracy,0.325000,71.53,447.4,821.2,821.2,821.2,,,,,,,,
2026-03-11T02:54:11,compressed_models/modernbert/dense/mnli/pretrained_base,anli_r1,validation,,,,bf16,adasvd,,0.527,,sdpa,sdpa,,,,,,,,,,accuracy,0.325000,71.62,446.8,821.2,821.2,821.2,,,,,,,,
2026-03-11T02:54:11,compressed_models/modernbert/dense/mnli/pretrained_base,anli_r1,validation,,,,bf16,adasvd,,0.527,,flashsvd15,flashsvd15,,,,,,,,,,accuracy,0.327000,229.59,139.4,775.3,775.3,775.3,,,,,,,,
2026-03-11T02:54:49,compressed_models/modernbert/dense/mnli/pretrained_base,anli_r2,validation,,,,bf16,adasvd,,0.527,,naive,einsum,,,,,,,,,,accuracy,0.331000,72.90,439.0,858.7,858.7,858.7,,,,,,,,
2026-03-11T02:54:49,compressed_models/modernbert/dense/mnli/pretrained_base,anli_r2,validation,,,,bf16,adasvd,,0.527,,sdpa,sdpa,,,,,,,,,,accuracy,0.331000,73.58,434.9,858.7,858.7,858.7,,,,,,,,
2026-03-11T02:54:49,compressed_models/modernbert/dense/mnli/pretrained_base,anli_r2,validation,,,,bf16,adasvd,,0.527,,flashsvd15,flashsvd15,,,,,,,,,,accuracy,0.332000,224.85,142.3,812.2,812.2,812.2,,,,,,,,
2026-03-11T02:55:30,compressed_models/modernbert/dense/mnli/pretrained_base,anli_r3,validation,,,,bf16,adasvd,,0.527,,naive,einsum,,,,,,,,,,accuracy,0.335833,71.66,446.5,896.2,896.2,896.2,,,,,,,,
2026-03-11T02:55:30,compressed_models/modernbert/dense/mnli/pretrained_base,anli_r3,validation,,,,bf16,adasvd,,0.527,,sdpa,sdpa,,,,,,,,,,accuracy,0.335833,71.79,445.8,896.2,896.2,896.2,,,,,,,,
2026-03-11T02:55:30,compressed_models/modernbert/dense/mnli/pretrained_base,anli_r3,validation,,,,bf16,adasvd,,0.527,,flashsvd15,flashsvd15,,,,,,,,,,accuracy,0.339167,228.45,140.1,840.7,840.7,840.7,,,,,,,,
