timestamp,model_id,task,dataset_split,dataset_size,seq_len,batch_size,dtype,method,qkv_mode,rank,budget,scope,backend,attn_mode,seed,calib_dataset,calib_split,calib_samples,calib_batches,calib_seed,calib_seq_len,calib_source,eval_target,metric_name,metric_value,latency_ms,throughput_sps,peak_mem_infer_mb,peak_mem_e2e_mb,peak_mem_mb,param_ratio,original_params,compressed_params,total_param_ratio,total_original_params,total_compressed_params,notes,git_commit
2026-03-02T17:09:15,textattack/bert-base-uncased-CoLA,cola,validation,1043,512,32,bf16,svd,per_head,ra48_rf256_rw208,,qkv+ffn,naive,einsum,0,,,,,,,,cola:validation,matthews_correlation,0.022651,64.51,490.0,1006.1,1006.1,1006.1,0.5275,84934656,44798976,0.6334,109483778,69348098,,5faefb2
2026-03-02T17:12:25,textattack/bert-base-uncased-CoLA,cola,validation,1043,512,32,bf16,svd,per_head,ra48_rf256_rw208,,qkv+ffn,flashsvd,einsum,0,,,,,,,,cola:validation,matthews_correlation,0.020807,43.65,733.2,357.4,357.4,357.4,0.5275,84934656,44798976,0.6334,109483778,69348098,,5faefb2
2026-03-02T17:12:25,textattack/bert-base-uncased-CoLA,cola,validation,1043,512,32,bf16,svd,per_head,ra48_rf256_rw208,,qkv+ffn,flashsvd15,einsum,0,,,,,,,,cola:validation,matthews_correlation,0.016526,23.35,1370.7,363.6,363.6,363.6,0.5275,84934656,44798976,0.6334,109483778,69348098,,5faefb2
2026-03-02T17:15:32,textattack/bert-base-uncased-SST-2,sst2,validation,872,512,32,bf16,svd,per_head,ra48_rf256_rw208,,qkv+ffn,naive,einsum,0,,,,,,,,sst2:validation,accuracy,0.715596,63.99,486.7,1006.1,1006.1,1006.1,0.5275,84934656,44798976,0.6334,109483778,69348098,,5faefb2
2026-03-02T17:19:11,textattack/bert-base-uncased-SST-2,sst2,validation,872,512,32,bf16,svd,per_head,ra48_rf256_rw208,,qkv+ffn,flashsvd,einsum,0,,,,,,,,sst2:validation,accuracy,0.715596,43.00,744.3,364.2,364.2,364.2,0.5275,84934656,44798976,0.6334,109483778,69348098,,5faefb2
2026-03-02T17:19:12,textattack/bert-base-uncased-SST-2,sst2,validation,872,512,32,bf16,svd,per_head,ra48_rf256_rw208,,qkv+ffn,flashsvd15,einsum,0,,,,,,,,sst2:validation,accuracy,0.712156,23.67,1351.9,369.3,369.3,369.3,0.5275,84934656,44798976,0.6334,109483778,69348098,,5faefb2
2026-03-02T17:23:03,textattack/bert-base-uncased-MRPC,mrpc,validation,408,512,32,bf16,svd,per_head,ra48_rf256_rw208,,qkv+ffn,naive,einsum,0,,,,,,,,mrpc:validation,f1,0.000000,64.79,484.4,1006.1,1006.1,1006.1,0.5275,84934656,44798976,0.6334,109483778,69348098,,5faefb2
2026-03-02T17:24:54,textattack/bert-base-uncased-MRPC,mrpc,validation,408,512,32,bf16,svd,per_head,ra48_rf256_rw208,,qkv+ffn,flashsvd,einsum,0,,,,,,,,mrpc:validation,f1,0.000000,43.43,736.8,369.0,369.0,369.0,0.5275,84934656,44798976,0.6334,109483778,69348098,,5faefb2
2026-03-02T17:24:55,textattack/bert-base-uncased-MRPC,mrpc,validation,408,512,32,bf16,svd,per_head,ra48_rf256_rw208,,qkv+ffn,flashsvd15,einsum,0,,,,,,,,mrpc:validation,f1,0.000000,23.51,1361.0,376.1,376.1,376.1,0.5275,84934656,44798976,0.6334,109483778,69348098,,5faefb2
2026-03-02T17:36:37,textattack/bert-base-uncased-QQP,qqp,validation,40430,512,32,bf16,svd,per_head,ra48_rf256_rw208,,qkv+ffn,naive,einsum,0,,,,,,,,qqp:validation,f1,0.167258,64.95,492.5,1006.1,1006.1,1006.1,0.5275,84934656,44798976,0.6334,109483778,69348098,,5faefb2
2026-03-02T17:44:44,textattack/bert-base-uncased-QQP,qqp,validation,40430,512,32,bf16,svd,per_head,ra48_rf256_rw208,,qkv+ffn,flashsvd,einsum,0,,,,,,,,qqp:validation,f1,0.166628,45.42,704.6,375.8,375.8,375.8,0.5275,84934656,44798976,0.6334,109483778,69348098,,5faefb2
2026-03-02T17:44:44,textattack/bert-base-uncased-QQP,qqp,validation,40430,512,32,bf16,svd,per_head,ra48_rf256_rw208,,qkv+ffn,flashsvd15,einsum,0,,,,,,,,qqp:validation,f1,0.166880,24.10,1327.9,377.4,377.4,377.4,0.5275,84934656,44798976,0.6334,109483778,69348098,,5faefb2
2026-03-02T17:50:37,textattack/bert-base-uncased-MNLI,mnli,validation_matched,9815,512,32,bf16,svd,per_head,ra48_rf256_rw208,,qkv+ffn,naive,einsum,0,,,,,,,,mnli:validation_matched,accuracy,0.373204,65.18,490.5,1006.1,1006.1,1006.1,0.5275,84934656,44798976,0.6334,109484547,69348867,,5faefb2
2026-03-02T17:55:38,textattack/bert-base-uncased-MNLI,mnli,validation_matched,9815,512,32,bf16,svd,per_head,ra48_rf256_rw208,,qkv+ffn,flashsvd,einsum,0,,,,,,,,mnli:validation_matched,accuracy,0.373204,44.10,725.6,377.1,377.1,377.1,0.5275,84934656,44798976,0.6334,109484547,69348867,,5faefb2
2026-03-02T17:55:39,textattack/bert-base-uncased-MNLI,mnli,validation_matched,9815,512,32,bf16,svd,per_head,ra48_rf256_rw208,,qkv+ffn,flashsvd15,einsum,0,,,,,,,,mnli:validation_matched,accuracy,0.373510,23.43,1365.5,381.4,381.4,381.4,0.5275,84934656,44798976,0.6334,109484547,69348867,,5faefb2
2026-03-02T17:58:46,textattack/bert-base-uncased-QNLI,qnli,validation,5463,512,32,bf16,svd,per_head,ra48_rf256_rw208,,qkv+ffn,naive,einsum,0,,,,,,,,qnli:validation,accuracy,0.546220,64.88,492.4,1006.1,1006.1,1006.1,0.5275,84934656,44798976,0.6334,109483778,69348098,,5faefb2
2026-03-02T18:02:58,textattack/bert-base-uncased-QNLI,qnli,validation,5463,512,32,bf16,svd,per_head,ra48_rf256_rw208,,qkv+ffn,flashsvd,einsum,0,,,,,,,,qnli:validation,accuracy,0.547501,44.21,723.8,381.1,381.1,381.1,0.5275,84934656,44798976,0.6334,109483778,69348098,,5faefb2
2026-03-02T18:02:58,textattack/bert-base-uncased-QNLI,qnli,validation,5463,512,32,bf16,svd,per_head,ra48_rf256_rw208,,qkv+ffn,flashsvd15,einsum,0,,,,,,,,qnli:validation,accuracy,0.546769,23.34,1370.9,385.2,385.2,385.2,0.5275,84934656,44798976,0.6334,109483778,69348098,,5faefb2
2026-03-02T18:05:30,textattack/bert-base-uncased-RTE,rte,validation,277,512,32,bf16,svd,per_head,ra48_rf256_rw208,,qkv+ffn,naive,einsum,0,,,,,,,,rte:validation,accuracy,0.472924,63.77,482.6,1006.1,1006.1,1006.1,0.5275,84934656,44798976,0.6334,109483778,69348098,,5faefb2
2026-03-02T18:10:29,textattack/bert-base-uncased-RTE,rte,validation,277,512,32,bf16,svd,per_head,ra48_rf256_rw208,,qkv+ffn,flashsvd,einsum,0,,,,,,,,rte:validation,accuracy,0.472924,42.41,754.6,384.9,384.9,384.9,0.5275,84934656,44798976,0.6334,109483778,69348098,,5faefb2
2026-03-02T18:10:30,textattack/bert-base-uncased-RTE,rte,validation,277,512,32,bf16,svd,per_head,ra48_rf256_rw208,,qkv+ffn,flashsvd15,einsum,0,,,,,,,,rte:validation,accuracy,0.472924,23.54,1359.5,392.9,392.9,392.9,0.5275,84934656,44798976,0.6334,109483778,69348098,,5faefb2
2026-03-02T18:12:38,textattack/bert-base-uncased-STS-B,stsb,validation,1500,512,32,bf16,svd,per_head,ra48_rf256_rw208,,qkv+ffn,naive,einsum,0,,,,,,,,stsb:validation,pearson,0.352520,65.21,489.4,1006.1,1006.1,1006.1,0.5275,84934656,44798976,0.6334,109483009,69347329,,5faefb2
2026-03-02T18:15:43,textattack/bert-base-uncased-STS-B,stsb,validation,1500,512,32,bf16,svd,per_head,ra48_rf256_rw208,,qkv+ffn,flashsvd,einsum,0,,,,,,,,stsb:validation,pearson,0.350958,43.65,733.0,392.6,392.6,392.6,0.5275,84934656,44798976,0.6334,109483009,69347329,,5faefb2
2026-03-02T18:15:43,textattack/bert-base-uncased-STS-B,stsb,validation,1500,512,32,bf16,svd,per_head,ra48_rf256_rw208,,qkv+ffn,flashsvd15,einsum,0,,,,,,,,stsb:validation,pearson,0.352775,23.74,1347.7,394.2,394.2,394.2,0.5275,84934656,44798976,0.6334,109483009,69347329,,5faefb2
2026-03-02T18:31:04,textattack/bert-base-uncased-CoLA,cola,validation,1043,512,32,bf16,drone,per_head,ra48_rf256_rw208,,qkv+ffn,naive,einsum,0,cola,train,512,16,0,512,cola:train,cola:validation,matthews_correlation,0.015667,64.51,489.9,1006.1,1322.6,1322.6,0.5275,84934656,44798976,0.6334,109483778,69348098,,5faefb2
2026-03-02T18:33:04,textattack/bert-base-uncased-CoLA,cola,validation,1043,512,32,bf16,drone,per_head,ra48_rf256_rw208,,qkv+ffn,flashsvd,einsum,0,cola,train,512,16,0,512,cola:train,cola:validation,matthews_correlation,0.019193,43.58,734.2,357.4,357.4,357.4,0.5275,84934656,44798976,0.6334,109483778,69348098,,5faefb2
2026-03-02T18:33:04,textattack/bert-base-uncased-CoLA,cola,validation,1043,512,32,bf16,drone,per_head,ra48_rf256_rw208,,qkv+ffn,flashsvd15,einsum,0,cola,train,512,16,0,512,cola:train,cola:validation,matthews_correlation,0.019193,23.63,1354.5,363.6,363.6,363.6,0.5275,84934656,44798976,0.6334,109483778,69348098,,5faefb2
2026-03-02T18:34:47,textattack/bert-base-uncased-SST-2,sst2,validation,872,512,32,bf16,drone,per_head,ra48_rf256_rw208,,qkv+ffn,naive,einsum,0,sst2,train,512,16,0,512,sst2:train,sst2:validation,accuracy,0.856651,63.59,489.7,1006.1,1322.6,1322.6,0.5275,84934656,44798976,0.6334,109483778,69348098,,5faefb2
2026-03-02T18:37:31,textattack/bert-base-uncased-SST-2,sst2,validation,872,512,32,bf16,drone,per_head,ra48_rf256_rw208,,qkv+ffn,flashsvd,einsum,0,sst2,train,512,16,0,512,sst2:train,sst2:validation,accuracy,0.854358,43.21,740.6,364.2,364.2,364.2,0.5275,84934656,44798976,0.6334,109483778,69348098,,5faefb2
2026-03-02T18:37:32,textattack/bert-base-uncased-SST-2,sst2,validation,872,512,32,bf16,drone,per_head,ra48_rf256_rw208,,qkv+ffn,flashsvd15,einsum,0,sst2,train,512,16,0,512,sst2:train,sst2:validation,accuracy,0.853211,23.66,1352.6,369.3,369.3,369.3,0.5275,84934656,44798976,0.6334,109483778,69348098,,5faefb2
2026-03-02T18:39:39,textattack/bert-base-uncased-MRPC,mrpc,validation,408,512,32,bf16,drone,per_head,ra48_rf256_rw208,,qkv+ffn,naive,einsum,0,mrpc,train,512,16,0,512,mrpc:train,mrpc:validation,f1,0.847724,64.49,486.6,1006.1,1322.6,1322.6,0.5275,84934656,44798976,0.6334,109483778,69348098,,5faefb2
2026-03-02T18:42:01,textattack/bert-base-uncased-MRPC,mrpc,validation,408,512,32,bf16,drone,per_head,ra48_rf256_rw208,,qkv+ffn,flashsvd,einsum,0,mrpc,train,512,16,0,512,mrpc:train,mrpc:validation,f1,0.846395,43.37,737.8,369.0,369.0,369.0,0.5275,84934656,44798976,0.6334,109483778,69348098,,5faefb2
2026-03-02T18:42:09,textattack/bert-base-uncased-MRPC,mrpc,validation,408,512,32,bf16,drone,per_head,ra48_rf256_rw208,,qkv+ffn,flashsvd15,einsum,0,mrpc,train,512,16,0,512,mrpc:train,mrpc:validation,f1,0.847724,23.82,1343.2,376.1,376.1,376.1,0.5275,84934656,44798976,0.6334,109483778,69348098,,5faefb2
2026-03-02T18:47:37,textattack/bert-base-uncased-QQP,qqp,validation,40430,512,32,bf16,drone,per_head,ra48_rf256_rw208,,qkv+ffn,naive,einsum,0,qqp,train,512,16,0,512,qqp:train,qqp:validation,f1,0.762423,64.87,493.1,1006.1,1322.6,1322.6,0.5275,84934656,44798976,0.6334,109483778,69348098,,5faefb2
2026-03-02T18:53:07,textattack/bert-base-uncased-QQP,qqp,validation,40430,512,32,bf16,drone,per_head,ra48_rf256_rw208,,qkv+ffn,flashsvd,einsum,0,qqp,train,512,16,0,512,qqp:train,qqp:validation,f1,0.761744,45.73,699.8,375.8,375.8,375.8,0.5275,84934656,44798976,0.6334,109483778,69348098,,5faefb2
2026-03-02T18:53:07,textattack/bert-base-uncased-QQP,qqp,validation,40430,512,32,bf16,drone,per_head,ra48_rf256_rw208,,qkv+ffn,flashsvd15,einsum,0,qqp,train,512,16,0,512,qqp:train,qqp:validation,f1,0.762270,24.05,1330.5,377.4,377.4,377.4,0.5275,84934656,44798976,0.6334,109483778,69348098,,5faefb2
2026-03-02T18:56:14,textattack/bert-base-uncased-MNLI,mnli,validation_matched,9815,512,32,bf16,drone,per_head,ra48_rf256_rw208,,qkv+ffn,naive,einsum,0,mnli,train,512,16,0,512,mnli:train,mnli:validation_matched,accuracy,0.578197,64.87,492.8,1006.1,1322.6,1322.6,0.5275,84934656,44798976,0.6334,109484547,69348867,,5faefb2
2026-03-02T18:59:28,textattack/bert-base-uncased-MNLI,mnli,validation_matched,9815,512,32,bf16,drone,per_head,ra48_rf256_rw208,,qkv+ffn,flashsvd,einsum,0,mnli,train,512,16,0,512,mnli:train,mnli:validation_matched,accuracy,0.578604,44.54,718.5,377.1,377.1,377.1,0.5275,84934656,44798976,0.6334,109484547,69348867,,5faefb2
2026-03-02T18:59:28,textattack/bert-base-uncased-MNLI,mnli,validation_matched,9815,512,32,bf16,drone,per_head,ra48_rf256_rw208,,qkv+ffn,flashsvd15,einsum,0,mnli,train,512,16,0,512,mnli:train,mnli:validation_matched,accuracy,0.578808,23.54,1359.3,381.4,381.4,381.4,0.5275,84934656,44798976,0.6334,109484547,69348867,,5faefb2
2026-03-02T19:03:16,textattack/bert-base-uncased-QNLI,qnli,validation,5463,512,32,bf16,drone,per_head,ra48_rf256_rw208,,qkv+ffn,naive,einsum,0,qnli,train,512,16,0,512,qnli:train,qnli:validation,accuracy,0.601501,64.90,492.3,1006.1,1322.6,1322.6,0.5275,84934656,44798976,0.6334,109483778,69348098,,5faefb2
2026-03-02T19:06:00,textattack/bert-base-uncased-QNLI,qnli,validation,5463,512,32,bf16,drone,per_head,ra48_rf256_rw208,,qkv+ffn,flashsvd,einsum,0,qnli,train,512,16,0,512,qnli:train,qnli:validation,accuracy,0.601684,44.12,725.3,381.1,381.1,381.1,0.5275,84934656,44798976,0.6334,109483778,69348098,,5faefb2
2026-03-02T19:06:01,textattack/bert-base-uncased-QNLI,qnli,validation,5463,512,32,bf16,drone,per_head,ra48_rf256_rw208,,qkv+ffn,flashsvd15,einsum,0,qnli,train,512,16,0,512,qnli:train,qnli:validation,accuracy,0.602416,24.01,1332.6,385.2,385.2,385.2,0.5275,84934656,44798976,0.6334,109483778,69348098,,5faefb2
2026-03-02T19:07:38,textattack/bert-base-uncased-RTE,rte,validation,277,512,32,bf16,drone,per_head,ra48_rf256_rw208,,qkv+ffn,naive,einsum,0,rte,train,512,16,0,512,rte:train,rte:validation,accuracy,0.599278,63.87,481.9,1006.1,1322.6,1322.6,0.5275,84934656,44798976,0.6334,109483778,69348098,,5faefb2
2026-03-02T19:08:49,textattack/bert-base-uncased-RTE,rte,validation,277,512,32,bf16,drone,per_head,ra48_rf256_rw208,,qkv+ffn,flashsvd,einsum,0,rte,train,512,16,0,512,rte:train,rte:validation,accuracy,0.599278,42.92,745.6,384.9,384.9,384.9,0.5275,84934656,44798976,0.6334,109483778,69348098,,5faefb2
2026-03-02T19:08:50,textattack/bert-base-uncased-RTE,rte,validation,277,512,32,bf16,drone,per_head,ra48_rf256_rw208,,qkv+ffn,flashsvd15,einsum,0,rte,train,512,16,0,512,rte:train,rte:validation,accuracy,0.599278,23.58,1357.3,392.9,392.9,392.9,0.5275,84934656,44798976,0.6334,109483778,69348098,,5faefb2
2026-03-02T19:11:01,textattack/bert-base-uncased-STS-B,stsb,validation,1500,512,32,bf16,drone,per_head,ra48_rf256_rw208,,qkv+ffn,naive,einsum,0,stsb,train,512,16,0,512,stsb:train,stsb:validation,pearson,0.493589,65.22,489.3,1006.1,1322.6,1322.6,0.5275,84934656,44798976,0.6334,109483009,69347329,,5faefb2
2026-03-02T19:12:19,textattack/bert-base-uncased-STS-B,stsb,validation,1500,512,32,bf16,drone,per_head,ra48_rf256_rw208,,qkv+ffn,flashsvd,einsum,0,stsb,train,512,16,0,512,stsb:train,stsb:validation,pearson,0.493327,44.36,721.4,392.6,392.6,392.6,0.5275,84934656,44798976,0.6334,109483009,69347329,,5faefb2
2026-03-02T19:12:19,textattack/bert-base-uncased-STS-B,stsb,validation,1500,512,32,bf16,drone,per_head,ra48_rf256_rw208,,qkv+ffn,flashsvd15,einsum,0,stsb,train,512,16,0,512,stsb:train,stsb:validation,pearson,0.493513,23.29,1373.9,394.2,394.2,394.2,0.5275,84934656,44798976,0.6334,109483009,69347329,,5faefb2
2026-03-02T19:17:58,textattack/bert-base-uncased-CoLA,cola,validation,1043,512,32,bf16,adasvd,per_head,,0.527,qkv+ffn,naive,einsum,0,cola,train,512,16,0,512,cola:train,cola:validation,matthews_correlation,-0.015191,65.56,482.1,1522.3,5778.1,5778.1,0.5266,84934656,44729088,0.6328,109483778,69278210,,5faefb2
2026-03-02T19:20:29,textattack/bert-base-uncased-CoLA,cola,validation,1043,512,32,bf16,adasvd,per_head,,0.527,qkv+ffn,flashsvd,einsum,0,cola,train,512,16,0,512,cola:train,cola:validation,matthews_correlation,-0.018366,44.15,724.7,368.3,368.3,368.3,0.5266,84934656,44729088,0.6328,109483778,69278210,,5faefb2
2026-03-02T19:20:43,textattack/bert-base-uncased-CoLA,cola,validation,1043,512,32,bf16,adasvd,per_head,,0.527,qkv+ffn,flashsvd15,einsum,0,cola,train,512,16,0,512,cola:train,cola:validation,matthews_correlation,-0.014907,25.94,1233.5,368.4,368.4,368.4,0.5266,84934656,44729088,0.6328,109483778,69278210,,5faefb2
2026-03-02T19:26:12,textattack/bert-base-uncased-SST-2,sst2,validation,872,512,32,bf16,adasvd,per_head,,0.527,qkv+ffn,naive,einsum,0,sst2,train,512,16,0,512,sst2:train,sst2:validation,accuracy,0.622706,64.61,482.0,1519.9,5778.1,5778.1,0.5275,84934656,44798976,0.6334,109483778,69348098,,5faefb2
2026-03-02T19:28:22,textattack/bert-base-uncased-SST-2,sst2,validation,872,512,32,bf16,adasvd,per_head,,0.527,qkv+ffn,flashsvd,einsum,0,sst2,train,512,16,0,512,sst2:train,sst2:validation,accuracy,0.621560,44.05,726.5,369.3,369.3,369.3,0.5275,84934656,44798976,0.6334,109483778,69348098,,5faefb2
2026-03-02T19:28:22,textattack/bert-base-uncased-SST-2,sst2,validation,872,512,32,bf16,adasvd,per_head,,0.527,qkv+ffn,flashsvd15,einsum,0,sst2,train,512,16,0,512,sst2:train,sst2:validation,accuracy,0.620413,26.10,1225.9,368.1,368.1,368.1,0.5275,84934656,44798976,0.6334,109483778,69348098,,5faefb2
2026-03-02T19:33:15,textattack/bert-base-uncased-MRPC,mrpc,validation,408,512,32,bf16,adasvd,per_head,,0.527,qkv+ffn,naive,einsum,0,mrpc,train,512,16,0,512,mrpc:train,mrpc:validation,f1,0.000000,66.11,474.7,1522.2,5778.1,5778.1,0.5274,84934656,44793600,0.6334,109483778,69342722,,b4ec94a
2026-03-02T19:34:58,textattack/bert-base-uncased-MRPC,mrpc,validation,408,512,32,bf16,adasvd,per_head,,0.527,qkv+ffn,flashsvd,einsum,0,mrpc,train,512,16,0,512,mrpc:train,mrpc:validation,f1,0.007117,43.59,734.1,370.6,370.6,370.6,0.5274,84934656,44793600,0.6334,109483778,69342722,,b4ec94a
2026-03-02T19:34:59,textattack/bert-base-uncased-MRPC,mrpc,validation,408,512,32,bf16,adasvd,per_head,,0.527,qkv+ffn,flashsvd15,einsum,0,mrpc,train,512,16,0,512,mrpc:train,mrpc:validation,f1,0.007117,26.63,1201.6,370.7,370.7,370.7,0.5274,84934656,44793600,0.6334,109483778,69342722,,b4ec94a
2026-03-02T19:44:31,textattack/bert-base-uncased-QQP,qqp,validation,40430,512,32,bf16,adasvd,per_head,,0.527,qkv+ffn,naive,einsum,0,qqp,train,512,16,0,512,qqp:train,qqp:validation,f1,0.520011,66.37,481.9,1521.4,5778.1,5778.1,0.5273,84934656,44782080,0.6333,109483778,69331202,,b4ec94a
2026-03-02T19:50:00,textattack/bert-base-uncased-QQP,qqp,validation,40430,512,32,bf16,adasvd,per_head,,0.527,qkv+ffn,flashsvd,einsum,0,qqp,train,512,16,0,512,qqp:train,qqp:validation,f1,0.521380,46.02,695.4,370.1,370.1,370.1,0.5273,84934656,44782080,0.6333,109483778,69331202,,b4ec94a
2026-03-02T19:50:00,textattack/bert-base-uncased-QQP,qqp,validation,40430,512,32,bf16,adasvd,per_head,,0.527,qkv+ffn,flashsvd15,einsum,0,qqp,train,512,16,0,512,qqp:train,qqp:validation,f1,0.521101,27.42,1167.0,369.1,369.1,369.1,0.5273,84934656,44782080,0.6333,109483778,69331202,,b4ec94a
2026-03-02T19:56:02,textattack/bert-base-uncased-MNLI,mnli,validation_matched,9815,512,32,bf16,adasvd,per_head,,0.527,qkv+ffn,naive,einsum,0,mnli,train,512,16,0,512,mnli:train,mnli:validation_matched,accuracy,0.351707,65.97,484.6,1520.1,5778.1,5778.1,0.5264,84934656,44706048,0.6326,109484547,69255939,,b4ec94a
2026-03-02T19:58:47,textattack/bert-base-uncased-MNLI,mnli,validation_matched,9815,512,32,bf16,adasvd,per_head,,0.527,qkv+ffn,flashsvd,einsum,0,mnli,train,512,16,0,512,mnli:train,mnli:validation_matched,accuracy,0.352624,45.13,709.1,371.2,371.2,371.2,0.5264,84934656,44706048,0.6326,109484547,69255939,,b4ec94a
2026-03-02T19:58:47,textattack/bert-base-uncased-MNLI,mnli,validation_matched,9815,512,32,bf16,adasvd,per_head,,0.527,qkv+ffn,flashsvd15,einsum,0,mnli,train,512,16,0,512,mnli:train,mnli:validation_matched,accuracy,0.351707,26.95,1187.2,370.1,370.1,370.1,0.5264,84934656,44706048,0.6326,109484547,69255939,,b4ec94a
2026-03-02T20:06:11,textattack/bert-base-uncased-QNLI,qnli,validation,5463,512,32,bf16,adasvd,per_head,,0.527,qkv+ffn,naive,einsum,0,qnli,train,512,16,0,512,qnli:train,qnli:validation,accuracy,0.459271,65.71,486.2,1519.7,5778.1,5778.1,0.5279,84934656,44835072,0.6337,109483778,69384194,,b4ec94a
2026-03-02T20:10:04,textattack/bert-base-uncased-QNLI,qnli,validation,5463,512,32,bf16,adasvd,per_head,,0.527,qkv+ffn,flashsvd,einsum,0,qnli,train,512,16,0,512,qnli:train,qnli:validation,accuracy,0.460919,42.83,747.2,372.2,372.2,372.2,0.5279,84934656,44835072,0.6337,109483778,69384194,,b4ec94a
2026-03-02T20:10:04,textattack/bert-base-uncased-QNLI,qnli,validation,5463,512,32,bf16,adasvd,per_head,,0.527,qkv+ffn,flashsvd15,einsum,0,qnli,train,512,16,0,512,qnli:train,qnli:validation,accuracy,0.458539,24.52,1304.8,370.8,370.8,370.8,0.5279,84934656,44835072,0.6337,109483778,69384194,,b4ec94a
2026-03-02T20:15:25,textattack/bert-base-uncased-RTE,rte,validation,277,512,32,bf16,adasvd,per_head,,0.527,qkv+ffn,naive,einsum,0,rte,train,512,16,0,512,rte:train,rte:validation,accuracy,0.555957,64.43,477.7,1519.9,5778.1,5778.1,0.5265,84934656,44714496,0.6326,109483778,69263618,,b4ec94a
2026-03-02T20:16:33,textattack/bert-base-uncased-RTE,rte,validation,277,512,32,bf16,adasvd,per_head,,0.527,qkv+ffn,flashsvd,einsum,0,rte,train,512,16,0,512,rte:train,rte:validation,accuracy,0.548736,43.66,732.9,375.0,375.0,375.0,0.5265,84934656,44714496,0.6326,109483778,69263618,,b4ec94a
2026-03-02T20:16:33,textattack/bert-base-uncased-RTE,rte,validation,277,512,32,bf16,adasvd,per_head,,0.527,qkv+ffn,flashsvd15,einsum,0,rte,train,512,16,0,512,rte:train,rte:validation,accuracy,0.548736,26.03,1229.4,373.7,373.7,373.7,0.5265,84934656,44714496,0.6326,109483778,69263618,,b4ec94a
2026-03-02T20:20:19,howey/bert-base-uncased-boolq,boolq,validation,3270,512,32,bf16,svd,per_head,ra48_rf256_rw208,,qkv+ffn,naive,einsum,0,,,,,,,,boolq:validation,accuracy,0.627217,64.70,494.6,1006.1,1006.1,1006.1,0.5275,84934656,44798976,0.6334,109483778,69348098,,b4ec94a
2026-03-02T20:23:08,howey/bert-base-uncased-boolq,boolq,validation,3270,512,32,bf16,drone,per_head,ra48_rf256_rw208,,qkv+ffn,naive,einsum,0,boolq,train,512,16,0,512,boolq:train,boolq:validation,accuracy,0.662385,64.70,494.6,1006.1,1322.6,1322.6,0.5275,84934656,44798976,0.6334,109483778,69348098,,b4ec94a
2026-03-02T20:28:32,howey/bert-base-uncased-boolq,boolq,validation,3270,512,32,bf16,adasvd,per_head,,0.527,qkv+ffn,naive,einsum,0,boolq,train,128,4,0,512,boolq:train,boolq:validation,accuracy,0.623242,65.94,485.3,1521.2,5778.1,5778.1,0.5281,84934656,44851968,0.6339,109483778,69401090,,b4ec94a
2026-03-02T20:30:12,howey/bert-base-uncased-rte,rte_sg,validation,277,512,32,bf16,svd,per_head,ra48_rf256_rw208,,qkv+ffn,naive,einsum,0,,,,,,,,rte_sg:validation,accuracy,0.472924,64.81,493.8,1006.1,1006.1,1006.1,0.5275,84934656,44798976,0.6334,109483778,69348098,,b4ec94a
2026-03-02T20:35:41,howey/bert-base-uncased-rte,rte_sg,validation,277,512,32,bf16,drone,per_head,ra48_rf256_rw208,,qkv+ffn,naive,einsum,0,rte_sg,train,512,16,0,512,rte_sg:train,rte_sg:validation,accuracy,0.599278,64.78,494.0,1006.1,1322.6,1322.6,0.5275,84934656,44798976,0.6334,109483778,69348098,,b4ec94a
2026-03-02T20:41:03,howey/bert-base-uncased-rte,rte_sg,validation,277,512,32,bf16,adasvd,per_head,,0.527,qkv+ffn,naive,einsum,0,rte_sg,train,128,4,0,512,rte_sg:train,rte_sg:validation,accuracy,0.512635,66.13,483.9,1520.2,5778.1,5778.1,0.5270,84934656,44759808,0.6331,109483778,69308930,,b4ec94a
2026-03-02T20:43:49,rycecorn/Bert-fine-tuned-WiC,wic,validation,638,512,32,bf16,svd,per_head,ra48_rf256_rw208,,qkv+ffn,naive,einsum,0,,,,,,,,wic:validation,accuracy,0.510972,64.70,494.6,1006.1,1006.1,1006.1,0.5275,84934656,44798976,0.6334,109483778,69348098,,b4ec94a
2026-03-02T20:47:48,rycecorn/Bert-fine-tuned-WiC,wic,validation,638,512,32,bf16,drone,per_head,ra48_rf256_rw208,,qkv+ffn,naive,einsum,0,wic,train,512,16,0,512,wic:train,wic:validation,accuracy,0.590909,64.79,493.9,1006.1,1322.6,1322.6,0.5275,84934656,44798976,0.6334,109483778,69348098,,b4ec94a
2026-03-02T20:53:09,rycecorn/Bert-fine-tuned-WiC,wic,validation,638,512,32,bf16,adasvd,per_head,,0.527,qkv+ffn,naive,einsum,0,wic,train,128,4,0,512,wic:train,wic:validation,accuracy,0.521944,66.20,483.4,1519.0,5778.1,5778.1,0.5268,84934656,44742144,0.6329,109483778,69291266,,b4ec94a
2026-03-02T20:55:52,textattack/bert-base-uncased-MNLI,hans,validation,30000,512,32,bf16,svd,per_head,ra48_rf256_rw208,,qkv+ffn,naive,einsum,0,,,,,,,,hans:validation,accuracy,0.501733,64.80,493.9,1006.1,1006.1,1006.1,0.5275,84934656,44798976,0.6334,109484547,69348867,,b4ec94a
2026-03-02T21:01:04,textattack/bert-base-uncased-MNLI,hans,validation,30000,512,32,bf16,drone,per_head,ra48_rf256_rw208,,qkv+ffn,naive,einsum,0,mnli,train,512,16,0,512,mnli:train,hans:validation,accuracy,0.500233,64.71,494.5,1006.1,1322.6,1322.6,0.5275,84934656,44798976,0.6334,109484547,69348867,,b4ec94a
2026-03-02T21:10:55,textattack/bert-base-uncased-MNLI,hans,validation,30000,512,32,bf16,adasvd,per_head,,0.527,qkv+ffn,naive,einsum,0,mnli,train,128,4,0,512,mnli:train,hans:validation,accuracy,0.508100,65.94,485.3,1520.1,5778.1,5778.1,0.5264,84934656,44706048,0.6326,109484547,69255939,,b4ec94a
2026-03-02T21:12:54,textattack/bert-base-uncased-MNLI,anli_r1,test_r1,1000,512,32,bf16,svd,per_head,ra48_rf256_rw208,,qkv+ffn,naive,einsum,0,,,,,,,,anli_r1:test_r1,accuracy,0.289000,64.77,494.1,1006.1,1006.1,1006.1,0.5275,84934656,44798976,0.6334,109484547,69348867,,b4ec94a
2026-03-02T21:16:06,textattack/bert-base-uncased-MNLI,anli_r1,test_r1,1000,512,32,bf16,drone,per_head,ra48_rf256_rw208,,qkv+ffn,naive,einsum,0,anli_r1,train_r1,512,16,0,512,anli_r1:train_r1,anli_r1:test_r1,accuracy,0.319000,64.68,494.8,1006.1,1322.6,1322.6,0.5275,84934656,44798976,0.6334,109484547,69348867,,b4ec94a
2026-03-02T21:23:29,textattack/bert-base-uncased-MNLI,anli_r1,test_r1,1000,512,32,bf16,adasvd,per_head,,0.527,qkv+ffn,naive,einsum,0,anli_r1,train_r1,128,4,0,512,anli_r1:train_r1,anli_r1:test_r1,accuracy,0.330000,66.03,484.6,1520.4,5778.1,5778.1,0.5266,84934656,44723712,0.6327,109484547,69273603,,b4ec94a
2026-03-02T21:25:24,textattack/bert-base-uncased-MNLI,anli_r2,test_r2,1000,512,32,bf16,svd,per_head,ra48_rf256_rw208,,qkv+ffn,naive,einsum,0,,,,,,,,anli_r2:test_r2,accuracy,0.320000,64.74,494.3,1006.1,1006.1,1006.1,0.5275,84934656,44798976,0.6334,109484547,69348867,,b4ec94a
2026-03-02T21:28:52,textattack/bert-base-uncased-MNLI,anli_r2,test_r2,1000,512,32,bf16,drone,per_head,ra48_rf256_rw208,,qkv+ffn,naive,einsum,0,anli_r2,train_r2,512,16,0,512,anli_r2:train_r2,anli_r2:test_r2,accuracy,0.356000,64.67,494.8,1006.1,1322.6,1322.6,0.5275,84934656,44798976,0.6334,109484547,69348867,,b4ec94a
2026-03-02T21:34:24,textattack/bert-base-uncased-MNLI,anli_r2,test_r2,1000,512,32,bf16,adasvd,per_head,,0.527,qkv+ffn,naive,einsum,0,anli_r2,train_r2,128,4,0,512,anli_r2:train_r2,anli_r2:test_r2,accuracy,0.332000,66.07,484.3,1521.5,5778.1,5778.1,0.5274,84934656,44797440,0.6334,109484547,69347331,,b4ec94a
2026-03-02T21:37:46,textattack/bert-base-uncased-MNLI,anli_r3,test_r3,1200,512,32,bf16,svd,per_head,ra48_rf256_rw208,,qkv+ffn,naive,einsum,0,,,,,,,,anli_r3:test_r3,accuracy,0.309167,64.75,494.2,1006.1,1006.1,1006.1,0.5275,84934656,44798976,0.6334,109484547,69348867,,b4ec94a
2026-03-02T21:41:26,textattack/bert-base-uncased-MNLI,anli_r3,test_r3,1200,512,32,bf16,drone,per_head,ra48_rf256_rw208,,qkv+ffn,naive,einsum,0,anli_r3,train_r3,512,16,0,512,anli_r3:train_r3,anli_r3:test_r3,accuracy,0.339167,64.73,494.4,1006.1,1322.6,1322.6,0.5275,84934656,44798976,0.6334,109484547,69348867,,b4ec94a
2026-03-02T21:47:02,textattack/bert-base-uncased-MNLI,anli_r3,test_r3,1200,512,32,bf16,adasvd,per_head,,0.527,qkv+ffn,naive,einsum,0,anli_r3,train_r3,128,4,0,512,anli_r3:train_r3,anli_r3:test_r3,accuracy,0.343333,66.07,484.4,1521.7,5778.1,5778.1,0.5274,84934656,44795136,0.6334,109484547,69345027,,b4ec94a
2026-03-02T22:50:14,textattack/bert-base-uncased-CoLA,cola,validation,1043,512,32,bf16,fwsvd,per_head,ra48_rf256_rw208,,qkv+ffn,naive,einsum,0,cola,train,512,16,0,512,cola:train,cola:validation,matthews_correlation,0.194877,64.82,487.6,1013.7,6807.1,6807.1,0.5275,84934656,44798976,0.6334,109483778,69348098,,d8b82c6
2026-03-02T22:52:32,textattack/bert-base-uncased-CoLA,cola,validation,1043,512,32,bf16,fwsvd,per_head,ra48_rf256_rw208,,qkv+ffn,flashsvd,einsum,0,cola,train,512,16,0,512,cola:train,cola:validation,matthews_correlation,0.190553,43.59,734.1,357.4,357.4,357.4,0.5275,84934656,44798976,0.6334,109483778,69348098,,d8b82c6
2026-03-02T22:52:32,textattack/bert-base-uncased-CoLA,cola,validation,1043,512,32,bf16,fwsvd,per_head,ra48_rf256_rw208,,qkv+ffn,flashsvd15,einsum,0,cola,train,512,16,0,512,cola:train,cola:validation,matthews_correlation,0.189250,23.30,1373.4,363.5,363.5,363.5,0.5275,84934656,44798976,0.6334,109483778,69348098,,d8b82c6
2026-03-02T22:54:23,textattack/bert-base-uncased-SST-2,sst2,validation,872,512,32,bf16,fwsvd,per_head,ra48_rf256_rw208,,qkv+ffn,naive,einsum,0,sst2,train,512,16,0,512,sst2:train,sst2:validation,accuracy,0.720183,63.46,490.7,1013.7,6807.1,6807.1,0.5275,84934656,44798976,0.6334,109483778,69348098,,d8b82c6
2026-03-02T22:57:09,textattack/bert-base-uncased-SST-2,sst2,validation,872,512,32,bf16,fwsvd,per_head,ra48_rf256_rw208,,qkv+ffn,flashsvd,einsum,0,sst2,train,512,16,0,512,sst2:train,sst2:validation,accuracy,0.720183,43.14,741.8,364.1,364.1,364.1,0.5275,84934656,44798976,0.6334,109483778,69348098,,d8b82c6
2026-03-02T22:57:13,textattack/bert-base-uncased-SST-2,sst2,validation,872,512,32,bf16,fwsvd,per_head,ra48_rf256_rw208,,qkv+ffn,flashsvd15,einsum,0,sst2,train,512,16,0,512,sst2:train,sst2:validation,accuracy,0.720183,23.42,1366.1,366.1,366.1,366.1,0.5275,84934656,44798976,0.6334,109483778,69348098,,d8b82c6
2026-03-02T22:59:29,textattack/bert-base-uncased-MRPC,mrpc,validation,408,512,32,bf16,fwsvd,per_head,ra48_rf256_rw208,,qkv+ffn,naive,einsum,0,mrpc,train,512,16,0,512,mrpc:train,mrpc:validation,f1,0.101351,64.88,483.7,1013.7,6807.1,6807.1,0.5275,84934656,44798976,0.6334,109483778,69348098,,d8b82c6
2026-03-02T23:01:46,textattack/bert-base-uncased-MRPC,mrpc,validation,408,512,32,bf16,fwsvd,per_head,ra48_rf256_rw208,,qkv+ffn,flashsvd,einsum,0,mrpc,train,512,16,0,512,mrpc:train,mrpc:validation,f1,0.094915,43.35,738.1,365.8,365.8,365.8,0.5275,84934656,44798976,0.6334,109483778,69348098,,d8b82c6
2026-03-02T23:01:46,textattack/bert-base-uncased-MRPC,mrpc,validation,408,512,32,bf16,fwsvd,per_head,ra48_rf256_rw208,,qkv+ffn,flashsvd15,einsum,0,mrpc,train,512,16,0,512,mrpc:train,mrpc:validation,f1,0.101351,23.31,1373.0,374.3,374.3,374.3,0.5275,84934656,44798976,0.6334,109483778,69348098,,d8b82c6
2026-03-02T23:06:14,textattack/bert-base-uncased-QQP,qqp,validation,40430,512,32,bf16,fwsvd,per_head,ra48_rf256_rw208,,qkv+ffn,naive,einsum,0,qqp,train,512,16,0,512,qqp:train,qqp:validation,f1,0.679191,64.94,492.5,1013.7,6807.1,6807.1,0.5275,84934656,44798976,0.6334,109483778,69348098,,d8b82c6
2026-03-02T23:10:21,textattack/bert-base-uncased-QQP,qqp,validation,40430,512,32,bf16,fwsvd,per_head,ra48_rf256_rw208,,qkv+ffn,flashsvd,einsum,0,qqp,train,512,16,0,512,qqp:train,qqp:validation,f1,0.678913,45.27,706.8,374.0,374.0,374.0,0.5275,84934656,44798976,0.6334,109483778,69348098,,d8b82c6
2026-03-02T23:10:21,textattack/bert-base-uncased-QQP,qqp,validation,40430,512,32,bf16,fwsvd,per_head,ra48_rf256_rw208,,qkv+ffn,flashsvd15,einsum,0,qqp,train,512,16,0,512,qqp:train,qqp:validation,f1,0.678904,24.08,1328.8,376.6,376.6,376.6,0.5275,84934656,44798976,0.6334,109483778,69348098,,d8b82c6
2026-03-02T23:13:43,textattack/bert-base-uncased-MNLI,mnli,validation_matched,9815,512,32,bf16,fwsvd,per_head,ra48_rf256_rw208,,qkv+ffn,naive,einsum,0,mnli,train,512,16,0,512,mnli:train,mnli:validation_matched,accuracy,0.524401,64.95,492.2,1013.7,6807.1,6807.1,0.5275,84934656,44798976,0.6334,109484547,69348867,,d8b82c6
2026-03-02T23:17:55,textattack/bert-base-uncased-MNLI,mnli,validation_matched,9815,512,32,bf16,fwsvd,per_head,ra48_rf256_rw208,,qkv+ffn,flashsvd,einsum,0,mnli,train,512,16,0,512,mnli:train,mnli:validation_matched,accuracy,0.524401,44.33,721.8,376.3,376.3,376.3,0.5275,84934656,44798976,0.6334,109484547,69348867,,d8b82c6
2026-03-02T23:17:56,textattack/bert-base-uncased-MNLI,mnli,validation_matched,9815,512,32,bf16,fwsvd,per_head,ra48_rf256_rw208,,qkv+ffn,flashsvd15,einsum,0,mnli,train,512,16,0,512,mnli:train,mnli:validation_matched,accuracy,0.524198,23.76,1347.0,380.3,380.3,380.3,0.5275,84934656,44798976,0.6334,109484547,69348867,,d8b82c6
2026-03-02T23:21:41,textattack/bert-base-uncased-QNLI,qnli,validation,5463,512,32,bf16,fwsvd,per_head,ra48_rf256_rw208,,qkv+ffn,naive,einsum,0,qnli,train,512,16,0,512,qnli:train,qnli:validation,accuracy,0.531393,64.75,493.4,1013.7,6807.1,6807.1,0.5275,84934656,44798976,0.6334,109483778,69348098,,d8b82c6
2026-03-02T23:24:45,textattack/bert-base-uncased-QNLI,qnli,validation,5463,512,32,bf16,fwsvd,per_head,ra48_rf256_rw208,,qkv+ffn,flashsvd,einsum,0,qnli,train,512,16,0,512,qnli:train,qnli:validation,accuracy,0.531210,44.15,724.8,380.0,380.0,380.0,0.5275,84934656,44798976,0.6334,109483778,69348098,,d8b82c6
2026-03-02T23:24:49,textattack/bert-base-uncased-QNLI,qnli,validation,5463,512,32,bf16,fwsvd,per_head,ra48_rf256_rw208,,qkv+ffn,flashsvd15,einsum,0,qnli,train,512,16,0,512,qnli:train,qnli:validation,accuracy,0.531942,23.61,1355.3,385.5,385.5,385.5,0.5275,84934656,44798976,0.6334,109483778,69348098,,d8b82c6
2026-03-02T23:26:58,textattack/bert-base-uncased-RTE,rte,validation,277,512,32,bf16,fwsvd,per_head,ra48_rf256_rw208,,qkv+ffn,naive,einsum,0,rte,train,512,16,0,512,rte:train,rte:validation,accuracy,0.581227,64.52,477.0,1013.7,6807.1,6807.1,0.5275,84934656,44798976,0.6334,109483778,69348098,,d8b82c6
2026-03-02T23:29:17,textattack/bert-base-uncased-RTE,rte,validation,277,512,32,bf16,fwsvd,per_head,ra48_rf256_rw208,,qkv+ffn,flashsvd,einsum,0,rte,train,512,16,0,512,rte:train,rte:validation,accuracy,0.577617,42.62,750.8,385.2,385.2,385.2,0.5275,84934656,44798976,0.6334,109483778,69348098,,d8b82c6
2026-03-02T23:29:17,textattack/bert-base-uncased-RTE,rte,validation,277,512,32,bf16,fwsvd,per_head,ra48_rf256_rw208,,qkv+ffn,flashsvd15,einsum,0,rte,train,512,16,0,512,rte:train,rte:validation,accuracy,0.581227,23.14,1382.8,391.4,391.4,391.4,0.5275,84934656,44798976,0.6334,109483778,69348098,,d8b82c6
2026-03-02T23:32:46,textattack/bert-base-uncased-STS-B,stsb,validation,1500,512,32,bf16,fwsvd,per_head,ra48_rf256_rw208,,qkv+ffn,naive,einsum,0,stsb,train,512,16,0,512,stsb:train,stsb:validation,pearson,0.702439,65.05,490.6,1013.7,6807.0,6807.0,0.5275,84934656,44798976,0.6334,109483009,69347329,,d8b82c6
2026-03-02T23:37:11,textattack/bert-base-uncased-STS-B,stsb,validation,1500,512,32,bf16,fwsvd,per_head,ra48_rf256_rw208,,qkv+ffn,flashsvd,einsum,0,stsb,train,512,16,0,512,stsb:train,stsb:validation,pearson,0.702042,43.77,731.0,391.1,391.1,391.1,0.5275,84934656,44798976,0.6334,109483009,69347329,,d8b82c6
2026-03-02T23:37:13,textattack/bert-base-uncased-STS-B,stsb,validation,1500,512,32,bf16,fwsvd,per_head,ra48_rf256_rw208,,qkv+ffn,flashsvd15,einsum,0,stsb,train,512,16,0,512,stsb:train,stsb:validation,pearson,0.702221,23.56,1358.0,393.1,393.1,393.1,0.5275,84934656,44798976,0.6334,109483009,69347329,,d8b82c6
2026-03-02T23:40:07,howey/bert-base-uncased-boolq,boolq,validation,3270,512,32,bf16,fwsvd,per_head,ra48_rf256_rw208,,qkv+ffn,naive,einsum,0,boolq,train,512,16,0,512,boolq:train,boolq:validation,accuracy,0.641284,64.82,493.7,1013.7,6807.1,6807.1,0.5275,84934656,44798976,0.6334,109483778,69348098,,d8b82c6
2026-03-02T23:42:04,howey/bert-base-uncased-rte,rte_sg,validation,277,512,32,bf16,fwsvd,per_head,ra48_rf256_rw208,,qkv+ffn,naive,einsum,0,rte_sg,train,512,16,0,512,rte_sg:train,rte_sg:validation,accuracy,0.577617,64.86,493.4,1013.7,6807.1,6807.1,0.5275,84934656,44798976,0.6334,109483778,69348098,,d8b82c6
2026-03-02T23:43:59,rycecorn/Bert-fine-tuned-WiC,wic,validation,638,512,32,bf16,fwsvd,per_head,ra48_rf256_rw208,,qkv+ffn,naive,einsum,0,wic,train,512,16,0,512,wic:train,wic:validation,accuracy,0.586207,64.80,493.8,1013.7,6807.1,6807.1,0.5275,84934656,44798976,0.6334,109483778,69348098,,d8b82c6
2026-03-02T23:48:42,textattack/bert-base-uncased-MNLI,hans,validation,30000,512,32,bf16,fwsvd,per_head,ra48_rf256_rw208,,qkv+ffn,naive,einsum,0,mnli,train,512,16,0,512,mnli:train,hans:validation,accuracy,0.501233,64.93,492.8,1013.7,6807.1,6807.1,0.5275,84934656,44798976,0.6334,109484547,69348867,,d8b82c6
2026-03-02T23:51:15,textattack/bert-base-uncased-MNLI,anli_r1,test_r1,1000,512,32,bf16,fwsvd,per_head,ra48_rf256_rw208,,qkv+ffn,naive,einsum,0,anli_r1,train_r1,512,16,0,512,anli_r1:train_r1,anli_r1:test_r1,accuracy,0.325000,64.91,493.0,1013.7,6807.1,6807.1,0.5275,84934656,44798976,0.6334,109484547,69348867,,d8b82c6
2026-03-02T23:54:44,textattack/bert-base-uncased-MNLI,anli_r2,test_r2,1000,512,32,bf16,fwsvd,per_head,ra48_rf256_rw208,,qkv+ffn,naive,einsum,0,anli_r2,train_r2,512,16,0,512,anli_r2:train_r2,anli_r2:test_r2,accuracy,0.323000,64.89,493.1,1013.7,6807.1,6807.1,0.5275,84934656,44798976,0.6334,109484547,69348867,,d8b82c6
2026-03-02T23:56:39,textattack/bert-base-uncased-MNLI,anli_r3,test_r3,1200,512,32,bf16,fwsvd,per_head,ra48_rf256_rw208,,qkv+ffn,naive,einsum,0,anli_r3,train_r3,512,16,0,512,anli_r3:train_r3,anli_r3:test_r3,accuracy,0.339167,64.80,493.8,1013.7,6807.1,6807.1,0.5275,84934656,44798976,0.6334,109484547,69348867,,d8b82c6
2026-03-03T10:36:40,textattack/bert-base-uncased-STS-B,stsb,validation,1500,512,32,bf16,adasvd,per_head,,0.527,qkv+ffn,naive,einsum,0,stsb,train,512,16,0,512,stsb:train,stsb:validation,pearson,0.631045,66.37,480.8,1521.6,8601.4,8601.4,0.5272,84934656,44775936,0.6332,109483009,69324289,,2704260
2026-03-03T10:37:12,textattack/bert-base-uncased-STS-B,stsb,validation,1500,512,32,bf16,adasvd,per_head,,0.527,qkv+ffn,flashsvd,einsum,0,stsb,train,512,16,0,512,stsb:train,stsb:validation,pearson,0.632478,45.71,700.0,367.1,367.1,367.1,0.5272,84934656,44775936,0.6332,109483009,69324289,,2704260
2026-03-03T10:37:12,textattack/bert-base-uncased-STS-B,stsb,validation,1500,512,32,bf16,adasvd,per_head,,0.527,qkv+ffn,flashsvd15,einsum,0,stsb,train,512,16,0,512,stsb:train,stsb:validation,pearson,0.632900,21.77,1470.1,367.2,367.2,367.2,0.5272,84934656,44775936,0.6332,109483009,69324289,,2704260

2026-03-03T14:08:25,textattack/bert-base-uncased-CoLA,cola,validation,,,,bf16,svd,,,,,naive,einsum,,,,,,,,,,matthews_correlation,0.021226,64.20,498.4,1005.2,1005.2,1005.2,,,,,,,,
2026-03-03T14:08:25,textattack/bert-base-uncased-CoLA,cola,validation,,,,bf16,svd,,,,,sdpa,sdpa,,,,,,,,,,matthews_correlation,0.021226,64.14,498.9,1005.2,1005.2,1005.2,,,,,,,,
2026-03-03T14:08:25,textattack/bert-base-uncased-CoLA,cola,validation,,,,bf16,svd,,,,,flashsvd,flashsvd,,,,,,,,,,matthews_correlation,0.020807,43.39,737.5,357.4,357.4,357.4,,,,,,,,
2026-03-03T14:08:25,textattack/bert-base-uncased-CoLA,cola,validation,,,,bf16,svd,,,,,flashsvd15,flashsvd15,,,,,,,,,,matthews_correlation,0.016526,21.72,1473.0,363.6,363.6,363.6,,,,,,,,
2026-03-03T14:08:47,textattack/bert-base-uncased-SST-2,sst2,validation,,,,bf16,svd,,,,,naive,einsum,,,,,,,,,,accuracy,0.712156,63.30,505.6,1012.1,1012.1,1012.1,,,,,,,,
2026-03-03T14:08:47,textattack/bert-base-uncased-SST-2,sst2,validation,,,,bf16,svd,,,,,sdpa,sdpa,,,,,,,,,,accuracy,0.712156,62.76,509.8,1012.1,1012.1,1012.1,,,,,,,,
2026-03-03T14:08:47,textattack/bert-base-uncased-SST-2,sst2,validation,,,,bf16,svd,,,,,flashsvd,flashsvd,,,,,,,,,,accuracy,0.715596,42.68,749.7,364.2,364.2,364.2,,,,,,,,
2026-03-03T14:08:47,textattack/bert-base-uncased-SST-2,sst2,validation,,,,bf16,svd,,,,,flashsvd15,flashsvd15,,,,,,,,,,accuracy,0.712156,21.75,1471.1,369.3,369.3,369.3,,,,,,,,
2026-03-03T14:09:07,textattack/bert-base-uncased-MRPC,mrpc,validation,,,,bf16,svd,,,,,naive,einsum,,,,,,,,,,f1,0.000000,63.57,503.4,1016.9,1016.9,1016.9,,,,,,,,
2026-03-03T14:09:07,textattack/bert-base-uncased-MRPC,mrpc,validation,,,,bf16,svd,,,,,sdpa,sdpa,,,,,,,,,,f1,0.000000,63.58,503.3,1016.9,1016.9,1016.9,,,,,,,,
2026-03-03T14:09:07,textattack/bert-base-uncased-MRPC,mrpc,validation,,,,bf16,svd,,,,,flashsvd,flashsvd,,,,,,,,,,f1,0.000000,43.30,739.1,369.0,369.0,369.0,,,,,,,,
2026-03-03T14:09:07,textattack/bert-base-uncased-MRPC,mrpc,validation,,,,bf16,svd,,,,,flashsvd15,flashsvd15,,,,,,,,,,f1,0.000000,21.88,1462.8,376.1,376.1,376.1,,,,,,,,
2026-03-03T14:13:43,textattack/bert-base-uncased-QQP,qqp,validation,,,,bf16,svd,,,,,naive,einsum,,,,,,,,,,f1,0.167180,65.02,492.2,1023.7,1023.7,1023.7,,,,,,,,
2026-03-03T14:13:43,textattack/bert-base-uncased-QQP,qqp,validation,,,,bf16,svd,,,,,sdpa,sdpa,,,,,,,,,,f1,0.167180,64.94,492.8,1023.7,1023.7,1023.7,,,,,,,,
2026-03-03T14:13:43,textattack/bert-base-uncased-QQP,qqp,validation,,,,bf16,svd,,,,,flashsvd,flashsvd,,,,,,,,,,f1,0.166628,46.12,693.9,375.8,375.8,375.8,,,,,,,,
2026-03-03T14:13:43,textattack/bert-base-uncased-QQP,qqp,validation,,,,bf16,svd,,,,,flashsvd15,flashsvd15,,,,,,,,,,f1,0.166880,22.80,1403.7,377.4,377.4,377.4,,,,,,,,
2026-03-03T14:15:04,textattack/bert-base-uncased-MNLI,mnli,validation,,,,bf16,svd,,,,,naive,einsum,,,,,,,,,,accuracy,0.372491,64.95,492.7,1025.0,1025.0,1025.0,,,,,,,,
2026-03-03T14:15:04,textattack/bert-base-uncased-MNLI,mnli,validation,,,,bf16,svd,,,,,sdpa,sdpa,,,,,,,,,,accuracy,0.372491,64.96,492.6,1025.0,1025.0,1025.0,,,,,,,,
2026-03-03T14:15:04,textattack/bert-base-uncased-MNLI,mnli,validation,,,,bf16,svd,,,,,flashsvd,flashsvd,,,,,,,,,,accuracy,0.373204,46.31,691.0,377.1,377.1,377.1,,,,,,,,
2026-03-03T14:15:04,textattack/bert-base-uncased-MNLI,mnli,validation,,,,bf16,svd,,,,,flashsvd15,flashsvd15,,,,,,,,,,accuracy,0.373510,22.83,1401.9,381.4,381.4,381.4,,,,,,,,
2026-03-03T14:15:56,textattack/bert-base-uncased-QNLI,qnli,validation,,,,bf16,svd,,,,,naive,einsum,,,,,,,,,,accuracy,0.547135,65.07,491.8,1029.0,1029.0,1029.0,,,,,,,,
2026-03-03T14:15:56,textattack/bert-base-uncased-QNLI,qnli,validation,,,,bf16,svd,,,,,sdpa,sdpa,,,,,,,,,,accuracy,0.547135,65.07,491.8,1029.0,1029.0,1029.0,,,,,,,,
2026-03-03T14:15:56,textattack/bert-base-uncased-QNLI,qnli,validation,,,,bf16,svd,,,,,flashsvd,flashsvd,,,,,,,,,,accuracy,0.547501,46.15,693.4,381.1,381.1,381.1,,,,,,,,
2026-03-03T14:15:56,textattack/bert-base-uncased-QNLI,qnli,validation,,,,bf16,svd,,,,,flashsvd15,flashsvd15,,,,,,,,,,accuracy,0.546769,22.87,1399.3,385.2,385.2,385.2,,,,,,,,
2026-03-03T14:16:15,textattack/bert-base-uncased-RTE,rte,validation,,,,bf16,svd,,,,,naive,einsum,,,,,,,,,,accuracy,0.472924,62.81,509.4,1032.8,1032.8,1032.8,,,,,,,,
2026-03-03T14:16:15,textattack/bert-base-uncased-RTE,rte,validation,,,,bf16,svd,,,,,sdpa,sdpa,,,,,,,,,,accuracy,0.472924,62.68,510.6,1032.8,1032.8,1032.8,,,,,,,,
2026-03-03T14:16:15,textattack/bert-base-uncased-RTE,rte,validation,,,,bf16,svd,,,,,flashsvd,flashsvd,,,,,,,,,,accuracy,0.472924,44.27,722.9,384.9,384.9,384.9,,,,,,,,
2026-03-03T14:16:15,textattack/bert-base-uncased-RTE,rte,validation,,,,bf16,svd,,,,,flashsvd15,flashsvd15,,,,,,,,,,accuracy,0.472924,22.16,1444.1,387.3,387.3,387.3,,,,,,,,
2026-03-03T14:16:41,textattack/bert-base-uncased-STS-B,stsb,validation,,,,bf16,svd,,,,,naive,einsum,,,,,,,,,,pearson,0.350707,64.92,492.9,1034.9,1034.9,1034.9,,,,,,,,
2026-03-03T14:16:41,textattack/bert-base-uncased-STS-B,stsb,validation,,,,bf16,svd,,,,,sdpa,sdpa,,,,,,,,,,pearson,0.350707,64.93,492.9,1034.9,1034.9,1034.9,,,,,,,,
2026-03-03T14:16:41,textattack/bert-base-uncased-STS-B,stsb,validation,,,,bf16,svd,,,,,flashsvd,flashsvd,,,,,,,,,,pearson,0.350958,45.64,701.2,387.0,387.0,387.0,,,,,,,,
2026-03-03T14:16:41,textattack/bert-base-uncased-STS-B,stsb,validation,,,,bf16,svd,,,,,flashsvd15,flashsvd15,,,,,,,,,,pearson,0.352775,22.67,1411.6,388.9,388.9,388.9,,,,,,,,
2026-03-03T14:17:21,textattack/bert-base-uncased-CoLA,cola,validation,,,,bf16,fwsvd,,,,,naive,einsum,,,,,,,,,,matthews_correlation,0.196552,64.45,496.5,1005.2,1005.2,1005.2,,,,,,,,
2026-03-03T14:17:21,textattack/bert-base-uncased-CoLA,cola,validation,,,,bf16,fwsvd,,,,,sdpa,sdpa,,,,,,,,,,matthews_correlation,0.196552,64.33,497.4,1005.2,1005.2,1005.2,,,,,,,,
2026-03-03T14:17:21,textattack/bert-base-uncased-CoLA,cola,validation,,,,bf16,fwsvd,,,,,flashsvd,flashsvd,,,,,,,,,,matthews_correlation,0.190553,45.03,710.6,357.4,357.4,357.4,,,,,,,,
2026-03-03T14:17:21,textattack/bert-base-uncased-CoLA,cola,validation,,,,bf16,fwsvd,,,,,flashsvd15,flashsvd15,,,,,,,,,,matthews_correlation,0.189250,22.15,1444.4,363.5,363.5,363.5,,,,,,,,
2026-03-03T14:17:44,textattack/bert-base-uncased-SST-2,sst2,validation,,,,bf16,fwsvd,,,,,naive,einsum,,,,,,,,,,accuracy,0.719037,62.91,508.7,1012.0,1012.0,1012.0,,,,,,,,
2026-03-03T14:17:44,textattack/bert-base-uncased-SST-2,sst2,validation,,,,bf16,fwsvd,,,,,sdpa,sdpa,,,,,,,,,,accuracy,0.719037,62.91,508.6,1012.0,1012.0,1012.0,,,,,,,,
2026-03-03T14:17:44,textattack/bert-base-uncased-SST-2,sst2,validation,,,,bf16,fwsvd,,,,,flashsvd,flashsvd,,,,,,,,,,accuracy,0.720183,44.17,724.5,364.1,364.1,364.1,,,,,,,,
2026-03-03T14:17:44,textattack/bert-base-uncased-SST-2,sst2,validation,,,,bf16,fwsvd,,,,,flashsvd15,flashsvd15,,,,,,,,,,accuracy,0.720183,22.05,1451.4,366.1,366.1,366.1,,,,,,,,
2026-03-03T14:18:04,textattack/bert-base-uncased-MRPC,mrpc,validation,,,,bf16,fwsvd,,,,,naive,einsum,,,,,,,,,,f1,0.101351,64.23,498.2,1013.7,1013.7,1013.7,,,,,,,,
2026-03-03T14:18:04,textattack/bert-base-uncased-MRPC,mrpc,validation,,,,bf16,fwsvd,,,,,sdpa,sdpa,,,,,,,,,,f1,0.101351,63.76,501.9,1013.7,1013.7,1013.7,,,,,,,,
2026-03-03T14:18:04,textattack/bert-base-uncased-MRPC,mrpc,validation,,,,bf16,fwsvd,,,,,flashsvd,flashsvd,,,,,,,,,,f1,0.094915,44.55,718.3,365.8,365.8,365.8,,,,,,,,
2026-03-03T14:18:04,textattack/bert-base-uncased-MRPC,mrpc,validation,,,,bf16,fwsvd,,,,,flashsvd15,flashsvd15,,,,,,,,,,f1,0.101351,22.21,1440.5,373.5,373.5,373.5,,,,,,,,
2026-03-03T14:22:42,textattack/bert-base-uncased-QQP,qqp,validation,,,,bf16,fwsvd,,,,,naive,einsum,,,,,,,,,,f1,0.679344,65.05,491.9,1021.1,1021.1,1021.1,,,,,,,,
2026-03-03T14:22:42,textattack/bert-base-uncased-QQP,qqp,validation,,,,bf16,fwsvd,,,,,sdpa,sdpa,,,,,,,,,,f1,0.679344,65.07,491.7,1021.1,1021.1,1021.1,,,,,,,,
2026-03-03T14:22:42,textattack/bert-base-uncased-QQP,qqp,validation,,,,bf16,fwsvd,,,,,flashsvd,flashsvd,,,,,,,,,,f1,0.678913,47.20,678.0,373.2,373.2,373.2,,,,,,,,
2026-03-03T14:22:42,textattack/bert-base-uncased-QQP,qqp,validation,,,,bf16,fwsvd,,,,,flashsvd15,flashsvd15,,,,,,,,,,f1,0.678904,22.99,1392.2,374.7,374.7,374.7,,,,,,,,
2026-03-03T14:24:03,textattack/bert-base-uncased-MNLI,mnli,validation,,,,bf16,fwsvd,,,,,naive,einsum,,,,,,,,,,accuracy,0.524300,64.97,492.5,1022.3,1022.3,1022.3,,,,,,,,
2026-03-03T14:24:03,textattack/bert-base-uncased-MNLI,mnli,validation,,,,bf16,fwsvd,,,,,sdpa,sdpa,,,,,,,,,,accuracy,0.524300,64.99,492.4,1022.3,1022.3,1022.3,,,,,,,,
2026-03-03T14:24:03,textattack/bert-base-uncased-MNLI,mnli,validation,,,,bf16,fwsvd,,,,,flashsvd,flashsvd,,,,,,,,,,accuracy,0.524401,46.66,685.8,374.4,374.4,374.4,,,,,,,,
2026-03-03T14:24:03,textattack/bert-base-uncased-MNLI,mnli,validation,,,,bf16,fwsvd,,,,,flashsvd15,flashsvd15,,,,,,,,,,accuracy,0.524198,22.96,1393.9,378.3,378.3,378.3,,,,,,,,
2026-03-03T14:24:55,textattack/bert-base-uncased-QNLI,qnli,validation,,,,bf16,fwsvd,,,,,naive,einsum,,,,,,,,,,accuracy,0.531210,65.11,491.5,1025.9,1025.9,1025.9,,,,,,,,
2026-03-03T14:24:55,textattack/bert-base-uncased-QNLI,qnli,validation,,,,bf16,fwsvd,,,,,sdpa,sdpa,,,,,,,,,,accuracy,0.531210,65.10,491.6,1025.9,1025.9,1025.9,,,,,,,,
2026-03-03T14:24:55,textattack/bert-base-uncased-QNLI,qnli,validation,,,,bf16,fwsvd,,,,,flashsvd,flashsvd,,,,,,,,,,accuracy,0.531210,46.44,689.1,378.0,378.0,378.0,,,,,,,,
2026-03-03T14:24:55,textattack/bert-base-uncased-QNLI,qnli,validation,,,,bf16,fwsvd,,,,,flashsvd15,flashsvd15,,,,,,,,,,accuracy,0.531942,22.85,1400.4,381.8,381.8,381.8,,,,,,,,
2026-03-03T14:25:13,textattack/bert-base-uncased-RTE,rte,validation,,,,bf16,fwsvd,,,,,naive,einsum,,,,,,,,,,accuracy,0.581227,62.77,509.8,1029.4,1029.4,1029.4,,,,,,,,
2026-03-03T14:25:13,textattack/bert-base-uncased-RTE,rte,validation,,,,bf16,fwsvd,,,,,sdpa,sdpa,,,,,,,,,,accuracy,0.581227,62.88,508.9,1029.4,1029.4,1029.4,,,,,,,,
2026-03-03T14:25:13,textattack/bert-base-uncased-RTE,rte,validation,,,,bf16,fwsvd,,,,,flashsvd,flashsvd,,,,,,,,,,accuracy,0.577617,44.36,721.4,381.6,381.6,381.6,,,,,,,,
2026-03-03T14:25:13,textattack/bert-base-uncased-RTE,rte,validation,,,,bf16,fwsvd,,,,,flashsvd15,flashsvd15,,,,,,,,,,accuracy,0.581227,22.19,1442.2,392.2,392.2,392.2,,,,,,,,
2026-03-03T14:25:40,textattack/bert-base-uncased-STS-B,stsb,validation,,,,bf16,fwsvd,,,,,naive,einsum,,,,,,,,,,pearson,0.702344,65.00,492.3,1039.8,1039.8,1039.8,,,,,,,,
2026-03-03T14:25:40,textattack/bert-base-uncased-STS-B,stsb,validation,,,,bf16,fwsvd,,,,,sdpa,sdpa,,,,,,,,,,pearson,0.702344,65.00,492.3,1039.8,1039.8,1039.8,,,,,,,,
2026-03-03T14:25:40,textattack/bert-base-uncased-STS-B,stsb,validation,,,,bf16,fwsvd,,,,,flashsvd,flashsvd,,,,,,,,,,pearson,0.702042,45.79,698.8,391.9,391.9,391.9,,,,,,,,
2026-03-03T14:25:40,textattack/bert-base-uncased-STS-B,stsb,validation,,,,bf16,fwsvd,,,,,flashsvd15,flashsvd15,,,,,,,,,,pearson,0.702221,22.70,1409.4,393.9,393.9,393.9,,,,,,,,
2026-03-03T14:26:20,textattack/bert-base-uncased-CoLA,cola,validation,,,,bf16,drone,,,,,naive,einsum,,,,,,,,,,matthews_correlation,0.019193,64.55,495.7,1005.2,1005.2,1005.2,,,,,,,,
2026-03-03T14:26:20,textattack/bert-base-uncased-CoLA,cola,validation,,,,bf16,drone,,,,,sdpa,sdpa,,,,,,,,,,matthews_correlation,0.019193,64.31,497.6,1005.2,1005.2,1005.2,,,,,,,,
2026-03-03T14:26:20,textattack/bert-base-uncased-CoLA,cola,validation,,,,bf16,drone,,,,,flashsvd,flashsvd,,,,,,,,,,matthews_correlation,0.019193,45.02,710.8,357.4,357.4,357.4,,,,,,,,
2026-03-03T14:26:20,textattack/bert-base-uncased-CoLA,cola,validation,,,,bf16,drone,,,,,flashsvd15,flashsvd15,,,,,,,,,,matthews_correlation,0.019193,22.22,1440.2,363.5,363.5,363.5,,,,,,,,
2026-03-03T14:26:43,textattack/bert-base-uncased-SST-2,sst2,validation,,,,bf16,drone,,,,,naive,einsum,,,,,,,,,,accuracy,0.854358,62.90,508.7,1012.0,1012.0,1012.0,,,,,,,,
2026-03-03T14:26:43,textattack/bert-base-uncased-SST-2,sst2,validation,,,,bf16,drone,,,,,sdpa,sdpa,,,,,,,,,,accuracy,0.854358,62.89,508.8,1012.0,1012.0,1012.0,,,,,,,,
2026-03-03T14:26:43,textattack/bert-base-uncased-SST-2,sst2,validation,,,,bf16,drone,,,,,flashsvd,flashsvd,,,,,,,,,,accuracy,0.854358,44.24,723.3,364.1,364.1,364.1,,,,,,,,
2026-03-03T14:26:43,textattack/bert-base-uncased-SST-2,sst2,validation,,,,bf16,drone,,,,,flashsvd15,flashsvd15,,,,,,,,,,accuracy,0.853211,22.16,1444.3,366.1,366.1,366.1,,,,,,,,
2026-03-03T14:27:03,textattack/bert-base-uncased-MRPC,mrpc,validation,,,,bf16,drone,,,,,naive,einsum,,,,,,,,,,f1,0.847724,63.72,502.2,1013.7,1013.7,1013.7,,,,,,,,
2026-03-03T14:27:03,textattack/bert-base-uncased-MRPC,mrpc,validation,,,,bf16,drone,,,,,sdpa,sdpa,,,,,,,,,,f1,0.847724,63.70,502.3,1013.7,1013.7,1013.7,,,,,,,,
2026-03-03T14:27:03,textattack/bert-base-uncased-MRPC,mrpc,validation,,,,bf16,drone,,,,,flashsvd,flashsvd,,,,,,,,,,f1,0.846395,44.56,718.2,365.8,365.8,365.8,,,,,,,,
2026-03-03T14:27:03,textattack/bert-base-uncased-MRPC,mrpc,validation,,,,bf16,drone,,,,,flashsvd15,flashsvd15,,,,,,,,,,f1,0.847724,22.21,1441.1,373.5,373.5,373.5,,,,,,,,
2026-03-03T14:31:41,textattack/bert-base-uncased-QQP,qqp,validation,,,,bf16,drone,,,,,naive,einsum,,,,,,,,,,f1,0.762077,65.10,491.6,1021.1,1021.1,1021.1,,,,,,,,
2026-03-03T14:31:41,textattack/bert-base-uncased-QQP,qqp,validation,,,,bf16,drone,,,,,sdpa,sdpa,,,,,,,,,,f1,0.762077,65.09,491.6,1021.1,1021.1,1021.1,,,,,,,,
2026-03-03T14:31:41,textattack/bert-base-uncased-QQP,qqp,validation,,,,bf16,drone,,,,,flashsvd,flashsvd,,,,,,,,,,f1,0.761744,46.98,681.1,373.2,373.2,373.2,,,,,,,,
2026-03-03T14:31:41,textattack/bert-base-uncased-QQP,qqp,validation,,,,bf16,drone,,,,,flashsvd15,flashsvd15,,,,,,,,,,f1,0.762270,22.95,1394.5,374.7,374.7,374.7,,,,,,,,
2026-03-03T14:33:02,textattack/bert-base-uncased-MNLI,mnli,validation,,,,bf16,drone,,,,,naive,einsum,,,,,,,,,,accuracy,0.578706,64.99,492.4,1022.3,1022.3,1022.3,,,,,,,,
2026-03-03T14:33:02,textattack/bert-base-uncased-MNLI,mnli,validation,,,,bf16,drone,,,,,sdpa,sdpa,,,,,,,,,,accuracy,0.578706,65.02,492.2,1022.3,1022.3,1022.3,,,,,,,,
2026-03-03T14:33:02,textattack/bert-base-uncased-MNLI,mnli,validation,,,,bf16,drone,,,,,flashsvd,flashsvd,,,,,,,,,,accuracy,0.578604,46.57,687.1,374.4,374.4,374.4,,,,,,,,
2026-03-03T14:33:02,textattack/bert-base-uncased-MNLI,mnli,validation,,,,bf16,drone,,,,,flashsvd15,flashsvd15,,,,,,,,,,accuracy,0.578808,22.90,1397.6,378.3,378.3,378.3,,,,,,,,
2026-03-03T14:33:54,textattack/bert-base-uncased-QNLI,qnli,validation,,,,bf16,drone,,,,,naive,einsum,,,,,,,,,,accuracy,0.602782,65.10,491.6,1025.9,1025.9,1025.9,,,,,,,,
2026-03-03T14:33:54,textattack/bert-base-uncased-QNLI,qnli,validation,,,,bf16,drone,,,,,sdpa,sdpa,,,,,,,,,,accuracy,0.602782,65.10,491.6,1025.9,1025.9,1025.9,,,,,,,,
2026-03-03T14:33:54,textattack/bert-base-uncased-QNLI,qnli,validation,,,,bf16,drone,,,,,flashsvd,flashsvd,,,,,,,,,,accuracy,0.601684,46.61,686.6,378.0,378.0,378.0,,,,,,,,
2026-03-03T14:33:54,textattack/bert-base-uncased-QNLI,qnli,validation,,,,bf16,drone,,,,,flashsvd15,flashsvd15,,,,,,,,,,accuracy,0.602416,22.90,1397.6,381.8,381.8,381.8,,,,,,,,
2026-03-03T14:34:13,textattack/bert-base-uncased-RTE,rte,validation,,,,bf16,drone,,,,,naive,einsum,,,,,,,,,,accuracy,0.599278,62.86,509.0,1029.4,1029.4,1029.4,,,,,,,,
2026-03-03T14:34:13,textattack/bert-base-uncased-RTE,rte,validation,,,,bf16,drone,,,,,sdpa,sdpa,,,,,,,,,,accuracy,0.599278,62.92,508.6,1029.4,1029.4,1029.4,,,,,,,,
2026-03-03T14:34:13,textattack/bert-base-uncased-RTE,rte,validation,,,,bf16,drone,,,,,flashsvd,flashsvd,,,,,,,,,,accuracy,0.599278,44.46,719.7,381.6,381.6,381.6,,,,,,,,
2026-03-03T14:34:13,textattack/bert-base-uncased-RTE,rte,validation,,,,bf16,drone,,,,,flashsvd15,flashsvd15,,,,,,,,,,accuracy,0.599278,22.20,1441.4,392.2,392.2,392.2,,,,,,,,
2026-03-03T14:34:40,textattack/bert-base-uncased-STS-B,stsb,validation,,,,bf16,drone,,,,,naive,einsum,,,,,,,,,,pearson,0.493580,65.06,491.8,1039.8,1039.8,1039.8,,,,,,,,
2026-03-03T14:34:40,textattack/bert-base-uncased-STS-B,stsb,validation,,,,bf16,drone,,,,,sdpa,sdpa,,,,,,,,,,pearson,0.493580,65.06,491.9,1039.8,1039.8,1039.8,,,,,,,,
2026-03-03T14:34:40,textattack/bert-base-uncased-STS-B,stsb,validation,,,,bf16,drone,,,,,flashsvd,flashsvd,,,,,,,,,,pearson,0.493327,45.83,698.2,391.9,391.9,391.9,,,,,,,,
2026-03-03T14:34:40,textattack/bert-base-uncased-STS-B,stsb,validation,,,,bf16,drone,,,,,flashsvd15,flashsvd15,,,,,,,,,,pearson,0.493513,22.70,1409.7,393.9,393.9,393.9,,,,,,,,
2026-03-03T14:35:20,textattack/bert-base-uncased-CoLA,cola,validation,,,,bf16,adasvd,,,0.527,,naive,einsum,,,,,,,,,,matthews_correlation,-0.028174,65.24,490.5,1015.1,1015.1,1015.1,,,,,,,,
2026-03-03T14:35:20,textattack/bert-base-uncased-CoLA,cola,validation,,,,bf16,adasvd,,,0.527,,sdpa,sdpa,,,,,,,,,,matthews_correlation,-0.028174,64.95,492.7,1015.1,1015.1,1015.1,,,,,,,,
2026-03-03T14:35:20,textattack/bert-base-uncased-CoLA,cola,validation,,,,bf16,adasvd,,,0.527,,flashsvd,flashsvd,,,,,,,,,,matthews_correlation,-0.018366,44.97,711.6,368.3,368.3,368.3,,,,,,,,
2026-03-03T14:35:20,textattack/bert-base-uncased-CoLA,cola,validation,,,,bf16,adasvd,,,0.527,,flashsvd15,flashsvd15,,,,,,,,,,matthews_correlation,-0.014907,20.47,1563.1,368.4,368.4,368.4,,,,,,,,
2026-03-03T14:35:43,textattack/bert-base-uncased-SST-2,sst2,validation,,,,bf16,adasvd,,,0.527,,naive,einsum,,,,,,,,,,accuracy,0.620413,63.68,502.5,1014.9,1014.9,1014.9,,,,,,,,
2026-03-03T14:35:43,textattack/bert-base-uncased-SST-2,sst2,validation,,,,bf16,adasvd,,,0.527,,sdpa,sdpa,,,,,,,,,,accuracy,0.620413,63.69,502.5,1014.9,1014.9,1014.9,,,,,,,,
2026-03-03T14:35:43,textattack/bert-base-uncased-SST-2,sst2,validation,,,,bf16,adasvd,,,0.527,,flashsvd,flashsvd,,,,,,,,,,accuracy,0.621560,45.04,710.5,369.3,369.3,369.3,,,,,,,,
2026-03-03T14:35:43,textattack/bert-base-uncased-SST-2,sst2,validation,,,,bf16,adasvd,,,0.527,,flashsvd15,flashsvd15,,,,,,,,,,accuracy,0.620413,20.62,1551.7,368.1,368.1,368.1,,,,,,,,
2026-03-03T14:36:03,textattack/bert-base-uncased-MRPC,mrpc,validation,,,,bf16,adasvd,,,0.527,,naive,einsum,,,,,,,,,,f1,0.007117,64.58,495.5,1017.4,1017.4,1017.4,,,,,,,,
2026-03-03T14:36:03,textattack/bert-base-uncased-MRPC,mrpc,validation,,,,bf16,adasvd,,,0.527,,sdpa,sdpa,,,,,,,,,,f1,0.007117,64.58,495.5,1017.4,1017.4,1017.4,,,,,,,,
2026-03-03T14:36:03,textattack/bert-base-uncased-MRPC,mrpc,validation,,,,bf16,adasvd,,,0.527,,flashsvd,flashsvd,,,,,,,,,,f1,0.007117,45.08,709.9,370.6,370.6,370.6,,,,,,,,
2026-03-03T14:36:03,textattack/bert-base-uncased-MRPC,mrpc,validation,,,,bf16,adasvd,,,0.527,,flashsvd15,flashsvd15,,,,,,,,,,f1,0.007117,20.72,1544.2,370.7,370.7,370.7,,,,,,,,
2026-03-03T14:40:41,textattack/bert-base-uncased-QQP,qqp,validation,,,,bf16,adasvd,,,0.527,,naive,einsum,,,,,,,,,,f1,0.520844,65.97,485.1,1015.8,1015.8,1015.8,,,,,,,,
2026-03-03T14:40:41,textattack/bert-base-uncased-QQP,qqp,validation,,,,bf16,adasvd,,,0.527,,sdpa,sdpa,,,,,,,,,,f1,0.520844,66.00,484.8,1015.8,1015.8,1015.8,,,,,,,,
2026-03-03T14:40:41,textattack/bert-base-uncased-QQP,qqp,validation,,,,bf16,adasvd,,,0.527,,flashsvd,flashsvd,,,,,,,,,,f1,0.521380,46.94,681.7,370.1,370.1,370.1,,,,,,,,
2026-03-03T14:40:41,textattack/bert-base-uncased-QQP,qqp,validation,,,,bf16,adasvd,,,0.527,,flashsvd15,flashsvd15,,,,,,,,,,f1,0.521101,21.43,1493.3,369.1,369.1,369.1,,,,,,,,
2026-03-03T14:42:02,textattack/bert-base-uncased-MNLI,mnli,validation,,,,bf16,adasvd,,,0.527,,naive,einsum,,,,,,,,,,accuracy,0.351095,65.80,486.4,1016.8,1016.8,1016.8,,,,,,,,
2026-03-03T14:42:02,textattack/bert-base-uncased-MNLI,mnli,validation,,,,bf16,adasvd,,,0.527,,sdpa,sdpa,,,,,,,,,,accuracy,0.351095,65.79,486.4,1016.8,1016.8,1016.8,,,,,,,,
2026-03-03T14:42:02,textattack/bert-base-uncased-MNLI,mnli,validation,,,,bf16,adasvd,,,0.527,,flashsvd,flashsvd,,,,,,,,,,accuracy,0.352624,46.36,690.3,371.2,371.2,371.2,,,,,,,,
2026-03-03T14:42:02,textattack/bert-base-uncased-MNLI,mnli,validation,,,,bf16,adasvd,,,0.527,,flashsvd15,flashsvd15,,,,,,,,,,accuracy,0.351707,21.32,1500.6,370.1,370.1,370.1,,,,,,,,
2026-03-03T14:42:53,textattack/bert-base-uncased-QNLI,qnli,validation,,,,bf16,adasvd,,,0.527,,naive,einsum,,,,,,,,,,accuracy,0.460004,65.65,487.4,1017.5,1017.5,1017.5,,,,,,,,
2026-03-03T14:42:53,textattack/bert-base-uncased-QNLI,qnli,validation,,,,bf16,adasvd,,,0.527,,sdpa,sdpa,,,,,,,,,,accuracy,0.460004,65.65,487.4,1017.5,1017.5,1017.5,,,,,,,,
2026-03-03T14:42:53,textattack/bert-base-uncased-QNLI,qnli,validation,,,,bf16,adasvd,,,0.527,,flashsvd,flashsvd,,,,,,,,,,accuracy,0.460919,44.63,717.1,372.2,372.2,372.2,,,,,,,,
2026-03-03T14:42:53,textattack/bert-base-uncased-QNLI,qnli,validation,,,,bf16,adasvd,,,0.527,,flashsvd15,flashsvd15,,,,,,,,,,accuracy,0.458539,20.83,1536.2,370.8,370.8,370.8,,,,,,,,
2026-03-03T14:43:12,textattack/bert-base-uncased-RTE,rte,validation,,,,bf16,adasvd,,,0.527,,naive,einsum,,,,,,,,,,accuracy,0.545126,63.22,506.1,1020.4,1020.4,1020.4,,,,,,,,
2026-03-03T14:43:12,textattack/bert-base-uncased-RTE,rte,validation,,,,bf16,adasvd,,,0.527,,sdpa,sdpa,,,,,,,,,,accuracy,0.545126,63.24,506.0,1020.4,1020.4,1020.4,,,,,,,,
2026-03-03T14:43:12,textattack/bert-base-uncased-RTE,rte,validation,,,,bf16,adasvd,,,0.527,,flashsvd,flashsvd,,,,,,,,,,accuracy,0.548736,45.23,707.6,375.0,375.0,375.0,,,,,,,,
2026-03-03T14:43:12,textattack/bert-base-uncased-RTE,rte,validation,,,,bf16,adasvd,,,0.527,,flashsvd15,flashsvd15,,,,,,,,,,accuracy,0.548736,20.57,1555.6,373.7,373.7,373.7,,,,,,,,
2026-03-03T14:43:39,textattack/bert-base-uncased-STS-B,stsb,validation,,,,bf16,adasvd,,,0.527,,naive,einsum,,,,,,,,,,pearson,0.632567,65.56,488.1,1022.6,1022.6,1022.6,,,,,,,,
2026-03-03T14:43:39,textattack/bert-base-uncased-STS-B,stsb,validation,,,,bf16,adasvd,,,0.527,,sdpa,sdpa,,,,,,,,,,pearson,0.632567,65.57,488.0,1022.6,1022.6,1022.6,,,,,,,,
2026-03-03T14:43:39,textattack/bert-base-uncased-STS-B,stsb,validation,,,,bf16,adasvd,,,0.527,,flashsvd,flashsvd,,,,,,,,,,pearson,0.632478,46.55,687.5,376.7,376.7,376.7,,,,,,,,
2026-03-03T14:43:39,textattack/bert-base-uncased-STS-B,stsb,validation,,,,bf16,adasvd,,,0.527,,flashsvd15,flashsvd15,,,,,,,,,,pearson,0.632900,22.40,1428.9,375.9,375.9,375.9,,,,,,,,
