timestamp,model_id,rank_config,git_commit,task,method,backend,sdpa_path,dtype,seq_len,batch_size,input_mode,synthetic_seed,synthetic_vocab_size,useful_flops_abs,rank_pad_flops_abs,total_flops_abs,useful_tflop_rate,rank_pad_tflop_rate,achieved_tflop_rate,rank_pad_pct,seq_pad_pct,avg_eff_tokens,arith_intensity,latency_ms,latency_ms_std,throughput_sps,throughput_sps_std,n_repeats,peak_mem_mb,mfu
2026-03-04T16:11:07,textattack/bert-base-uncased-CoLA,dense,8021340,cola,dense,naive,,bf16,512,32,real,,,0.0000,0.0000,0.0000,0.000,0.000,0.000,0.00,97.66,12.0,0.0,24.17,0.07,1324.1,3.8,3,504.5,0.0000
2026-03-04T16:11:21,textattack/bert-base-uncased-CoLA,dense,8021340,cola,dense,naive,,bf16,512,32,synthetic,42,30522,0.0000,0.0000,0.0000,0.000,0.000,0.000,0.00,0.00,512.0,0.0,23.05,0.06,1388.5,3.8,3,488.5,0.0000
2026-03-04T16:11:39,textattack/bert-base-uncased-CoLA,dense,8021340,cola,dense,sdpa,flash,bf16,512,32,real,,,0.0000,0.0000,0.0000,0.000,0.000,0.000,0.00,97.66,12.0,0.0,24.24,0.04,1320.3,2.2,3,504.5,0.0000
2026-03-04T16:11:54,textattack/bert-base-uncased-CoLA,dense,8021340,cola,dense,sdpa,flash,bf16,512,32,synthetic,42,30522,0.0000,0.0000,0.0000,0.000,0.000,0.000,0.00,0.00,512.0,0.0,23.20,0.07,1379.2,4.4,3,488.5,0.0000
2026-03-04T16:12:12,textattack/bert-base-uncased-CoLA,dense,8021340,cola,dense,flashsvd,,bf16,512,32,real,,,0.0000,0.0000,0.0000,0.000,0.000,0.000,0.00,97.66,12.0,0.0,24.32,0.05,1315.7,2.7,3,504.5,0.0000
2026-03-04T16:12:27,textattack/bert-base-uncased-CoLA,dense,8021340,cola,dense,flashsvd,,bf16,512,32,synthetic,42,30522,0.0000,0.0000,0.0000,0.000,0.000,0.000,0.00,0.00,512.0,0.0,23.29,0.06,1374.0,3.4,3,488.5,0.0000
2026-03-04T16:12:44,textattack/bert-base-uncased-CoLA,dense,8021340,cola,dense,flashsvd15,,bf16,512,32,real,,,0.0000,0.0000,0.0000,0.000,0.000,0.000,0.00,97.66,12.0,0.0,24.43,0.06,1309.9,3.2,3,504.5,0.0000
2026-03-04T16:12:58,textattack/bert-base-uncased-CoLA,dense,8021340,cola,dense,flashsvd15,,bf16,512,32,synthetic,42,30522,0.0000,0.0000,0.0000,0.000,0.000,0.000,0.00,0.00,512.0,0.0,23.38,0.09,1369.0,5.2,3,488.5,0.0000
2026-03-04T16:13:15,textattack/bert-base-uncased-SST-2,dense,8021340,sst2,dense,naive,,bf16,512,32,real,,,0.0000,0.0000,0.0000,0.000,0.000,0.000,0.00,95.11,25.0,0.0,24.47,0.09,1307.7,4.8,3,504.5,0.0000
2026-03-04T16:13:30,textattack/bert-base-uncased-SST-2,dense,8021340,sst2,dense,naive,,bf16,512,32,synthetic,42,30522,0.0000,0.0000,0.0000,0.000,0.000,0.000,0.00,0.00,512.0,0.0,23.41,0.13,1367.0,7.4,3,488.5,0.0000
2026-03-04T16:13:47,textattack/bert-base-uncased-SST-2,dense,8021340,sst2,dense,sdpa,flash,bf16,512,32,real,,,0.0000,0.0000,0.0000,0.000,0.000,0.000,0.00,95.11,25.0,0.0,24.51,0.10,1305.8,5.4,3,504.5,0.0000
2026-03-04T16:14:01,textattack/bert-base-uncased-SST-2,dense,8021340,sst2,dense,sdpa,flash,bf16,512,32,synthetic,42,30522,0.0000,0.0000,0.0000,0.000,0.000,0.000,0.00,0.00,512.0,0.0,23.45,0.07,1364.3,4.3,3,488.5,0.0000
2026-03-04T16:14:18,textattack/bert-base-uncased-SST-2,dense,8021340,sst2,dense,flashsvd,,bf16,512,32,real,,,0.0000,0.0000,0.0000,0.000,0.000,0.000,0.00,95.11,25.0,0.0,24.50,0.11,1306.1,5.7,3,504.5,0.0000
2026-03-04T16:14:32,textattack/bert-base-uncased-SST-2,dense,8021340,sst2,dense,flashsvd,,bf16,512,32,synthetic,42,30522,0.0000,0.0000,0.0000,0.000,0.000,0.000,0.00,0.00,512.0,0.0,23.49,0.07,1362.3,4.2,3,488.5,0.0000
2026-03-04T16:14:49,textattack/bert-base-uncased-SST-2,dense,8021340,sst2,dense,flashsvd15,,bf16,512,32,real,,,0.0000,0.0000,0.0000,0.000,0.000,0.000,0.00,95.11,25.0,0.0,24.51,0.05,1305.7,2.5,3,504.5,0.0000
2026-03-04T16:15:03,textattack/bert-base-uncased-SST-2,dense,8021340,sst2,dense,flashsvd15,,bf16,512,32,synthetic,42,30522,0.0000,0.0000,0.0000,0.000,0.000,0.000,0.00,0.00,512.0,0.0,23.51,0.08,1361.1,4.5,3,488.5,0.0000
2026-03-04T16:15:20,textattack/bert-base-uncased-MRPC,dense,8021340,mrpc,dense,naive,,bf16,512,32,real,,,0.0000,0.0000,0.0000,0.000,0.000,0.000,0.00,89.59,53.3,0.0,24.58,0.13,1302.1,7.1,3,504.5,0.0000
2026-03-04T16:15:34,textattack/bert-base-uncased-MRPC,dense,8021340,mrpc,dense,naive,,bf16,512,32,synthetic,42,30522,0.0000,0.0000,0.0000,0.000,0.000,0.000,0.00,0.00,512.0,0.0,23.52,0.11,1360.4,6.6,3,488.5,0.0000
2026-03-04T16:15:51,textattack/bert-base-uncased-MRPC,dense,8021340,mrpc,dense,sdpa,flash,bf16,512,32,real,,,0.0000,0.0000,0.0000,0.000,0.000,0.000,0.00,89.59,53.3,0.0,24.56,0.17,1302.9,8.9,3,504.5,0.0000
2026-03-04T16:16:06,textattack/bert-base-uncased-MRPC,dense,8021340,mrpc,dense,sdpa,flash,bf16,512,32,synthetic,42,30522,0.0000,0.0000,0.0000,0.000,0.000,0.000,0.00,0.00,512.0,0.0,23.50,0.11,1361.5,6.4,3,488.5,0.0000
2026-03-04T16:16:25,textattack/bert-base-uncased-MRPC,dense,8021340,mrpc,dense,flashsvd,,bf16,512,32,real,,,0.0000,0.0000,0.0000,0.000,0.000,0.000,0.00,89.59,53.3,0.0,24.57,0.11,1302.4,5.8,3,504.5,0.0000
2026-03-04T16:16:39,textattack/bert-base-uncased-MRPC,dense,8021340,mrpc,dense,flashsvd,,bf16,512,32,synthetic,42,30522,0.0000,0.0000,0.0000,0.000,0.000,0.000,0.00,0.00,512.0,0.0,23.51,0.04,1361.3,2.3,3,488.5,0.0000
2026-03-04T16:16:55,textattack/bert-base-uncased-MRPC,dense,8021340,mrpc,dense,flashsvd15,,bf16,512,32,real,,,0.0000,0.0000,0.0000,0.000,0.000,0.000,0.00,89.59,53.3,0.0,24.60,0.14,1300.7,7.5,3,504.5,0.0000
2026-03-04T16:17:10,textattack/bert-base-uncased-MRPC,dense,8021340,mrpc,dense,flashsvd15,,bf16,512,32,synthetic,42,30522,0.0000,0.0000,0.0000,0.000,0.000,0.000,0.00,0.00,512.0,0.0,23.55,0.08,1358.6,4.5,3,488.5,0.0000
2026-03-04T16:17:28,textattack/bert-base-uncased-QQP,dense,8021340,qqp,dense,naive,,bf16,512,32,real,,,0.0000,0.0000,0.0000,0.000,0.000,0.000,0.00,93.91,31.2,0.0,24.63,0.07,1299.1,3.7,3,504.5,0.0000
2026-03-04T16:17:42,textattack/bert-base-uncased-QQP,dense,8021340,qqp,dense,naive,,bf16,512,32,synthetic,42,30522,0.0000,0.0000,0.0000,0.000,0.000,0.000,0.00,0.00,512.0,0.0,23.54,0.11,1359.4,6.3,3,488.5,0.0000
2026-03-04T16:17:59,textattack/bert-base-uncased-QQP,dense,8021340,qqp,dense,sdpa,flash,bf16,512,32,real,,,0.0000,0.0000,0.0000,0.000,0.000,0.000,0.00,93.91,31.2,0.0,24.65,0.10,1298.2,5.2,3,504.5,0.0000
2026-03-04T16:18:13,textattack/bert-base-uncased-QQP,dense,8021340,qqp,dense,sdpa,flash,bf16,512,32,synthetic,42,30522,0.0000,0.0000,0.0000,0.000,0.000,0.000,0.00,0.00,512.0,0.0,23.54,0.09,1359.3,5.3,3,488.5,0.0000
2026-03-04T16:18:32,textattack/bert-base-uncased-QQP,dense,8021340,qqp,dense,flashsvd,,bf16,512,32,real,,,0.0000,0.0000,0.0000,0.000,0.000,0.000,0.00,93.91,31.2,0.0,24.66,0.10,1297.8,5.4,3,504.5,0.0000
2026-03-04T16:18:47,textattack/bert-base-uncased-QQP,dense,8021340,qqp,dense,flashsvd,,bf16,512,32,synthetic,42,30522,0.0000,0.0000,0.0000,0.000,0.000,0.000,0.00,0.00,512.0,0.0,23.54,0.08,1359.3,4.8,3,488.5,0.0000
2026-03-04T16:19:04,textattack/bert-base-uncased-QQP,dense,8021340,qqp,dense,flashsvd15,,bf16,512,32,real,,,0.0000,0.0000,0.0000,0.000,0.000,0.000,0.00,93.91,31.2,0.0,24.66,0.11,1297.7,6.0,3,504.5,0.0000
2026-03-04T16:19:18,textattack/bert-base-uncased-QQP,dense,8021340,qqp,dense,flashsvd15,,bf16,512,32,synthetic,42,30522,0.0000,0.0000,0.0000,0.000,0.000,0.000,0.00,0.00,512.0,0.0,23.56,0.11,1358.2,6.4,3,488.5,0.0000
2026-03-04T16:19:37,textattack/bert-base-uncased-MNLI,dense,8021340,mnli,dense,naive,,bf16,512,32,real,,,0.0000,0.0000,0.0000,0.000,0.000,0.000,0.00,92.38,39.0,0.0,24.66,0.07,1297.8,3.9,3,504.5,0.0000
2026-03-04T16:19:52,textattack/bert-base-uncased-MNLI,dense,8021340,mnli,dense,naive,,bf16,512,32,synthetic,42,30522,0.0000,0.0000,0.0000,0.000,0.000,0.000,0.00,0.00,512.0,0.0,23.52,0.08,1360.4,4.5,3,488.5,0.0000
2026-03-04T16:20:09,textattack/bert-base-uncased-MNLI,dense,8021340,mnli,dense,sdpa,flash,bf16,512,32,real,,,0.0000,0.0000,0.0000,0.000,0.000,0.000,0.00,92.38,39.0,0.0,24.66,0.13,1297.5,6.8,3,504.5,0.0000
2026-03-04T16:20:23,textattack/bert-base-uncased-MNLI,dense,8021340,mnli,dense,sdpa,flash,bf16,512,32,synthetic,42,30522,0.0000,0.0000,0.0000,0.000,0.000,0.000,0.00,0.00,512.0,0.0,23.52,0.10,1360.3,5.9,3,488.5,0.0000
2026-03-04T16:20:41,textattack/bert-base-uncased-MNLI,dense,8021340,mnli,dense,flashsvd,,bf16,512,32,real,,,0.0000,0.0000,0.0000,0.000,0.000,0.000,0.00,92.38,39.0,0.0,24.68,0.11,1296.4,5.9,3,504.5,0.0000
2026-03-04T16:20:55,textattack/bert-base-uncased-MNLI,dense,8021340,mnli,dense,flashsvd,,bf16,512,32,synthetic,42,30522,0.0000,0.0000,0.0000,0.000,0.000,0.000,0.00,0.00,512.0,0.0,23.52,0.11,1360.3,6.1,3,488.5,0.0000
2026-03-04T16:21:12,textattack/bert-base-uncased-MNLI,dense,8021340,mnli,dense,flashsvd15,,bf16,512,32,real,,,0.0000,0.0000,0.0000,0.000,0.000,0.000,0.00,92.38,39.0,0.0,24.63,0.12,1299.2,6.4,3,504.5,0.0000
2026-03-04T16:21:26,textattack/bert-base-uncased-MNLI,dense,8021340,mnli,dense,flashsvd15,,bf16,512,32,synthetic,42,30522,0.0000,0.0000,0.0000,0.000,0.000,0.000,0.00,0.00,512.0,0.0,23.50,0.09,1361.4,5.0,3,488.5,0.0000
2026-03-04T16:21:44,textattack/bert-base-uncased-QNLI,dense,8021340,qnli,dense,naive,,bf16,512,32,real,,,0.0000,0.0000,0.0000,0.000,0.000,0.000,0.00,90.05,50.9,0.0,24.65,0.14,1298.0,7.3,3,504.5,0.0000
2026-03-04T16:21:59,textattack/bert-base-uncased-QNLI,dense,8021340,qnli,dense,naive,,bf16,512,32,synthetic,42,30522,0.0000,0.0000,0.0000,0.000,0.000,0.000,0.00,0.00,512.0,0.0,23.57,0.09,1357.9,5.4,3,488.5,0.0000
2026-03-04T16:22:15,textattack/bert-base-uncased-QNLI,dense,8021340,qnli,dense,sdpa,flash,bf16,512,32,real,,,0.0000,0.0000,0.0000,0.000,0.000,0.000,0.00,90.05,50.9,0.0,24.67,0.15,1297.0,7.7,3,504.5,0.0000
2026-03-04T16:22:28,textattack/bert-base-uncased-QNLI,dense,8021340,qnli,dense,sdpa,flash,bf16,512,32,synthetic,42,30522,0.0000,0.0000,0.0000,0.000,0.000,0.000,0.00,0.00,512.0,0.0,23.62,0.08,1354.7,4.7,3,488.5,0.0000
2026-03-04T16:22:47,textattack/bert-base-uncased-QNLI,dense,8021340,qnli,dense,flashsvd,,bf16,512,32,real,,,0.0000,0.0000,0.0000,0.000,0.000,0.000,0.00,90.05,50.9,0.0,24.69,0.09,1295.9,4.6,3,504.5,0.0000
2026-03-04T16:23:02,textattack/bert-base-uncased-QNLI,dense,8021340,qnli,dense,flashsvd,,bf16,512,32,synthetic,42,30522,0.0000,0.0000,0.0000,0.000,0.000,0.000,0.00,0.00,512.0,0.0,23.58,0.09,1357.4,5.4,3,488.5,0.0000
2026-03-04T16:23:19,textattack/bert-base-uncased-QNLI,dense,8021340,qnli,dense,flashsvd15,,bf16,512,32,real,,,0.0000,0.0000,0.0000,0.000,0.000,0.000,0.00,90.05,50.9,0.0,24.66,0.09,1297.4,4.8,3,504.5,0.0000
2026-03-04T16:23:33,textattack/bert-base-uncased-QNLI,dense,8021340,qnli,dense,flashsvd15,,bf16,512,32,synthetic,42,30522,0.0000,0.0000,0.0000,0.000,0.000,0.000,0.00,0.00,512.0,0.0,23.59,0.11,1356.3,6.1,3,488.5,0.0000
2026-03-04T16:23:51,textattack/bert-base-uncased-RTE,dense,8021340,rte,dense,naive,,bf16,512,32,real,,,0.0000,0.0000,0.0000,0.000,0.000,0.000,0.00,86.70,68.1,0.0,24.57,0.06,1302.4,3.4,3,504.5,0.0000
2026-03-04T16:24:05,textattack/bert-base-uncased-RTE,dense,8021340,rte,dense,naive,,bf16,512,32,synthetic,42,30522,0.0000,0.0000,0.0000,0.000,0.000,0.000,0.00,0.00,512.0,0.0,23.56,0.10,1358.1,5.6,3,488.5,0.0000
2026-03-04T16:24:20,textattack/bert-base-uncased-RTE,dense,8021340,rte,dense,sdpa,flash,bf16,512,32,real,,,0.0000,0.0000,0.0000,0.000,0.000,0.000,0.00,86.70,68.1,0.0,24.60,0.09,1300.6,4.6,3,504.5,0.0000
2026-03-04T16:24:34,textattack/bert-base-uncased-RTE,dense,8021340,rte,dense,sdpa,flash,bf16,512,32,synthetic,42,30522,0.0000,0.0000,0.0000,0.000,0.000,0.000,0.00,0.00,512.0,0.0,23.58,0.11,1357.4,6.3,3,488.5,0.0000
2026-03-04T16:24:51,textattack/bert-base-uncased-RTE,dense,8021340,rte,dense,flashsvd,,bf16,512,32,real,,,0.0000,0.0000,0.0000,0.000,0.000,0.000,0.00,86.70,68.1,0.0,24.64,0.11,1298.9,5.7,3,504.5,0.0000
2026-03-04T16:25:05,textattack/bert-base-uncased-RTE,dense,8021340,rte,dense,flashsvd,,bf16,512,32,synthetic,42,30522,0.0000,0.0000,0.0000,0.000,0.000,0.000,0.00,0.00,512.0,0.0,23.73,0.08,1348.8,4.7,3,488.5,0.0000
2026-03-04T16:25:21,textattack/bert-base-uncased-RTE,dense,8021340,rte,dense,flashsvd15,,bf16,512,32,real,,,0.0000,0.0000,0.0000,0.000,0.000,0.000,0.00,86.70,68.1,0.0,24.62,0.10,1300.0,5.3,3,504.5,0.0000
2026-03-04T16:25:36,textattack/bert-base-uncased-RTE,dense,8021340,rte,dense,flashsvd15,,bf16,512,32,synthetic,42,30522,0.0000,0.0000,0.0000,0.000,0.000,0.000,0.00,0.00,512.0,0.0,23.55,0.12,1358.9,7.1,3,488.5,0.0000
2026-03-04T16:25:55,textattack/bert-base-uncased-STS-B,dense,8021340,stsb,dense,naive,,bf16,512,32,real,,,0.0000,0.0000,0.0000,0.000,0.000,0.000,0.00,93.93,31.1,0.0,24.60,0.15,1300.6,8.1,3,504.5,0.0000
2026-03-04T16:26:10,textattack/bert-base-uncased-STS-B,dense,8021340,stsb,dense,naive,,bf16,512,32,synthetic,42,30522,0.0000,0.0000,0.0000,0.000,0.000,0.000,0.00,0.00,512.0,0.0,23.53,0.12,1359.9,6.7,3,488.5,0.0000
2026-03-04T16:26:27,textattack/bert-base-uncased-STS-B,dense,8021340,stsb,dense,sdpa,flash,bf16,512,32,real,,,0.0000,0.0000,0.0000,0.000,0.000,0.000,0.00,93.93,31.1,0.0,24.62,0.08,1299.9,4.0,3,504.5,0.0000
2026-03-04T16:26:42,textattack/bert-base-uncased-STS-B,dense,8021340,stsb,dense,sdpa,flash,bf16,512,32,synthetic,42,30522,0.0000,0.0000,0.0000,0.000,0.000,0.000,0.00,0.00,512.0,0.0,23.53,0.08,1359.9,4.6,3,488.5,0.0000
2026-03-04T16:27:00,textattack/bert-base-uncased-STS-B,dense,8021340,stsb,dense,flashsvd,,bf16,512,32,real,,,0.0000,0.0000,0.0000,0.000,0.000,0.000,0.00,93.93,31.1,0.0,24.66,0.18,1297.7,9.4,3,504.5,0.0000
2026-03-04T16:27:15,textattack/bert-base-uncased-STS-B,dense,8021340,stsb,dense,flashsvd,,bf16,512,32,synthetic,42,30522,0.0000,0.0000,0.0000,0.000,0.000,0.000,0.00,0.00,512.0,0.0,23.54,0.10,1359.5,5.7,3,488.5,0.0000
2026-03-04T16:27:32,textattack/bert-base-uncased-STS-B,dense,8021340,stsb,dense,flashsvd15,,bf16,512,32,real,,,0.0000,0.0000,0.0000,0.000,0.000,0.000,0.00,93.93,31.1,0.0,24.62,0.11,1299.6,5.7,3,504.5,0.0000
2026-03-04T16:27:47,textattack/bert-base-uncased-STS-B,dense,8021340,stsb,dense,flashsvd15,,bf16,512,32,synthetic,42,30522,0.0000,0.0000,0.0000,0.000,0.000,0.000,0.00,0.00,512.0,0.0,23.52,0.13,1360.7,7.2,3,488.5,0.0000
2026-03-04T16:32:41,textattack/bert-base-uncased-CoLA,ra48_rf256_rw208_per_head,192d147,cola,svd,naive,,bf16,512,32,real,,,1.6718,0.2561,1.9279,25.827,3.956,29.784,13.28,97.66,12.0,159.9,64.73,0.15,494.4,1.1,3,1005.2,0.0406
2026-03-04T16:33:00,textattack/bert-base-uncased-CoLA,ra48_rf256_rw208_per_head,192d147,cola,svd,naive,,bf16,512,32,synthetic,42,30522,1.6718,0.2561,1.9279,32.704,5.010,37.714,13.28,0.00,512.0,159.9,51.12,0.07,626.0,0.8,3,989.2,0.0515
2026-03-04T16:33:17,textattack/bert-base-uncased-CoLA,ra48_rf256_rw208_per_head,192d147,cola,svd,sdpa,flash,bf16,512,32,real,,,1.6718,0.2561,1.9279,63.905,9.789,73.694,13.28,97.66,12.0,159.9,26.16,0.11,1223.2,5.1,3,621.2,0.1005
2026-03-04T16:33:33,textattack/bert-base-uncased-CoLA,ra48_rf256_rw208_per_head,192d147,cola,svd,sdpa,flash,bf16,512,32,synthetic,42,30522,1.6718,0.2561,1.9279,66.362,10.165,76.527,13.28,0.00,512.0,159.9,25.19,0.05,1270.2,2.3,3,605.2,0.1044
2026-03-04T16:33:54,textattack/bert-base-uncased-CoLA,ra48_rf256_rw208_per_head,192d147,cola,svd,flashsvd,,bf16,512,32,real,,,1.6718,0.2561,1.9279,38.200,5.851,44.052,13.28,97.66,12.0,159.9,43.76,0.07,731.2,1.2,3,357.4,0.0601
2026-03-04T16:34:12,textattack/bert-base-uncased-CoLA,ra48_rf256_rw208_per_head,192d147,cola,svd,flashsvd,,bf16,512,32,synthetic,42,30522,1.6718,0.2561,1.9279,37.791,5.789,43.580,13.28,0.00,512.0,159.9,44.24,0.06,723.4,1.0,3,341.4,0.0595
2026-03-04T16:34:29,textattack/bert-base-uncased-CoLA,ra48_rf256_rw208_per_head,192d147,cola,svd,flashsvd15,,bf16,512,32,real,,,1.6718,0.2561,1.9279,75.034,11.494,86.528,13.28,97.66,12.0,159.9,22.28,0.02,1436.2,1.3,3,363.6,0.1180
2026-03-04T16:34:45,textattack/bert-base-uncased-CoLA,ra48_rf256_rw208_per_head,192d147,cola,svd,flashsvd15,,bf16,512,32,synthetic,42,30522,1.6718,0.2561,1.9279,74.010,11.337,85.346,13.28,0.00,512.0,159.9,22.59,0.03,1416.6,1.8,3,342.8,0.1164
2026-03-04T16:35:08,textattack/bert-base-uncased-CoLA,ra48_rf256_rw208_per_head,192d147,cola,fwsvd,naive,,bf16,512,32,real,,,1.6718,0.2561,1.9279,25.842,3.958,29.801,13.28,97.66,12.0,159.9,64.69,0.01,494.6,0.1,3,1005.2,0.0407
2026-03-04T16:35:28,textattack/bert-base-uncased-CoLA,ra48_rf256_rw208_per_head,192d147,cola,fwsvd,naive,,bf16,512,32,synthetic,42,30522,1.6718,0.2561,1.9279,32.681,5.006,37.687,13.28,0.00,512.0,159.9,51.16,0.07,625.5,0.9,3,989.2,0.0514
2026-03-04T16:35:45,textattack/bert-base-uncased-CoLA,ra48_rf256_rw208_per_head,192d147,cola,fwsvd,sdpa,flash,bf16,512,32,real,,,1.6718,0.2561,1.9279,63.593,9.741,73.334,13.28,97.66,12.0,159.9,26.29,0.09,1217.2,4.0,3,621.2,0.1000
2026-03-04T16:36:01,textattack/bert-base-uncased-CoLA,ra48_rf256_rw208_per_head,192d147,cola,fwsvd,sdpa,flash,bf16,512,32,synthetic,42,30522,1.6718,0.2561,1.9279,66.184,10.138,76.322,13.28,0.00,512.0,159.9,25.26,0.02,1266.8,1.2,3,605.2,0.1041
2026-03-04T16:36:22,textattack/bert-base-uncased-CoLA,ra48_rf256_rw208_per_head,192d147,cola,fwsvd,flashsvd,,bf16,512,32,real,,,1.6718,0.2561,1.9279,37.902,5.806,43.708,13.28,97.66,12.0,159.9,44.11,0.04,725.5,0.6,3,357.4,0.0596
2026-03-04T16:36:41,textattack/bert-base-uncased-CoLA,ra48_rf256_rw208_per_head,192d147,cola,fwsvd,flashsvd,,bf16,512,32,synthetic,42,30522,1.6718,0.2561,1.9279,37.562,5.754,43.315,13.28,0.00,512.0,159.9,44.51,0.07,719.0,1.2,3,341.4,0.0591
2026-03-04T16:36:57,textattack/bert-base-uncased-CoLA,ra48_rf256_rw208_per_head,192d147,cola,fwsvd,flashsvd15,,bf16,512,32,real,,,1.6718,0.2561,1.9279,75.180,11.516,86.696,13.28,97.66,12.0,159.9,22.24,0.11,1439.0,6.9,3,363.6,0.1183
2026-03-04T16:37:14,textattack/bert-base-uncased-CoLA,ra48_rf256_rw208_per_head,192d147,cola,fwsvd,flashsvd15,,bf16,512,32,synthetic,42,30522,1.6718,0.2561,1.9279,73.943,11.327,85.270,13.28,0.00,512.0,159.9,22.61,0.01,1415.3,0.7,3,342.8,0.1163
2026-03-04T16:37:37,textattack/bert-base-uncased-CoLA,ra48_rf256_rw208_per_head,192d147,cola,drone,naive,,bf16,512,32,real,,,1.6718,0.2561,1.9279,25.789,3.950,29.739,13.28,97.66,12.0,159.9,64.83,0.13,493.6,1.0,3,1005.2,0.0406
2026-03-04T16:37:57,textattack/bert-base-uncased-CoLA,ra48_rf256_rw208_per_head,192d147,cola,drone,naive,,bf16,512,32,synthetic,42,30522,1.6718,0.2561,1.9279,32.682,5.006,37.689,13.28,0.00,512.0,159.9,51.15,0.07,625.6,0.8,3,989.2,0.0514
2026-03-04T16:38:14,textattack/bert-base-uncased-CoLA,ra48_rf256_rw208_per_head,192d147,cola,drone,sdpa,flash,bf16,512,32,real,,,1.6718,0.2561,1.9279,63.461,9.721,73.181,13.28,97.66,12.0,159.9,26.34,0.11,1214.7,4.9,3,621.2,0.0998
2026-03-04T16:38:30,textattack/bert-base-uncased-CoLA,ra48_rf256_rw208_per_head,192d147,cola,drone,sdpa,flash,bf16,512,32,synthetic,42,30522,1.6718,0.2561,1.9279,65.969,10.105,76.074,13.28,0.00,512.0,159.9,25.34,0.01,1262.7,0.7,3,605.2,0.1038
2026-03-04T16:38:51,textattack/bert-base-uncased-CoLA,ra48_rf256_rw208_per_head,192d147,cola,drone,flashsvd,,bf16,512,32,real,,,1.6718,0.2561,1.9279,37.944,5.812,43.757,13.28,97.66,12.0,159.9,44.06,0.05,726.3,0.9,3,357.4,0.0597
2026-03-04T16:39:09,textattack/bert-base-uncased-CoLA,ra48_rf256_rw208_per_head,192d147,cola,drone,flashsvd,,bf16,512,32,synthetic,42,30522,1.6718,0.2561,1.9279,37.538,5.750,43.287,13.28,0.00,512.0,159.9,44.54,0.05,718.5,0.8,3,341.4,0.0591
2026-03-04T16:39:26,textattack/bert-base-uncased-CoLA,ra48_rf256_rw208_per_head,192d147,cola,drone,flashsvd15,,bf16,512,32,real,,,1.6718,0.2561,1.9279,74.802,11.458,86.260,13.28,97.66,12.0,159.9,22.35,0.02,1431.8,1.5,3,363.6,0.1177
2026-03-04T16:39:42,textattack/bert-base-uncased-CoLA,ra48_rf256_rw208_per_head,192d147,cola,drone,flashsvd15,,bf16,512,32,synthetic,42,30522,1.6718,0.2561,1.9279,73.856,11.313,85.169,13.28,0.00,512.0,159.9,22.64,0.04,1413.7,2.6,3,342.8,0.1162
2026-03-04T16:40:06,textattack/bert-base-uncased-CoLA,b0.527_per_head,192d147,cola,adasvd,naive,,bf16,512,32,real,,,1.8780,0.0744,1.9524,28.680,1.136,29.816,3.81,97.66,12.0,161.5,65.48,0.14,488.7,1.1,3,1015.1,0.0407
2026-03-04T16:40:26,textattack/bert-base-uncased-CoLA,b0.527_per_head,192d147,cola,adasvd,naive,,bf16,512,32,synthetic,42,30522,1.8780,0.0744,1.9524,36.417,1.442,37.859,3.81,0.00,512.0,161.5,51.57,0.08,620.5,0.9,3,997.6,0.0516
2026-03-04T16:40:43,textattack/bert-base-uncased-CoLA,b0.527_per_head,192d147,cola,adasvd,sdpa,flash,bf16,512,32,real,,,1.8780,0.0744,1.9524,69.007,2.732,71.739,3.81,97.66,12.0,161.5,27.22,0.07,1175.8,3.2,3,631.1,0.0979
2026-03-04T16:41:00,textattack/bert-base-uncased-CoLA,b0.527_per_head,192d147,cola,adasvd,sdpa,flash,bf16,512,32,synthetic,42,30522,1.8780,0.0744,1.9524,71.649,2.837,74.486,3.81,0.00,512.0,161.5,26.21,0.05,1220.8,2.2,3,613.6,0.1016
2026-03-04T16:41:21,textattack/bert-base-uncased-CoLA,b0.527_per_head,192d147,cola,adasvd,flashsvd,,bf16,512,32,real,,,1.8780,0.0744,1.9524,42.459,1.681,44.141,3.81,97.66,12.0,161.5,44.23,0.05,723.5,0.8,3,368.3,0.0602
2026-03-04T16:41:40,textattack/bert-base-uncased-CoLA,b0.527_per_head,192d147,cola,adasvd,flashsvd,,bf16,512,32,synthetic,42,30522,1.8780,0.0744,1.9524,42.378,1.678,44.056,3.81,0.00,512.0,161.5,44.32,0.03,722.1,0.5,3,351.8,0.0601
2026-03-04T16:41:57,textattack/bert-base-uncased-CoLA,b0.527_per_head,192d147,cola,adasvd,flashsvd15,,bf16,512,32,real,,,1.8780,0.0744,1.9524,93.975,3.721,97.696,3.81,97.66,12.0,161.5,19.98,0.09,1601.3,6.9,3,368.4,0.1333
2026-03-04T16:42:13,textattack/bert-base-uncased-CoLA,b0.527_per_head,192d147,cola,adasvd,flashsvd15,,bf16,512,32,synthetic,42,30522,1.8780,0.0744,1.9524,90.928,3.601,94.529,3.81,0.00,512.0,161.5,20.65,0.05,1549.3,3.8,3,350.9,0.1290
2026-03-04T16:42:37,textattack/bert-base-uncased-SST-2,ra48_rf256_rw208_per_head,192d147,sst2,svd,naive,,bf16,512,32,real,,,1.6718,0.2561,1.9279,25.800,3.952,29.752,13.28,95.11,25.0,159.9,64.80,0.16,493.8,1.2,3,1005.2,0.0406
2026-03-04T16:42:56,textattack/bert-base-uncased-SST-2,ra48_rf256_rw208_per_head,192d147,sst2,svd,naive,,bf16,512,32,synthetic,42,30522,1.6718,0.2561,1.9279,32.709,5.010,37.719,13.28,0.00,512.0,159.9,51.11,0.00,626.1,0.0,3,989.2,0.0515
2026-03-04T16:43:13,textattack/bert-base-uncased-SST-2,ra48_rf256_rw208_per_head,192d147,sst2,svd,sdpa,flash,bf16,512,32,real,,,1.6718,0.2561,1.9279,63.587,9.740,73.327,13.28,95.11,25.0,159.9,26.29,0.10,1217.1,4.6,3,621.2,0.1000
2026-03-04T16:43:29,textattack/bert-base-uncased-SST-2,ra48_rf256_rw208_per_head,192d147,sst2,svd,sdpa,flash,bf16,512,32,synthetic,42,30522,1.6718,0.2561,1.9279,66.045,10.117,76.162,13.28,0.00,512.0,159.9,25.31,0.01,1264.2,0.5,3,605.2,0.1039
2026-03-04T16:43:50,textattack/bert-base-uncased-SST-2,ra48_rf256_rw208_per_head,192d147,sst2,svd,flashsvd,,bf16,512,32,real,,,1.6718,0.2561,1.9279,37.945,5.812,43.757,13.28,95.11,25.0,159.9,44.06,0.05,726.3,0.8,3,357.4,0.0597
2026-03-04T16:44:09,textattack/bert-base-uncased-SST-2,ra48_rf256_rw208_per_head,192d147,sst2,svd,flashsvd,,bf16,512,32,synthetic,42,30522,1.6718,0.2561,1.9279,37.587,5.758,43.344,13.28,0.00,512.0,159.9,44.48,0.06,719.4,1.0,3,341.4,0.0591
2026-03-04T16:44:26,textattack/bert-base-uncased-SST-2,ra48_rf256_rw208_per_head,192d147,sst2,svd,flashsvd15,,bf16,512,32,real,,,1.6718,0.2561,1.9279,75.098,11.504,86.602,13.28,95.11,25.0,159.9,22.26,0.04,1437.4,2.4,3,358.8,0.1181
2026-03-04T16:44:42,textattack/bert-base-uncased-SST-2,ra48_rf256_rw208_per_head,192d147,sst2,svd,flashsvd15,,bf16,512,32,synthetic,42,30522,1.6718,0.2561,1.9279,74.017,11.338,85.355,13.28,0.00,512.0,159.9,22.59,0.05,1416.8,3.4,3,342.8,0.1164
2026-03-04T16:45:06,textattack/bert-base-uncased-SST-2,ra48_rf256_rw208_per_head,192d147,sst2,fwsvd,naive,,bf16,512,32,real,,,1.6718,0.2561,1.9279,25.798,3.952,29.750,13.28,95.11,25.0,159.9,64.80,0.15,493.8,1.1,3,1005.2,0.0406
2026-03-04T16:45:26,textattack/bert-base-uncased-SST-2,ra48_rf256_rw208_per_head,192d147,sst2,fwsvd,naive,,bf16,512,32,synthetic,42,30522,1.6718,0.2561,1.9279,32.694,5.008,37.702,13.28,0.00,512.0,159.9,51.13,0.07,625.8,0.9,3,989.2,0.0514
2026-03-04T16:45:44,textattack/bert-base-uncased-SST-2,ra48_rf256_rw208_per_head,192d147,sst2,fwsvd,sdpa,flash,bf16,512,32,real,,,1.6718,0.2561,1.9279,63.479,9.724,73.202,13.28,95.11,25.0,159.9,26.34,0.09,1215.0,4.0,3,621.2,0.0999
2026-03-04T16:45:58,textattack/bert-base-uncased-SST-2,ra48_rf256_rw208_per_head,192d147,sst2,fwsvd,sdpa,flash,bf16,512,32,synthetic,42,30522,1.6718,0.2561,1.9279,65.937,10.100,76.037,13.28,0.00,512.0,159.9,25.35,0.01,1262.1,0.3,3,605.2,0.1037
2026-03-04T16:46:20,textattack/bert-base-uncased-SST-2,ra48_rf256_rw208_per_head,192d147,sst2,fwsvd,flashsvd,,bf16,512,32,real,,,1.6718,0.2561,1.9279,37.870,5.801,43.671,13.28,95.11,25.0,159.9,44.15,0.02,724.9,0.4,3,357.4,0.0596
2026-03-04T16:46:39,textattack/bert-base-uncased-SST-2,ra48_rf256_rw208_per_head,192d147,sst2,fwsvd,flashsvd,,bf16,512,32,synthetic,42,30522,1.6718,0.2561,1.9279,37.514,5.746,43.260,13.28,0.00,512.0,159.9,44.57,0.10,718.0,1.6,3,341.4,0.0590
2026-03-04T16:46:57,textattack/bert-base-uncased-SST-2,ra48_rf256_rw208_per_head,192d147,sst2,fwsvd,flashsvd15,,bf16,512,32,real,,,1.6718,0.2561,1.9279,74.928,11.477,86.405,13.28,95.11,25.0,159.9,22.31,0.06,1434.2,4.0,3,358.8,0.1179
2026-03-04T16:47:12,textattack/bert-base-uncased-SST-2,ra48_rf256_rw208_per_head,192d147,sst2,fwsvd,flashsvd15,,bf16,512,32,synthetic,42,30522,1.6718,0.2561,1.9279,74.108,11.352,85.460,13.28,0.00,512.0,159.9,22.56,0.03,1418.5,2.0,3,342.8,0.1166
2026-03-04T16:47:35,textattack/bert-base-uncased-SST-2,ra48_rf256_rw208_per_head,192d147,sst2,drone,naive,,bf16,512,32,real,,,1.6718,0.2561,1.9279,25.828,3.956,29.784,13.28,95.11,25.0,159.9,64.73,0.02,494.4,0.1,3,1005.2,0.0406
2026-03-04T16:47:55,textattack/bert-base-uncased-SST-2,ra48_rf256_rw208_per_head,192d147,sst2,drone,naive,,bf16,512,32,synthetic,42,30522,1.6718,0.2561,1.9279,32.668,5.004,37.672,13.28,0.00,512.0,159.9,51.18,0.10,625.3,1.2,3,989.2,0.0514
2026-03-04T16:48:13,textattack/bert-base-uncased-SST-2,ra48_rf256_rw208_per_head,192d147,sst2,drone,sdpa,flash,bf16,512,32,real,,,1.6718,0.2561,1.9279,63.441,9.718,73.159,13.28,95.11,25.0,159.9,26.35,0.07,1214.3,3.4,3,621.2,0.0998
2026-03-04T16:48:28,textattack/bert-base-uncased-SST-2,ra48_rf256_rw208_per_head,192d147,sst2,drone,sdpa,flash,bf16,512,32,synthetic,42,30522,1.6718,0.2561,1.9279,66.067,10.120,76.187,13.28,0.00,512.0,159.9,25.30,0.02,1264.6,1.0,3,605.2,0.1039
2026-03-04T16:48:49,textattack/bert-base-uncased-SST-2,ra48_rf256_rw208_per_head,192d147,sst2,drone,flashsvd,,bf16,512,32,real,,,1.6718,0.2561,1.9279,37.876,5.802,43.677,13.28,95.11,25.0,159.9,44.14,0.08,725.0,1.3,3,357.4,0.0596
2026-03-04T16:49:08,textattack/bert-base-uncased-SST-2,ra48_rf256_rw208_per_head,192d147,sst2,drone,flashsvd,,bf16,512,32,synthetic,42,30522,1.6718,0.2561,1.9279,37.560,5.753,43.313,13.28,0.00,512.0,159.9,44.51,0.04,718.9,0.7,3,341.4,0.0591
2026-03-04T16:49:26,textattack/bert-base-uncased-SST-2,ra48_rf256_rw208_per_head,192d147,sst2,drone,flashsvd15,,bf16,512,32,real,,,1.6718,0.2561,1.9279,75.166,11.514,86.680,13.28,95.11,25.0,159.9,22.24,0.11,1438.8,7.2,3,358.8,0.1183
2026-03-04T16:49:40,textattack/bert-base-uncased-SST-2,ra48_rf256_rw208_per_head,192d147,sst2,drone,flashsvd15,,bf16,512,32,synthetic,42,30522,1.6718,0.2561,1.9279,74.229,11.370,85.600,13.28,0.00,512.0,159.9,22.52,0.05,1420.8,2.9,3,342.8,0.1168
2026-03-04T16:50:05,textattack/bert-base-uncased-SST-2,b0.527_per_head,192d147,sst2,adasvd,naive,,bf16,512,32,real,,,1.8684,0.0793,1.9476,28.470,1.208,29.678,4.07,95.11,25.0,161.2,65.63,0.12,487.6,0.9,3,1012.2,0.0405
2026-03-04T16:50:23,textattack/bert-base-uncased-SST-2,b0.527_per_head,192d147,sst2,adasvd,naive,,bf16,512,32,synthetic,42,30522,1.8684,0.0793,1.9476,36.110,1.532,37.643,4.07,0.00,512.0,161.2,51.74,0.00,618.5,0.0,3,996.6,0.0514
2026-03-04T16:50:41,textattack/bert-base-uncased-SST-2,b0.527_per_head,192d147,sst2,adasvd,sdpa,flash,bf16,512,32,real,,,1.8684,0.0793,1.9476,67.969,2.884,70.853,4.07,95.11,25.0,161.2,27.49,0.04,1164.1,1.6,3,628.2,0.0967
2026-03-04T16:50:54,textattack/bert-base-uncased-SST-2,b0.527_per_head,192d147,sst2,adasvd,sdpa,flash,bf16,512,32,synthetic,42,30522,1.8684,0.0793,1.9476,70.648,2.997,73.645,4.07,0.00,512.0,161.2,26.45,0.04,1210.0,1.7,3,612.6,0.1005
2026-03-04T16:51:16,textattack/bert-base-uncased-SST-2,b0.527_per_head,192d147,sst2,adasvd,flashsvd,,bf16,512,32,real,,,1.8684,0.0793,1.9476,41.457,1.759,43.216,4.07,95.11,25.0,161.2,45.07,0.04,710.0,0.7,3,366.7,0.0590
2026-03-04T16:51:35,textattack/bert-base-uncased-SST-2,b0.527_per_head,192d147,sst2,adasvd,flashsvd,,bf16,512,32,synthetic,42,30522,1.8684,0.0793,1.9476,41.283,1.752,43.034,4.07,0.00,512.0,161.2,45.26,0.04,707.1,0.7,3,351.1,0.0587
2026-03-04T16:51:53,textattack/bert-base-uncased-SST-2,b0.527_per_head,192d147,sst2,adasvd,flashsvd15,,bf16,512,32,real,,,1.8684,0.0793,1.9476,91.590,3.886,95.476,4.07,95.11,25.0,161.2,20.40,0.03,1568.7,2.5,3,365.5,0.1303
2026-03-04T16:52:09,textattack/bert-base-uncased-SST-2,b0.527_per_head,192d147,sst2,adasvd,flashsvd15,,bf16,512,32,synthetic,42,30522,1.8684,0.0793,1.9476,88.665,3.762,92.427,4.07,0.00,512.0,161.2,21.07,0.06,1518.6,4.5,3,349.9,0.1261
2026-03-04T16:52:33,textattack/bert-base-uncased-MRPC,ra48_rf256_rw208_per_head,192d147,mrpc,svd,naive,,bf16,512,32,real,,,1.6718,0.2561,1.9279,25.775,3.948,29.724,13.28,89.59,53.3,159.9,64.86,0.13,493.4,1.0,3,1005.2,0.0406
2026-03-04T16:52:53,textattack/bert-base-uncased-MRPC,ra48_rf256_rw208_per_head,192d147,mrpc,svd,naive,,bf16,512,32,synthetic,42,30522,1.6718,0.2561,1.9279,32.692,5.008,37.700,13.28,0.00,512.0,159.9,51.14,0.06,625.8,0.8,3,989.2,0.0514
2026-03-04T16:53:11,textattack/bert-base-uncased-MRPC,ra48_rf256_rw208_per_head,192d147,mrpc,svd,sdpa,flash,bf16,512,32,real,,,1.6718,0.2561,1.9279,63.360,9.705,73.066,13.28,89.59,53.3,159.9,26.39,0.02,1212.8,0.8,3,621.2,0.0997
2026-03-04T16:53:25,textattack/bert-base-uncased-MRPC,ra48_rf256_rw208_per_head,192d147,mrpc,svd,sdpa,flash,bf16,512,32,synthetic,42,30522,1.6718,0.2561,1.9279,66.058,10.119,76.177,13.28,0.00,512.0,159.9,25.31,0.04,1264.4,1.8,3,605.2,0.1039
2026-03-04T16:53:45,textattack/bert-base-uncased-MRPC,ra48_rf256_rw208_per_head,192d147,mrpc,svd,flashsvd,,bf16,512,32,real,,,1.6718,0.2561,1.9279,37.928,5.810,43.738,13.28,89.59,53.3,159.9,44.08,0.04,726.0,0.6,3,357.4,0.0597
2026-03-04T16:54:04,textattack/bert-base-uncased-MRPC,ra48_rf256_rw208_per_head,192d147,mrpc,svd,flashsvd,,bf16,512,32,synthetic,42,30522,1.6718,0.2561,1.9279,37.555,5.753,43.308,13.28,0.00,512.0,159.9,44.52,0.05,718.8,0.8,3,341.4,0.0591
2026-03-04T16:54:22,textattack/bert-base-uncased-MRPC,ra48_rf256_rw208_per_head,192d147,mrpc,svd,flashsvd15,,bf16,512,32,real,,,1.6718,0.2561,1.9279,75.114,11.506,86.620,13.28,89.59,53.3,159.9,22.26,0.10,1437.8,6.2,3,359.9,0.1182
2026-03-04T16:54:38,textattack/bert-base-uncased-MRPC,ra48_rf256_rw208_per_head,192d147,mrpc,svd,flashsvd15,,bf16,512,32,synthetic,42,30522,1.6718,0.2561,1.9279,73.973,11.331,85.304,13.28,0.00,512.0,159.9,22.60,0.04,1415.9,2.7,3,342.8,0.1164
2026-03-04T16:55:01,textattack/bert-base-uncased-MRPC,ra48_rf256_rw208_per_head,192d147,mrpc,fwsvd,naive,,bf16,512,32,real,,,1.6718,0.2561,1.9279,25.792,3.951,29.742,13.28,89.59,53.3,159.9,64.82,0.14,493.7,1.1,3,1005.2,0.0406
2026-03-04T16:55:21,textattack/bert-base-uncased-MRPC,ra48_rf256_rw208_per_head,192d147,mrpc,fwsvd,naive,,bf16,512,32,synthetic,42,30522,1.6718,0.2561,1.9279,32.663,5.003,37.667,13.28,0.00,512.0,159.9,51.18,0.07,625.2,0.9,3,989.2,0.0514
2026-03-04T16:55:40,textattack/bert-base-uncased-MRPC,ra48_rf256_rw208_per_head,192d147,mrpc,fwsvd,sdpa,flash,bf16,512,32,real,,,1.6718,0.2561,1.9279,63.373,9.707,73.081,13.28,89.59,53.3,159.9,26.38,0.02,1213.0,0.7,3,621.2,0.0997
2026-03-04T16:55:55,textattack/bert-base-uncased-MRPC,ra48_rf256_rw208_per_head,192d147,mrpc,fwsvd,sdpa,flash,bf16,512,32,synthetic,42,30522,1.6718,0.2561,1.9279,65.872,10.090,75.962,13.28,0.00,512.0,159.9,25.38,0.05,1260.8,2.6,3,605.2,0.1036
2026-03-04T16:56:16,textattack/bert-base-uncased-MRPC,ra48_rf256_rw208_per_head,192d147,mrpc,fwsvd,flashsvd,,bf16,512,32,real,,,1.6718,0.2561,1.9279,37.804,5.791,43.594,13.28,89.59,53.3,159.9,44.22,0.07,723.6,1.2,3,357.4,0.0595
2026-03-04T16:56:34,textattack/bert-base-uncased-MRPC,ra48_rf256_rw208_per_head,192d147,mrpc,fwsvd,flashsvd,,bf16,512,32,synthetic,42,30522,1.6718,0.2561,1.9279,37.568,5.755,43.323,13.28,0.00,512.0,159.9,44.50,0.09,719.1,1.5,3,341.4,0.0591
2026-03-04T16:56:53,textattack/bert-base-uncased-MRPC,ra48_rf256_rw208_per_head,192d147,mrpc,fwsvd,flashsvd15,,bf16,512,32,real,,,1.6718,0.2561,1.9279,75.093,11.503,86.595,13.28,89.59,53.3,159.9,22.26,0.10,1437.4,6.7,3,359.9,0.1181
2026-03-04T16:57:09,textattack/bert-base-uncased-MRPC,ra48_rf256_rw208_per_head,192d147,mrpc,fwsvd,flashsvd15,,bf16,512,32,synthetic,42,30522,1.6718,0.2561,1.9279,73.826,11.309,85.134,13.28,0.00,512.0,159.9,22.65,0.02,1413.1,1.2,3,342.8,0.1161
2026-03-04T16:57:31,textattack/bert-base-uncased-MRPC,ra48_rf256_rw208_per_head,192d147,mrpc,drone,naive,,bf16,512,32,real,,,1.6718,0.2561,1.9279,25.813,3.954,29.767,13.28,89.59,53.3,159.9,64.77,0.14,494.1,1.1,3,1005.2,0.0406
2026-03-04T16:57:52,textattack/bert-base-uncased-MRPC,ra48_rf256_rw208_per_head,192d147,mrpc,drone,naive,,bf16,512,32,synthetic,42,30522,1.6718,0.2561,1.9279,32.674,5.005,37.679,13.28,0.00,512.0,159.9,51.17,0.10,625.4,1.2,3,989.2,0.0514
2026-03-04T16:58:11,textattack/bert-base-uncased-MRPC,ra48_rf256_rw208_per_head,192d147,mrpc,drone,sdpa,flash,bf16,512,32,real,,,1.6718,0.2561,1.9279,63.547,9.734,73.281,13.28,89.59,53.3,159.9,26.31,0.08,1216.3,3.5,3,621.2,0.1000
2026-03-04T16:58:26,textattack/bert-base-uncased-MRPC,ra48_rf256_rw208_per_head,192d147,mrpc,drone,sdpa,flash,bf16,512,32,synthetic,42,30522,1.6718,0.2561,1.9279,66.255,10.149,76.404,13.28,0.00,512.0,159.9,25.23,0.01,1268.2,0.4,3,605.2,0.1042
2026-03-04T16:58:47,textattack/bert-base-uncased-MRPC,ra48_rf256_rw208_per_head,192d147,mrpc,drone,flashsvd,,bf16,512,32,real,,,1.6718,0.2561,1.9279,37.866,5.800,43.666,13.28,89.59,53.3,159.9,44.15,0.13,724.8,2.2,3,357.4,0.0596
2026-03-04T16:59:06,textattack/bert-base-uncased-MRPC,ra48_rf256_rw208_per_head,192d147,mrpc,drone,flashsvd,,bf16,512,32,synthetic,42,30522,1.6718,0.2561,1.9279,37.502,5.745,43.247,13.28,0.00,512.0,159.9,44.58,0.06,717.8,1.0,3,341.4,0.0590
2026-03-04T16:59:24,textattack/bert-base-uncased-MRPC,ra48_rf256_rw208_per_head,192d147,mrpc,drone,flashsvd15,,bf16,512,32,real,,,1.6718,0.2561,1.9279,75.012,11.490,86.503,13.28,89.59,53.3,159.9,22.29,0.11,1435.8,6.8,3,359.9,0.1180
2026-03-04T16:59:38,textattack/bert-base-uncased-MRPC,ra48_rf256_rw208_per_head,192d147,mrpc,drone,flashsvd15,,bf16,512,32,synthetic,42,30522,1.6718,0.2561,1.9279,74.201,11.366,85.567,13.28,0.00,512.0,159.9,22.53,0.03,1420.3,1.7,3,342.8,0.1167
2026-03-04T17:00:04,textattack/bert-base-uncased-MRPC,b0.527_per_head,192d147,mrpc,adasvd,naive,,bf16,512,32,real,,,1.8837,0.0712,1.9549,28.681,1.084,29.766,3.64,89.59,53.3,161.7,65.68,0.11,487.2,0.8,3,1015.1,0.0406
2026-03-04T17:00:23,textattack/bert-base-uncased-MRPC,b0.527_per_head,192d147,mrpc,adasvd,naive,,bf16,512,32,synthetic,42,30522,1.8837,0.0712,1.9549,36.376,1.375,37.752,3.64,0.00,512.0,161.7,51.78,0.09,618.0,1.1,3,998.0,0.0515
2026-03-04T17:00:42,textattack/bert-base-uncased-MRPC,b0.527_per_head,192d147,mrpc,adasvd,sdpa,flash,bf16,512,32,real,,,1.8837,0.0712,1.9549,68.489,2.589,71.079,3.64,89.59,53.3,161.7,27.50,0.06,1163.5,2.5,3,631.1,0.0970
2026-03-04T17:00:58,textattack/bert-base-uncased-MRPC,b0.527_per_head,192d147,mrpc,adasvd,sdpa,flash,bf16,512,32,synthetic,42,30522,1.8837,0.0712,1.9549,71.006,2.685,73.690,3.64,0.00,512.0,161.7,26.53,0.05,1206.2,2.1,3,614.0,0.1005
2026-03-04T17:01:20,textattack/bert-base-uncased-MRPC,b0.527_per_head,192d147,mrpc,adasvd,flashsvd,,bf16,512,32,real,,,1.8837,0.0712,1.9549,42.588,1.610,44.198,3.64,89.59,53.3,161.7,44.23,0.07,723.5,1.1,3,368.3,0.0603
2026-03-04T17:01:39,textattack/bert-base-uncased-MRPC,b0.527_per_head,192d147,mrpc,adasvd,flashsvd,,bf16,512,32,synthetic,42,30522,1.8837,0.0712,1.9549,42.359,1.601,43.960,3.64,0.00,512.0,161.7,44.47,0.07,719.6,1.1,3,351.8,0.0600
2026-03-04T17:01:57,textattack/bert-base-uncased-MRPC,b0.527_per_head,192d147,mrpc,adasvd,flashsvd15,,bf16,512,32,real,,,1.8837,0.0712,1.9549,93.124,3.521,96.645,3.64,89.59,53.3,161.7,20.23,0.03,1582.0,2.2,3,368.4,0.1318
2026-03-04T17:02:13,textattack/bert-base-uncased-MRPC,b0.527_per_head,192d147,mrpc,adasvd,flashsvd15,,bf16,512,32,synthetic,42,30522,1.8837,0.0712,1.9549,89.800,3.395,93.195,3.64,0.00,512.0,161.7,20.98,0.04,1525.5,2.7,3,351.3,0.1271
2026-03-04T17:02:38,textattack/bert-base-uncased-QQP,ra48_rf256_rw208_per_head,192d147,qqp,svd,naive,,bf16,512,32,real,,,1.6718,0.2561,1.9279,25.801,3.952,29.753,13.28,93.91,31.2,159.9,64.80,0.15,493.9,1.1,3,1005.2,0.0406
2026-03-04T17:02:57,textattack/bert-base-uncased-QQP,ra48_rf256_rw208_per_head,192d147,qqp,svd,naive,,bf16,512,32,synthetic,42,30522,1.6718,0.2561,1.9279,32.678,5.006,37.683,13.28,0.00,512.0,159.9,51.16,0.08,625.5,1.0,3,989.2,0.0514
2026-03-04T17:03:16,textattack/bert-base-uncased-QQP,ra48_rf256_rw208_per_head,192d147,qqp,svd,sdpa,flash,bf16,512,32,real,,,1.6718,0.2561,1.9279,63.617,9.745,73.362,13.28,93.91,31.2,159.9,26.28,0.09,1217.7,4.3,3,621.2,0.1001
2026-03-04T17:03:31,textattack/bert-base-uncased-QQP,ra48_rf256_rw208_per_head,192d147,qqp,svd,sdpa,flash,bf16,512,32,synthetic,42,30522,1.6718,0.2561,1.9279,65.966,10.105,76.071,13.28,0.00,512.0,159.9,25.34,0.04,1262.7,1.7,3,605.2,0.1038
2026-03-04T17:03:53,textattack/bert-base-uncased-QQP,ra48_rf256_rw208_per_head,192d147,qqp,svd,flashsvd,,bf16,512,32,real,,,1.6718,0.2561,1.9279,37.905,5.806,43.711,13.28,93.91,31.2,159.9,44.11,0.08,725.5,1.3,3,357.4,0.0596
2026-03-04T17:04:11,textattack/bert-base-uncased-QQP,ra48_rf256_rw208_per_head,192d147,qqp,svd,flashsvd,,bf16,512,32,synthetic,42,30522,1.6718,0.2561,1.9279,37.533,5.749,43.282,13.28,0.00,512.0,159.9,44.54,0.05,718.4,0.7,3,341.4,0.0590
2026-03-04T17:04:30,textattack/bert-base-uncased-QQP,ra48_rf256_rw208_per_head,192d147,qqp,svd,flashsvd15,,bf16,512,32,real,,,1.6718,0.2561,1.9279,74.866,11.468,86.334,13.28,93.91,31.2,159.9,22.33,0.03,1433.0,2.0,3,358.8,0.1178
2026-03-04T17:04:45,textattack/bert-base-uncased-QQP,ra48_rf256_rw208_per_head,192d147,qqp,svd,flashsvd15,,bf16,512,32,synthetic,42,30522,1.6718,0.2561,1.9279,73.959,11.329,85.288,13.28,0.00,512.0,159.9,22.60,0.03,1415.6,1.9,3,342.8,0.1164
2026-03-04T17:05:09,textattack/bert-base-uncased-QQP,ra48_rf256_rw208_per_head,192d147,qqp,fwsvd,naive,,bf16,512,32,real,,,1.6718,0.2561,1.9279,25.803,3.952,29.755,13.28,93.91,31.2,159.9,64.79,0.13,493.9,1.0,3,1005.2,0.0406
2026-03-04T17:05:28,textattack/bert-base-uncased-QQP,ra48_rf256_rw208_per_head,192d147,qqp,fwsvd,naive,,bf16,512,32,synthetic,42,30522,1.6718,0.2561,1.9279,32.683,5.006,37.690,13.28,0.00,512.0,159.9,51.15,0.05,625.6,0.6,3,989.2,0.0514
2026-03-04T17:05:47,textattack/bert-base-uncased-QQP,ra48_rf256_rw208_per_head,192d147,qqp,fwsvd,sdpa,flash,bf16,512,32,real,,,1.6718,0.2561,1.9279,63.499,9.727,73.226,13.28,93.91,31.2,159.9,26.33,0.10,1215.4,4.7,3,621.2,0.0999
2026-03-04T17:06:02,textattack/bert-base-uncased-QQP,ra48_rf256_rw208_per_head,192d147,qqp,fwsvd,sdpa,flash,bf16,512,32,synthetic,42,30522,1.6718,0.2561,1.9279,66.165,10.135,76.300,13.28,0.00,512.0,159.9,25.27,0.02,1266.4,1.0,3,605.2,0.1041
2026-03-04T17:06:22,textattack/bert-base-uncased-QQP,ra48_rf256_rw208_per_head,192d147,qqp,fwsvd,flashsvd,,bf16,512,32,real,,,1.6718,0.2561,1.9279,37.772,5.786,43.557,13.28,93.91,31.2,159.9,44.26,0.06,723.0,0.9,3,357.4,0.0594
2026-03-04T17:06:42,textattack/bert-base-uncased-QQP,ra48_rf256_rw208_per_head,192d147,qqp,fwsvd,flashsvd,,bf16,512,32,synthetic,42,30522,1.6718,0.2561,1.9279,37.524,5.748,43.272,13.28,0.00,512.0,159.9,44.55,0.05,718.2,0.8,3,341.4,0.0590
2026-03-04T17:07:00,textattack/bert-base-uncased-QQP,ra48_rf256_rw208_per_head,192d147,qqp,fwsvd,flashsvd15,,bf16,512,32,real,,,1.6718,0.2561,1.9279,74.979,11.485,86.464,13.28,93.91,31.2,159.9,22.30,0.12,1435.2,7.6,3,358.8,0.1180
2026-03-04T17:07:15,textattack/bert-base-uncased-QQP,ra48_rf256_rw208_per_head,192d147,qqp,fwsvd,flashsvd15,,bf16,512,32,synthetic,42,30522,1.6718,0.2561,1.9279,73.961,11.329,85.291,13.28,0.00,512.0,159.9,22.60,0.04,1415.7,2.3,3,342.8,0.1164
2026-03-04T17:07:39,textattack/bert-base-uncased-QQP,ra48_rf256_rw208_per_head,192d147,qqp,drone,naive,,bf16,512,32,real,,,1.6718,0.2561,1.9279,25.801,3.952,29.753,13.28,93.91,31.2,159.9,64.80,0.15,493.9,1.1,3,1005.2,0.0406
2026-03-04T17:07:59,textattack/bert-base-uncased-QQP,ra48_rf256_rw208_per_head,192d147,qqp,drone,naive,,bf16,512,32,synthetic,42,30522,1.6718,0.2561,1.9279,32.618,4.996,37.614,13.28,0.00,512.0,159.9,51.25,0.11,624.3,1.3,3,989.2,0.0513
2026-03-04T17:08:19,textattack/bert-base-uncased-QQP,ra48_rf256_rw208_per_head,192d147,qqp,drone,sdpa,flash,bf16,512,32,real,,,1.6718,0.2561,1.9279,63.454,9.720,73.173,13.28,93.91,31.2,159.9,26.35,0.12,1214.6,5.4,3,621.2,0.0998
2026-03-04T17:08:34,textattack/bert-base-uncased-QQP,ra48_rf256_rw208_per_head,192d147,qqp,drone,sdpa,flash,bf16,512,32,synthetic,42,30522,1.6718,0.2561,1.9279,65.960,10.104,76.064,13.28,0.00,512.0,159.9,25.35,0.03,1262.5,1.4,3,605.2,0.1038
2026-03-04T17:08:56,textattack/bert-base-uncased-QQP,ra48_rf256_rw208_per_head,192d147,qqp,drone,flashsvd,,bf16,512,32,real,,,1.6718,0.2561,1.9279,37.832,5.795,43.627,13.28,93.91,31.2,159.9,44.19,0.05,724.1,0.8,3,357.4,0.0595
2026-03-04T17:09:15,textattack/bert-base-uncased-QQP,ra48_rf256_rw208_per_head,192d147,qqp,drone,flashsvd,,bf16,512,32,synthetic,42,30522,1.6718,0.2561,1.9279,37.544,5.751,43.296,13.28,0.00,512.0,159.9,44.53,0.08,718.6,1.3,3,341.4,0.0591
2026-03-04T17:09:32,textattack/bert-base-uncased-QQP,ra48_rf256_rw208_per_head,192d147,qqp,drone,flashsvd15,,bf16,512,32,real,,,1.6718,0.2561,1.9279,74.785,11.456,86.241,13.28,93.91,31.2,159.9,22.35,0.03,1431.5,1.7,3,358.8,0.1177
2026-03-04T17:09:47,textattack/bert-base-uncased-QQP,ra48_rf256_rw208_per_head,192d147,qqp,drone,flashsvd15,,bf16,512,32,synthetic,42,30522,1.6718,0.2561,1.9279,73.856,11.313,85.169,13.28,0.00,512.0,159.9,22.64,0.04,1413.7,2.4,3,342.8,0.1162
2026-03-04T17:10:12,textattack/bert-base-uncased-QQP,b0.527_per_head,192d147,qqp,adasvd,naive,,bf16,512,32,real,,,1.8761,0.0756,1.9517,28.515,1.149,29.665,3.87,93.91,31.2,161.5,65.79,0.14,486.4,1.1,3,1012.6,0.0405
2026-03-04T17:10:32,textattack/bert-base-uncased-QQP,b0.527_per_head,192d147,qqp,adasvd,naive,,bf16,512,32,synthetic,42,30522,1.8761,0.0756,1.9517,36.116,1.456,37.572,3.87,0.00,512.0,161.5,51.95,0.08,616.0,0.9,3,996.9,0.0513
2026-03-04T17:10:50,textattack/bert-base-uncased-QQP,b0.527_per_head,192d147,qqp,adasvd,sdpa,flash,bf16,512,32,real,,,1.8761,0.0756,1.9517,67.792,2.733,70.525,3.87,93.91,31.2,161.5,27.67,0.09,1156.3,3.7,3,628.6,0.0962
2026-03-04T17:11:06,textattack/bert-base-uncased-QQP,b0.527_per_head,192d147,qqp,adasvd,sdpa,flash,bf16,512,32,synthetic,42,30522,1.8761,0.0756,1.9517,70.559,2.844,73.403,3.87,0.00,512.0,161.5,26.59,0.04,1203.5,1.8,3,612.9,0.1001
2026-03-04T17:11:28,textattack/bert-base-uncased-QQP,b0.527_per_head,192d147,qqp,adasvd,flashsvd,,bf16,512,32,real,,,1.8761,0.0756,1.9517,41.829,1.686,43.515,3.87,93.91,31.2,161.5,44.85,0.09,713.5,1.4,3,366.9,0.0594
2026-03-04T17:11:47,textattack/bert-base-uncased-QQP,b0.527_per_head,192d147,qqp,adasvd,flashsvd,,bf16,512,32,synthetic,42,30522,1.8761,0.0756,1.9517,41.713,1.681,43.394,3.87,0.00,512.0,161.5,44.98,0.05,711.5,0.7,3,351.2,0.0592
2026-03-04T17:12:05,textattack/bert-base-uncased-QQP,b0.527_per_head,192d147,qqp,adasvd,flashsvd15,,bf16,512,32,real,,,1.8761,0.0756,1.9517,92.496,3.728,96.225,3.87,93.91,31.2,161.5,20.28,0.02,1577.7,1.4,3,365.9,0.1313
2026-03-04T17:12:20,textattack/bert-base-uncased-QQP,b0.527_per_head,192d147,qqp,adasvd,flashsvd15,,bf16,512,32,synthetic,42,30522,1.8761,0.0756,1.9517,89.476,3.607,93.083,3.87,0.00,512.0,161.5,20.97,0.04,1526.2,3.0,3,350.1,0.1270
2026-03-04T17:12:44,textattack/bert-base-uncased-MNLI,ra48_rf256_rw208_per_head,192d147,mnli,svd,naive,,bf16,512,32,real,,,1.6718,0.2561,1.9279,25.834,3.957,29.791,13.28,92.38,39.0,159.9,64.71,0.16,494.5,1.2,3,1005.2,0.0406
2026-03-04T17:13:04,textattack/bert-base-uncased-MNLI,ra48_rf256_rw208_per_head,192d147,mnli,svd,naive,,bf16,512,32,synthetic,42,30522,1.6718,0.2561,1.9279,32.773,5.020,37.793,13.28,0.00,512.0,159.9,51.01,0.06,627.3,0.8,3,989.2,0.0516
2026-03-04T17:13:21,textattack/bert-base-uncased-MNLI,ra48_rf256_rw208_per_head,192d147,mnli,svd,sdpa,flash,bf16,512,32,real,,,1.6718,0.2561,1.9279,63.453,9.720,73.173,13.28,92.38,39.0,159.9,26.35,0.10,1214.6,4.4,3,621.2,0.0998
2026-03-04T17:13:36,textattack/bert-base-uncased-MNLI,ra48_rf256_rw208_per_head,192d147,mnli,svd,sdpa,flash,bf16,512,32,synthetic,42,30522,1.6718,0.2561,1.9279,66.014,10.112,76.126,13.28,0.00,512.0,159.9,25.33,0.01,1263.6,0.6,3,605.2,0.1039
2026-03-04T17:13:57,textattack/bert-base-uncased-MNLI,ra48_rf256_rw208_per_head,192d147,mnli,svd,flashsvd,,bf16,512,32,real,,,1.6718,0.2561,1.9279,37.946,5.812,43.758,13.28,92.38,39.0,159.9,44.06,0.03,726.3,0.6,3,357.4,0.0597
2026-03-04T17:14:16,textattack/bert-base-uncased-MNLI,ra48_rf256_rw208_per_head,192d147,mnli,svd,flashsvd,,bf16,512,32,synthetic,42,30522,1.6718,0.2561,1.9279,37.509,5.746,43.255,13.28,0.00,512.0,159.9,44.57,0.06,718.0,1.0,3,341.4,0.0590
2026-03-04T17:14:34,textattack/bert-base-uncased-MNLI,ra48_rf256_rw208_per_head,192d147,mnli,svd,flashsvd15,,bf16,512,32,real,,,1.6718,0.2561,1.9279,75.123,11.507,86.630,13.28,92.38,39.0,159.9,22.25,0.12,1437.9,8.1,3,358.8,0.1182
2026-03-04T17:14:50,textattack/bert-base-uncased-MNLI,ra48_rf256_rw208_per_head,192d147,mnli,svd,flashsvd15,,bf16,512,32,synthetic,42,30522,1.6718,0.2561,1.9279,73.807,11.306,85.113,13.28,0.00,512.0,159.9,22.65,0.06,1412.7,3.6,3,342.8,0.1161
2026-03-04T17:15:15,textattack/bert-base-uncased-MNLI,ra48_rf256_rw208_per_head,192d147,mnli,fwsvd,naive,,bf16,512,32,real,,,1.6718,0.2561,1.9279,25.772,3.948,29.719,13.28,92.38,39.0,159.9,64.87,0.13,493.3,1.0,3,1005.2,0.0405
2026-03-04T17:15:35,textattack/bert-base-uncased-MNLI,ra48_rf256_rw208_per_head,192d147,mnli,fwsvd,naive,,bf16,512,32,synthetic,42,30522,1.6718,0.2561,1.9279,32.677,5.005,37.682,13.28,0.00,512.0,159.9,51.16,0.09,625.5,1.1,3,989.2,0.0514
2026-03-04T17:15:54,textattack/bert-base-uncased-MNLI,ra48_rf256_rw208_per_head,192d147,mnli,fwsvd,sdpa,flash,bf16,512,32,real,,,1.6718,0.2561,1.9279,63.331,9.701,73.032,13.28,92.38,39.0,159.9,26.40,0.02,1212.2,1.1,3,621.2,0.0996
2026-03-04T17:16:09,textattack/bert-base-uncased-MNLI,ra48_rf256_rw208_per_head,192d147,mnli,fwsvd,sdpa,flash,bf16,512,32,synthetic,42,30522,1.6718,0.2561,1.9279,66.046,10.117,76.163,13.28,0.00,512.0,159.9,25.31,0.03,1264.2,1.4,3,605.2,0.1039
2026-03-04T17:16:30,textattack/bert-base-uncased-MNLI,ra48_rf256_rw208_per_head,192d147,mnli,fwsvd,flashsvd,,bf16,512,32,real,,,1.6718,0.2561,1.9279,37.792,5.789,43.581,13.28,92.38,39.0,159.9,44.24,0.04,723.4,0.6,3,357.4,0.0595
2026-03-04T17:16:49,textattack/bert-base-uncased-MNLI,ra48_rf256_rw208_per_head,192d147,mnli,fwsvd,flashsvd,,bf16,512,32,synthetic,42,30522,1.6718,0.2561,1.9279,37.564,5.754,43.318,13.28,0.00,512.0,159.9,44.51,0.03,719.0,0.5,3,341.4,0.0591
2026-03-04T17:17:08,textattack/bert-base-uncased-MNLI,ra48_rf256_rw208_per_head,192d147,mnli,fwsvd,flashsvd15,,bf16,512,32,real,,,1.6718,0.2561,1.9279,75.038,11.494,86.532,13.28,92.38,39.0,159.9,22.28,0.10,1436.3,6.7,3,358.8,0.1181
2026-03-04T17:17:22,textattack/bert-base-uncased-MNLI,ra48_rf256_rw208_per_head,192d147,mnli,fwsvd,flashsvd15,,bf16,512,32,synthetic,42,30522,1.6718,0.2561,1.9279,73.925,11.324,85.249,13.28,0.00,512.0,159.9,22.62,0.05,1415.0,3.4,3,342.8,0.1163
2026-03-04T17:17:46,textattack/bert-base-uncased-MNLI,ra48_rf256_rw208_per_head,192d147,mnli,drone,naive,,bf16,512,32,real,,,1.6718,0.2561,1.9279,25.754,3.945,29.699,13.28,92.38,39.0,159.9,64.91,0.16,493.0,1.2,3,1005.2,0.0405
2026-03-04T17:18:05,textattack/bert-base-uncased-MNLI,ra48_rf256_rw208_per_head,192d147,mnli,drone,naive,,bf16,512,32,synthetic,42,30522,1.6718,0.2561,1.9279,32.669,5.004,37.674,13.28,0.00,512.0,159.9,51.17,0.08,625.3,1.0,3,989.2,0.0514
2026-03-04T17:18:23,textattack/bert-base-uncased-MNLI,ra48_rf256_rw208_per_head,192d147,mnli,drone,sdpa,flash,bf16,512,32,real,,,1.6718,0.2561,1.9279,63.419,9.714,73.133,13.28,92.38,39.0,159.9,26.36,0.09,1213.9,4.2,3,621.2,0.0998
2026-03-04T17:18:38,textattack/bert-base-uncased-MNLI,ra48_rf256_rw208_per_head,192d147,mnli,drone,sdpa,flash,bf16,512,32,synthetic,42,30522,1.6718,0.2561,1.9279,66.032,10.115,76.147,13.28,0.00,512.0,159.9,25.32,0.01,1263.9,0.3,3,605.2,0.1039
2026-03-04T17:18:59,textattack/bert-base-uncased-MNLI,ra48_rf256_rw208_per_head,192d147,mnli,drone,flashsvd,,bf16,512,32,real,,,1.6718,0.2561,1.9279,37.734,5.780,43.514,13.28,92.38,39.0,159.9,44.31,0.10,722.3,1.7,3,357.4,0.0594
2026-03-04T17:19:18,textattack/bert-base-uncased-MNLI,ra48_rf256_rw208_per_head,192d147,mnli,drone,flashsvd,,bf16,512,32,synthetic,42,30522,1.6718,0.2561,1.9279,37.576,5.756,43.332,13.28,0.00,512.0,159.9,44.49,0.04,719.2,0.7,3,341.4,0.0591
2026-03-04T17:19:38,textattack/bert-base-uncased-MNLI,ra48_rf256_rw208_per_head,192d147,mnli,drone,flashsvd15,,bf16,512,32,real,,,1.6718,0.2561,1.9279,74.866,11.468,86.334,13.28,92.38,39.0,159.9,22.33,0.03,1433.0,1.9,3,358.8,0.1178
2026-03-04T17:19:53,textattack/bert-base-uncased-MNLI,ra48_rf256_rw208_per_head,192d147,mnli,drone,flashsvd15,,bf16,512,32,synthetic,42,30522,1.6718,0.2561,1.9279,73.974,11.331,85.305,13.28,0.00,512.0,159.9,22.60,0.03,1415.9,1.8,3,342.8,0.1164
2026-03-04T17:20:17,textattack/bert-base-uncased-MNLI,b0.527_per_head,192d147,mnli,adasvd,naive,,bf16,512,32,real,,,1.8668,0.0802,1.9470,28.407,1.220,29.627,4.12,92.38,39.0,161.1,65.72,0.17,487.0,1.3,3,1012.4,0.0404
2026-03-04T17:20:37,textattack/bert-base-uncased-MNLI,b0.527_per_head,192d147,mnli,adasvd,naive,,bf16,512,32,synthetic,42,30522,1.8668,0.0802,1.9470,36.070,1.549,37.619,4.12,0.00,512.0,161.1,51.75,0.05,618.3,0.7,3,996.6,0.0513
2026-03-04T17:20:56,textattack/bert-base-uncased-MNLI,b0.527_per_head,192d147,mnli,adasvd,sdpa,flash,bf16,512,32,real,,,1.8668,0.0802,1.9470,68.087,2.923,71.010,4.12,92.38,39.0,161.1,27.42,0.03,1167.1,1.2,3,628.4,0.0969
2026-03-04T17:21:12,textattack/bert-base-uncased-MNLI,b0.527_per_head,192d147,mnli,adasvd,sdpa,flash,bf16,512,32,synthetic,42,30522,1.8668,0.0802,1.9470,70.646,3.033,73.679,4.12,0.00,512.0,161.1,26.42,0.02,1211.0,0.7,3,612.6,0.1005
2026-03-04T17:21:33,textattack/bert-base-uncased-MNLI,b0.527_per_head,192d147,mnli,adasvd,flashsvd,,bf16,512,32,real,,,1.8668,0.0802,1.9470,41.963,1.802,43.765,4.12,92.38,39.0,161.1,44.49,0.05,719.3,0.7,3,366.8,0.0597
2026-03-04T17:21:52,textattack/bert-base-uncased-MNLI,b0.527_per_head,192d147,mnli,adasvd,flashsvd,,bf16,512,32,synthetic,42,30522,1.8668,0.0802,1.9470,41.963,1.802,43.764,4.12,0.00,512.0,161.1,44.49,0.06,719.3,0.9,3,351.1,0.0597
2026-03-04T17:22:10,textattack/bert-base-uncased-MNLI,b0.527_per_head,192d147,mnli,adasvd,flashsvd15,,bf16,512,32,real,,,1.8668,0.0802,1.9470,92.151,3.957,96.107,4.12,92.38,39.0,161.1,20.26,0.03,1579.6,2.1,3,365.6,0.1311
2026-03-04T17:22:24,textattack/bert-base-uncased-MNLI,b0.527_per_head,192d147,mnli,adasvd,flashsvd15,,bf16,512,32,synthetic,42,30522,1.8668,0.0802,1.9470,89.343,3.836,93.179,4.12,0.00,512.0,161.1,20.89,0.05,1531.5,3.3,3,349.9,0.1271
2026-03-04T17:22:49,textattack/bert-base-uncased-QNLI,ra48_rf256_rw208_per_head,192d147,qnli,svd,naive,,bf16,512,32,real,,,1.6718,0.2561,1.9279,25.821,3.955,29.776,13.28,90.05,50.9,159.9,64.75,0.15,494.2,1.2,3,1005.2,0.0406
2026-03-04T17:23:08,textattack/bert-base-uncased-QNLI,ra48_rf256_rw208_per_head,192d147,qnli,svd,naive,,bf16,512,32,synthetic,42,30522,1.6718,0.2561,1.9279,32.646,5.001,37.647,13.28,0.00,512.0,159.9,51.21,0.07,624.9,0.9,3,989.2,0.0514
2026-03-04T17:23:26,textattack/bert-base-uncased-QNLI,ra48_rf256_rw208_per_head,192d147,qnli,svd,sdpa,flash,bf16,512,32,real,,,1.6718,0.2561,1.9279,63.482,9.724,73.206,13.28,90.05,50.9,159.9,26.34,0.09,1215.1,4.4,3,621.2,0.0999
2026-03-04T17:23:40,textattack/bert-base-uncased-QNLI,ra48_rf256_rw208_per_head,192d147,qnli,svd,sdpa,flash,bf16,512,32,synthetic,42,30522,1.6718,0.2561,1.9279,65.977,10.106,76.084,13.28,0.00,512.0,159.9,25.34,0.03,1262.9,1.3,3,605.2,0.1038
2026-03-04T17:24:02,textattack/bert-base-uncased-QNLI,ra48_rf256_rw208_per_head,192d147,qnli,svd,flashsvd,,bf16,512,32,real,,,1.6718,0.2561,1.9279,37.889,5.804,43.693,13.28,90.05,50.9,159.9,44.12,0.03,725.2,0.5,3,357.4,0.0596
2026-03-04T17:24:21,textattack/bert-base-uncased-QNLI,ra48_rf256_rw208_per_head,192d147,qnli,svd,flashsvd,,bf16,512,32,synthetic,42,30522,1.6718,0.2561,1.9279,37.568,5.755,43.323,13.28,0.00,512.0,159.9,44.50,0.09,719.1,1.4,3,341.4,0.0591
2026-03-04T17:24:39,textattack/bert-base-uncased-QNLI,ra48_rf256_rw208_per_head,192d147,qnli,svd,flashsvd15,,bf16,512,32,real,,,1.6718,0.2561,1.9279,74.630,11.432,86.062,13.28,90.05,50.9,159.9,22.40,0.03,1428.5,2.0,3,358.8,0.1174
2026-03-04T17:24:54,textattack/bert-base-uncased-QNLI,ra48_rf256_rw208_per_head,192d147,qnli,svd,flashsvd15,,bf16,512,32,synthetic,42,30522,1.6718,0.2561,1.9279,74.047,11.342,85.389,13.28,0.00,512.0,159.9,22.58,0.03,1417.3,1.7,3,342.8,0.1165
2026-03-04T17:25:18,textattack/bert-base-uncased-QNLI,ra48_rf256_rw208_per_head,192d147,qnli,fwsvd,naive,,bf16,512,32,real,,,1.6718,0.2561,1.9279,25.799,3.952,29.751,13.28,90.05,50.9,159.9,64.80,0.16,493.8,1.2,3,1005.2,0.0406
2026-03-04T17:25:38,textattack/bert-base-uncased-QNLI,ra48_rf256_rw208_per_head,192d147,qnli,fwsvd,naive,,bf16,512,32,synthetic,42,30522,1.6718,0.2561,1.9279,32.646,5.001,37.647,13.28,0.00,512.0,159.9,51.21,0.07,624.9,0.8,3,989.2,0.0514
2026-03-04T17:25:57,textattack/bert-base-uncased-QNLI,ra48_rf256_rw208_per_head,192d147,qnli,fwsvd,sdpa,flash,bf16,512,32,real,,,1.6718,0.2561,1.9279,63.326,9.700,73.026,13.28,90.05,50.9,159.9,26.40,0.04,1212.1,1.8,3,621.2,0.0996
2026-03-04T17:26:12,textattack/bert-base-uncased-QNLI,ra48_rf256_rw208_per_head,192d147,qnli,fwsvd,sdpa,flash,bf16,512,32,synthetic,42,30522,1.6718,0.2561,1.9279,66.046,10.117,76.163,13.28,0.00,512.0,159.9,25.31,0.02,1264.2,1.2,3,605.2,0.1039
2026-03-04T17:26:34,textattack/bert-base-uncased-QNLI,ra48_rf256_rw208_per_head,192d147,qnli,fwsvd,flashsvd,,bf16,512,32,real,,,1.6718,0.2561,1.9279,37.812,5.792,43.605,13.28,90.05,50.9,159.9,44.21,0.05,723.8,0.8,3,357.4,0.0595
2026-03-04T17:26:53,textattack/bert-base-uncased-QNLI,ra48_rf256_rw208_per_head,192d147,qnli,fwsvd,flashsvd,,bf16,512,32,synthetic,42,30522,1.6718,0.2561,1.9279,37.542,5.751,43.292,13.28,0.00,512.0,159.9,44.53,0.06,718.6,1.0,3,341.4,0.0591
2026-03-04T17:27:10,textattack/bert-base-uncased-QNLI,ra48_rf256_rw208_per_head,192d147,qnli,fwsvd,flashsvd15,,bf16,512,32,real,,,1.6718,0.2561,1.9279,74.732,11.447,86.179,13.28,90.05,50.9,159.9,22.37,0.02,1430.4,1.2,3,358.8,0.1176
2026-03-04T17:27:25,textattack/bert-base-uncased-QNLI,ra48_rf256_rw208_per_head,192d147,qnli,fwsvd,flashsvd15,,bf16,512,32,synthetic,42,30522,1.6718,0.2561,1.9279,73.824,11.308,85.132,13.28,0.00,512.0,159.9,22.65,0.03,1413.0,1.6,3,342.8,0.1161
2026-03-04T17:27:49,textattack/bert-base-uncased-QNLI,ra48_rf256_rw208_per_head,192d147,qnli,drone,naive,,bf16,512,32,real,,,1.6718,0.2561,1.9279,25.797,3.952,29.748,13.28,90.05,50.9,159.9,64.81,0.15,493.8,1.1,3,1005.2,0.0406
2026-03-04T17:28:08,textattack/bert-base-uncased-QNLI,ra48_rf256_rw208_per_head,192d147,qnli,drone,naive,,bf16,512,32,synthetic,42,30522,1.6718,0.2561,1.9279,32.682,5.006,37.688,13.28,0.00,512.0,159.9,51.15,0.06,625.6,0.8,3,989.2,0.0514
2026-03-04T17:28:27,textattack/bert-base-uncased-QNLI,ra48_rf256_rw208_per_head,192d147,qnli,drone,sdpa,flash,bf16,512,32,real,,,1.6718,0.2561,1.9279,63.005,9.651,72.656,13.28,90.05,50.9,159.9,26.53,0.24,1206.0,11.0,3,621.2,0.0991
2026-03-04T17:28:46,textattack/bert-base-uncased-QNLI,ra48_rf256_rw208_per_head,192d147,qnli,drone,sdpa,flash,bf16,512,32,synthetic,42,30522,1.6718,0.2561,1.9279,66.057,10.118,76.175,13.28,0.00,512.0,159.9,25.31,0.03,1264.4,1.4,3,605.2,0.1039
2026-03-04T17:29:41,textattack/bert-base-uncased-QNLI,ra48_rf256_rw208_per_head,192d147,qnli,drone,flashsvd,,bf16,512,32,real,,,1.6718,0.2561,1.9279,38.035,5.826,43.861,13.28,90.05,50.9,159.9,43.95,0.09,728.0,1.5,3,357.4,0.0598
2026-03-04T17:30:02,textattack/bert-base-uncased-QNLI,ra48_rf256_rw208_per_head,192d147,qnli,drone,flashsvd,,bf16,512,32,synthetic,42,30522,1.6718,0.2561,1.9279,37.772,5.786,43.558,13.28,0.00,512.0,159.9,44.26,0.04,723.0,0.6,3,341.4,0.0594
2026-03-04T17:30:19,textattack/bert-base-uncased-QNLI,ra48_rf256_rw208_per_head,192d147,qnli,drone,flashsvd15,,bf16,512,32,real,,,1.6718,0.2561,1.9279,74.945,11.480,86.425,13.28,90.05,50.9,159.9,22.31,0.08,1434.5,5.1,3,358.8,0.1179
2026-03-04T17:30:34,textattack/bert-base-uncased-QNLI,ra48_rf256_rw208_per_head,192d147,qnli,drone,flashsvd15,,bf16,512,32,synthetic,42,30522,1.6718,0.2561,1.9279,74.006,11.336,85.342,13.28,0.00,512.0,159.9,22.59,0.03,1416.5,1.8,3,342.8,0.1164
2026-03-04T17:30:59,textattack/bert-base-uncased-QNLI,b0.527_per_head,192d147,qnli,adasvd,naive,,bf16,512,32,real,,,1.8622,0.0828,1.9450,28.430,1.264,29.694,4.26,90.05,50.9,161.0,65.50,0.10,488.6,0.7,3,1012.0,0.0405
2026-03-04T17:31:19,textattack/bert-base-uncased-QNLI,b0.527_per_head,192d147,qnli,adasvd,naive,,bf16,512,32,synthetic,42,30522,1.8622,0.0828,1.9450,36.057,1.603,37.660,4.26,0.00,512.0,161.0,51.65,0.07,619.6,0.8,3,996.4,0.0514
2026-03-04T17:31:37,textattack/bert-base-uncased-QNLI,b0.527_per_head,192d147,qnli,adasvd,sdpa,flash,bf16,512,32,real,,,1.8622,0.0828,1.9450,68.268,3.035,71.303,4.26,90.05,50.9,161.0,27.28,0.07,1173.1,3.0,3,628.0,0.0973
2026-03-04T17:31:52,textattack/bert-base-uncased-QNLI,b0.527_per_head,192d147,qnli,adasvd,sdpa,flash,bf16,512,32,synthetic,42,30522,1.8622,0.0828,1.9450,70.895,3.152,74.047,4.26,0.00,512.0,161.0,26.27,0.04,1218.3,1.8,3,612.4,0.1010
2026-03-04T17:32:13,textattack/bert-base-uncased-QNLI,b0.527_per_head,192d147,qnli,adasvd,flashsvd,,bf16,512,32,real,,,1.8622,0.0828,1.9450,43.464,1.933,45.397,4.26,90.05,50.9,161.0,42.84,0.03,746.9,0.6,3,366.7,0.0619
2026-03-04T17:32:31,textattack/bert-base-uncased-QNLI,b0.527_per_head,192d147,qnli,adasvd,flashsvd,,bf16,512,32,synthetic,42,30522,1.8622,0.0828,1.9450,43.417,1.930,45.347,4.26,0.00,512.0,161.0,42.89,0.06,746.1,1.1,3,351.0,0.0619
2026-03-04T17:32:49,textattack/bert-base-uncased-QNLI,b0.527_per_head,192d147,qnli,adasvd,flashsvd15,,bf16,512,32,real,,,1.8622,0.0828,1.9450,93.913,4.176,98.088,4.26,90.05,50.9,161.0,19.83,0.04,1613.8,3.6,3,365.3,0.1338
2026-03-04T17:33:04,textattack/bert-base-uncased-QNLI,b0.527_per_head,192d147,qnli,adasvd,flashsvd15,,bf16,512,32,synthetic,42,30522,1.8622,0.0828,1.9450,90.790,4.037,94.827,4.26,0.00,512.0,161.0,20.51,0.04,1560.2,3.3,3,349.6,0.1294
2026-03-04T17:33:28,textattack/bert-base-uncased-RTE,ra48_rf256_rw208_per_head,192d147,rte,svd,naive,,bf16,512,32,real,,,1.6718,0.2561,1.9279,25.806,3.953,29.758,13.28,86.70,68.1,159.9,64.78,0.15,493.9,1.2,3,1005.2,0.0406
2026-03-04T17:33:48,textattack/bert-base-uncased-RTE,ra48_rf256_rw208_per_head,192d147,rte,svd,naive,,bf16,512,32,synthetic,42,30522,1.6718,0.2561,1.9279,32.656,5.002,37.658,13.28,0.00,512.0,159.9,51.19,0.08,625.1,1.0,3,989.2,0.0514
2026-03-04T17:34:07,textattack/bert-base-uncased-RTE,ra48_rf256_rw208_per_head,192d147,rte,svd,sdpa,flash,bf16,512,32,real,,,1.6718,0.2561,1.9279,63.600,9.742,73.342,13.28,86.70,68.1,159.9,26.29,0.10,1217.4,4.6,3,621.2,0.1001
2026-03-04T17:34:22,textattack/bert-base-uncased-RTE,ra48_rf256_rw208_per_head,192d147,rte,svd,sdpa,flash,bf16,512,32,synthetic,42,30522,1.6718,0.2561,1.9279,66.068,10.120,76.188,13.28,0.00,512.0,159.9,25.30,0.03,1264.6,1.7,3,605.2,0.1039
2026-03-04T17:34:43,textattack/bert-base-uncased-RTE,ra48_rf256_rw208_per_head,192d147,rte,svd,flashsvd,,bf16,512,32,real,,,1.6718,0.2561,1.9279,37.965,5.816,43.781,13.28,86.70,68.1,159.9,44.04,0.03,726.7,0.5,3,357.4,0.0597
2026-03-04T17:35:03,textattack/bert-base-uncased-RTE,ra48_rf256_rw208_per_head,192d147,rte,svd,flashsvd,,bf16,512,32,synthetic,42,30522,1.6718,0.2561,1.9279,37.594,5.759,43.353,13.28,0.00,512.0,159.9,44.47,0.05,719.6,0.7,3,341.4,0.0591
2026-03-04T17:35:20,textattack/bert-base-uncased-RTE,ra48_rf256_rw208_per_head,192d147,rte,svd,flashsvd15,,bf16,512,32,real,,,1.6718,0.2561,1.9279,75.161,11.513,86.674,13.28,86.70,68.1,159.9,22.24,0.12,1438.7,7.7,3,363.7,0.1182
2026-03-04T17:35:35,textattack/bert-base-uncased-RTE,ra48_rf256_rw208_per_head,192d147,rte,svd,flashsvd15,,bf16,512,32,synthetic,42,30522,1.6718,0.2561,1.9279,74.055,11.344,85.399,13.28,0.00,512.0,159.9,22.58,0.05,1417.5,2.9,3,342.8,0.1165
2026-03-04T17:35:59,textattack/bert-base-uncased-RTE,ra48_rf256_rw208_per_head,192d147,rte,fwsvd,naive,,bf16,512,32,real,,,1.6718,0.2561,1.9279,25.795,3.951,29.747,13.28,86.70,68.1,159.9,64.81,0.15,493.7,1.1,3,1005.2,0.0406
2026-03-04T17:36:18,textattack/bert-base-uncased-RTE,ra48_rf256_rw208_per_head,192d147,rte,fwsvd,naive,,bf16,512,32,synthetic,42,30522,1.6718,0.2561,1.9279,32.689,5.007,37.697,13.28,0.00,512.0,159.9,51.14,0.06,625.7,0.7,3,989.2,0.0514
2026-03-04T17:36:36,textattack/bert-base-uncased-RTE,ra48_rf256_rw208_per_head,192d147,rte,fwsvd,sdpa,flash,bf16,512,32,real,,,1.6718,0.2561,1.9279,63.507,9.728,73.235,13.28,86.70,68.1,159.9,26.32,0.10,1215.6,4.4,3,621.2,0.0999
2026-03-04T17:36:52,textattack/bert-base-uncased-RTE,ra48_rf256_rw208_per_head,192d147,rte,fwsvd,sdpa,flash,bf16,512,32,synthetic,42,30522,1.6718,0.2561,1.9279,66.091,10.124,76.215,13.28,0.00,512.0,159.9,25.30,0.02,1265.0,1.0,3,605.2,0.1040
2026-03-04T17:37:13,textattack/bert-base-uncased-RTE,ra48_rf256_rw208_per_head,192d147,rte,fwsvd,flashsvd,,bf16,512,32,real,,,1.6718,0.2561,1.9279,37.906,5.806,43.713,13.28,86.70,68.1,159.9,44.10,0.01,725.6,0.2,3,357.4,0.0596
2026-03-04T17:37:32,textattack/bert-base-uncased-RTE,ra48_rf256_rw208_per_head,192d147,rte,fwsvd,flashsvd,,bf16,512,32,synthetic,42,30522,1.6718,0.2561,1.9279,37.623,5.763,43.386,13.28,0.00,512.0,159.9,44.44,0.13,720.1,2.1,3,341.4,0.0592
2026-03-04T17:37:50,textattack/bert-base-uncased-RTE,ra48_rf256_rw208_per_head,192d147,rte,fwsvd,flashsvd15,,bf16,512,32,real,,,1.6718,0.2561,1.9279,75.198,11.519,86.717,13.28,86.70,68.1,159.9,22.23,0.09,1439.4,5.7,3,363.7,0.1183
2026-03-04T17:38:05,textattack/bert-base-uncased-RTE,ra48_rf256_rw208_per_head,192d147,rte,fwsvd,flashsvd15,,bf16,512,32,synthetic,42,30522,1.6718,0.2561,1.9279,74.177,11.362,85.539,13.28,0.00,512.0,159.9,22.54,0.01,1419.8,0.9,3,342.8,0.1167
2026-03-04T17:38:29,textattack/bert-base-uncased-RTE,ra48_rf256_rw208_per_head,192d147,rte,drone,naive,,bf16,512,32,real,,,1.6718,0.2561,1.9279,25.801,3.952,29.753,13.28,86.70,68.1,159.9,64.80,0.14,493.9,1.1,3,1005.2,0.0406
2026-03-04T17:38:50,textattack/bert-base-uncased-RTE,ra48_rf256_rw208_per_head,192d147,rte,drone,naive,,bf16,512,32,synthetic,42,30522,1.6718,0.2561,1.9279,32.680,5.006,37.685,13.28,0.00,512.0,159.9,51.16,0.07,625.5,0.9,3,989.2,0.0514
2026-03-04T17:39:07,textattack/bert-base-uncased-RTE,ra48_rf256_rw208_per_head,192d147,rte,drone,sdpa,flash,bf16,512,32,real,,,1.6718,0.2561,1.9279,63.619,9.745,73.364,13.28,86.70,68.1,159.9,26.28,0.09,1217.7,3.9,3,621.2,0.1001
2026-03-04T17:39:20,textattack/bert-base-uncased-RTE,ra48_rf256_rw208_per_head,192d147,rte,drone,sdpa,flash,bf16,512,32,synthetic,42,30522,1.6718,0.2561,1.9279,66.077,10.122,76.198,13.28,0.00,512.0,159.9,25.30,0.04,1264.8,1.9,3,605.2,0.1040
2026-03-04T17:39:41,textattack/bert-base-uncased-RTE,ra48_rf256_rw208_per_head,192d147,rte,drone,flashsvd,,bf16,512,32,real,,,1.6718,0.2561,1.9279,37.851,5.798,43.649,13.28,86.70,68.1,159.9,44.17,0.05,724.5,0.8,3,357.4,0.0595
2026-03-04T17:40:00,textattack/bert-base-uncased-RTE,ra48_rf256_rw208_per_head,192d147,rte,drone,flashsvd,,bf16,512,32,synthetic,42,30522,1.6718,0.2561,1.9279,37.642,5.766,43.408,13.28,0.00,512.0,159.9,44.41,0.05,720.5,0.9,3,341.4,0.0592
2026-03-04T17:40:20,textattack/bert-base-uncased-RTE,ra48_rf256_rw208_per_head,192d147,rte,drone,flashsvd15,,bf16,512,32,real,,,1.6718,0.2561,1.9279,75.079,11.501,86.580,13.28,86.70,68.1,159.9,22.27,0.11,1437.1,7.4,3,363.7,0.1181
2026-03-04T17:40:35,textattack/bert-base-uncased-RTE,ra48_rf256_rw208_per_head,192d147,rte,drone,flashsvd15,,bf16,512,32,synthetic,42,30522,1.6718,0.2561,1.9279,73.993,11.334,85.327,13.28,0.00,512.0,159.9,22.59,0.05,1416.3,3.2,3,342.8,0.1164
2026-03-04T17:40:59,textattack/bert-base-uncased-RTE,b0.527_per_head,192d147,rte,adasvd,naive,,bf16,512,32,real,,,1.8649,0.0813,1.9462,28.560,1.245,29.805,4.18,86.70,68.1,161.1,65.30,0.13,490.1,1.0,3,1012.1,0.0407
2026-03-04T17:41:20,textattack/bert-base-uncased-RTE,b0.527_per_head,192d147,rte,adasvd,naive,,bf16,512,32,synthetic,42,30522,1.8649,0.0813,1.9462,36.223,1.579,37.802,4.18,0.00,512.0,161.1,51.48,0.09,621.6,1.1,3,996.4,0.0516
2026-03-04T17:41:38,textattack/bert-base-uncased-RTE,b0.527_per_head,192d147,rte,adasvd,sdpa,flash,bf16,512,32,real,,,1.8649,0.0813,1.9462,68.556,2.988,71.544,4.18,86.70,68.1,161.1,27.20,0.06,1176.4,2.7,3,628.1,0.0976
2026-03-04T17:41:53,textattack/bert-base-uncased-RTE,b0.527_per_head,192d147,rte,adasvd,sdpa,flash,bf16,512,32,synthetic,42,30522,1.8649,0.0813,1.9462,71.445,3.114,74.559,4.18,0.00,512.0,161.1,26.10,0.02,1225.9,1.0,3,612.4,0.1017
2026-03-04T17:42:15,textattack/bert-base-uncased-RTE,b0.527_per_head,192d147,rte,adasvd,flashsvd,,bf16,512,32,real,,,1.8649,0.0813,1.9462,41.720,1.818,43.538,4.18,86.70,68.1,161.1,44.70,0.02,715.9,0.3,3,366.7,0.0594
2026-03-04T17:42:34,textattack/bert-base-uncased-RTE,b0.527_per_head,192d147,rte,adasvd,flashsvd,,bf16,512,32,synthetic,42,30522,1.8649,0.0813,1.9462,41.490,1.808,43.298,4.18,0.00,512.0,161.1,44.95,0.06,711.9,0.9,3,351.1,0.0591
2026-03-04T17:42:51,textattack/bert-base-uncased-RTE,b0.527_per_head,192d147,rte,adasvd,flashsvd15,,bf16,512,32,real,,,1.8649,0.0813,1.9462,93.356,4.069,97.425,4.18,86.70,68.1,161.1,19.98,0.02,1601.9,1.5,3,365.4,0.1329
2026-03-04T17:43:06,textattack/bert-base-uncased-RTE,b0.527_per_head,192d147,rte,adasvd,flashsvd15,,bf16,512,32,synthetic,42,30522,1.8649,0.0813,1.9462,89.931,3.920,93.851,4.18,0.00,512.0,161.1,20.74,0.04,1543.2,2.6,3,349.7,0.1280
2026-03-04T17:43:31,textattack/bert-base-uncased-STS-B,ra48_rf256_rw208_per_head,192d147,stsb,svd,naive,,bf16,512,32,real,,,1.6718,0.2561,1.9279,25.796,3.951,29.748,13.28,93.93,31.1,159.9,64.81,0.14,493.8,1.1,3,1005.2,0.0406
2026-03-04T17:43:50,textattack/bert-base-uncased-STS-B,ra48_rf256_rw208_per_head,192d147,stsb,svd,naive,,bf16,512,32,synthetic,42,30522,1.6718,0.2561,1.9279,32.686,5.007,37.693,13.28,0.00,512.0,159.9,51.15,0.05,625.6,0.6,3,989.2,0.0514
2026-03-04T17:44:06,textattack/bert-base-uncased-STS-B,ra48_rf256_rw208_per_head,192d147,stsb,svd,sdpa,flash,bf16,512,32,real,,,1.6718,0.2561,1.9279,63.565,9.737,73.302,13.28,93.93,31.1,159.9,26.30,0.09,1216.7,4.2,3,621.2,0.1000
2026-03-04T17:44:21,textattack/bert-base-uncased-STS-B,ra48_rf256_rw208_per_head,192d147,stsb,svd,sdpa,flash,bf16,512,32,synthetic,42,30522,1.6718,0.2561,1.9279,66.121,10.128,76.249,13.28,0.00,512.0,159.9,25.28,0.02,1265.6,1.1,3,605.2,0.1040
2026-03-04T17:44:43,textattack/bert-base-uncased-STS-B,ra48_rf256_rw208_per_head,192d147,stsb,svd,flashsvd,,bf16,512,32,real,,,1.6718,0.2561,1.9279,37.938,5.811,43.749,13.28,93.93,31.1,159.9,44.07,0.04,726.2,0.7,3,357.4,0.0597
2026-03-04T17:45:03,textattack/bert-base-uncased-STS-B,ra48_rf256_rw208_per_head,192d147,stsb,svd,flashsvd,,bf16,512,32,synthetic,42,30522,1.6718,0.2561,1.9279,37.548,5.752,43.299,13.28,0.00,512.0,159.9,44.53,0.06,718.7,0.9,3,341.4,0.0591
2026-03-04T17:45:21,textattack/bert-base-uncased-STS-B,ra48_rf256_rw208_per_head,192d147,stsb,svd,flashsvd15,,bf16,512,32,real,,,1.6718,0.2561,1.9279,75.366,11.545,86.911,13.28,93.93,31.1,159.9,22.18,0.11,1442.6,7.0,3,358.8,0.1186
2026-03-04T17:45:36,textattack/bert-base-uncased-STS-B,ra48_rf256_rw208_per_head,192d147,stsb,svd,flashsvd15,,bf16,512,32,synthetic,42,30522,1.6718,0.2561,1.9279,74.163,11.360,85.524,13.28,0.00,512.0,159.9,22.54,0.04,1419.6,2.4,3,342.8,0.1167
2026-03-04T17:45:58,textattack/bert-base-uncased-STS-B,ra48_rf256_rw208_per_head,192d147,stsb,fwsvd,naive,,bf16,512,32,real,,,1.6718,0.2561,1.9279,25.802,3.952,29.754,13.28,93.93,31.1,159.9,64.79,0.14,493.9,1.1,3,1005.2,0.0406
2026-03-04T17:46:19,textattack/bert-base-uncased-STS-B,ra48_rf256_rw208_per_head,192d147,stsb,fwsvd,naive,,bf16,512,32,synthetic,42,30522,1.6718,0.2561,1.9279,32.691,5.008,37.699,13.28,0.00,512.0,159.9,51.14,0.06,625.7,0.7,3,989.2,0.0514
2026-03-04T17:46:36,textattack/bert-base-uncased-STS-B,ra48_rf256_rw208_per_head,192d147,stsb,fwsvd,sdpa,flash,bf16,512,32,real,,,1.6718,0.2561,1.9279,63.304,9.697,73.001,13.28,93.93,31.1,159.9,26.41,0.02,1211.7,1.0,3,621.2,0.0996
2026-03-04T17:46:49,textattack/bert-base-uncased-STS-B,ra48_rf256_rw208_per_head,192d147,stsb,fwsvd,sdpa,flash,bf16,512,32,synthetic,42,30522,1.6718,0.2561,1.9279,66.028,10.114,76.142,13.28,0.00,512.0,159.9,25.32,0.03,1263.8,1.4,3,605.2,0.1039
2026-03-04T17:47:09,textattack/bert-base-uncased-STS-B,ra48_rf256_rw208_per_head,192d147,stsb,fwsvd,flashsvd,,bf16,512,32,real,,,1.6718,0.2561,1.9279,37.864,5.800,43.663,13.28,93.93,31.1,159.9,44.15,0.07,724.7,1.2,3,357.4,0.0596
2026-03-04T17:47:28,textattack/bert-base-uncased-STS-B,ra48_rf256_rw208_per_head,192d147,stsb,fwsvd,flashsvd,,bf16,512,32,synthetic,42,30522,1.6718,0.2561,1.9279,37.547,5.751,43.298,13.28,0.00,512.0,159.9,44.53,0.08,718.7,1.2,3,341.4,0.0591
2026-03-04T17:47:46,textattack/bert-base-uncased-STS-B,ra48_rf256_rw208_per_head,192d147,stsb,fwsvd,flashsvd15,,bf16,512,32,real,,,1.6718,0.2561,1.9279,74.768,11.453,86.221,13.28,93.93,31.1,159.9,22.36,0.03,1431.1,1.9,3,358.8,0.1176
2026-03-04T17:48:01,textattack/bert-base-uncased-STS-B,ra48_rf256_rw208_per_head,192d147,stsb,fwsvd,flashsvd15,,bf16,512,32,synthetic,42,30522,1.6718,0.2561,1.9279,73.882,11.317,85.199,13.28,0.00,512.0,159.9,22.63,0.01,1414.2,0.9,3,342.8,0.1162
2026-03-04T17:48:25,textattack/bert-base-uncased-STS-B,ra48_rf256_rw208_per_head,192d147,stsb,drone,naive,,bf16,512,32,real,,,1.6718,0.2561,1.9279,25.801,3.952,29.753,13.28,93.93,31.1,159.9,64.80,0.15,493.9,1.2,3,1005.2,0.0406
2026-03-04T17:48:44,textattack/bert-base-uncased-STS-B,ra48_rf256_rw208_per_head,192d147,stsb,drone,naive,,bf16,512,32,synthetic,42,30522,1.6718,0.2561,1.9279,32.687,5.007,37.694,13.28,0.00,512.0,159.9,51.15,0.07,625.7,0.8,3,989.2,0.0514
2026-03-04T17:49:03,textattack/bert-base-uncased-STS-B,ra48_rf256_rw208_per_head,192d147,stsb,drone,sdpa,flash,bf16,512,32,real,,,1.6718,0.2561,1.9279,63.420,9.715,73.135,13.28,93.93,31.1,159.9,26.36,0.10,1213.9,4.5,3,621.2,0.0998
2026-03-04T17:49:18,textattack/bert-base-uncased-STS-B,ra48_rf256_rw208_per_head,192d147,stsb,drone,sdpa,flash,bf16,512,32,synthetic,42,30522,1.6718,0.2561,1.9279,65.974,10.106,76.080,13.28,0.00,512.0,159.9,25.34,0.04,1262.8,2.1,3,605.2,0.1038
2026-03-04T17:49:39,textattack/bert-base-uncased-STS-B,ra48_rf256_rw208_per_head,192d147,stsb,drone,flashsvd,,bf16,512,32,real,,,1.6718,0.2561,1.9279,37.823,5.794,43.617,13.28,93.93,31.1,159.9,44.20,0.07,724.0,1.1,3,357.4,0.0595
2026-03-04T17:49:58,textattack/bert-base-uncased-STS-B,ra48_rf256_rw208_per_head,192d147,stsb,drone,flashsvd,,bf16,512,32,synthetic,42,30522,1.6718,0.2561,1.9279,37.466,5.739,43.205,13.28,0.00,512.0,159.9,44.62,0.08,717.1,1.2,3,341.4,0.0589
2026-03-04T17:50:16,textattack/bert-base-uncased-STS-B,ra48_rf256_rw208_per_head,192d147,stsb,drone,flashsvd15,,bf16,512,32,real,,,1.6718,0.2561,1.9279,75.058,11.497,86.556,13.28,93.93,31.1,159.9,22.27,0.10,1436.7,6.3,3,358.8,0.1181
2026-03-04T17:50:30,textattack/bert-base-uncased-STS-B,ra48_rf256_rw208_per_head,192d147,stsb,drone,flashsvd15,,bf16,512,32,synthetic,42,30522,1.6718,0.2561,1.9279,73.912,11.322,85.234,13.28,0.00,512.0,159.9,22.62,0.04,1414.8,2.8,3,342.8,0.1163
2026-03-04T17:50:56,textattack/bert-base-uncased-STS-B,b0.527_per_head,192d147,stsb,adasvd,naive,,bf16,512,32,real,,,1.8774,0.1049,1.9823,28.647,1.601,30.248,5.29,93.93,31.1,163.8,65.53,0.13,488.3,1.0,3,1014.0,0.0413
2026-03-04T17:51:18,textattack/bert-base-uncased-STS-B,b0.527_per_head,192d147,stsb,adasvd,naive,,bf16,512,32,synthetic,42,30522,1.8774,0.1049,1.9823,36.241,2.026,38.267,5.29,0.00,512.0,163.8,51.80,0.06,617.7,0.8,3,997.9,0.0522
2026-03-04T17:51:35,textattack/bert-base-uncased-STS-B,b0.527_per_head,192d147,stsb,adasvd,sdpa,flash,bf16,512,32,real,,,1.8774,0.1049,1.9823,68.411,3.824,72.235,5.29,93.93,31.1,163.8,27.44,0.07,1166.1,2.9,3,630.0,0.0985
2026-03-04T17:51:50,textattack/bert-base-uncased-STS-B,b0.527_per_head,192d147,stsb,adasvd,sdpa,flash,bf16,512,32,synthetic,42,30522,1.8774,0.1049,1.9823,71.065,3.972,75.037,5.29,0.00,512.0,163.8,26.42,0.02,1211.3,0.9,3,613.9,0.1024
2026-03-04T17:52:12,textattack/bert-base-uncased-STS-B,b0.527_per_head,192d147,stsb,adasvd,flashsvd,,bf16,512,32,real,,,1.8774,0.1049,1.9823,41.633,2.327,43.960,5.29,93.93,31.1,163.8,45.09,0.09,709.6,1.4,3,367.1,0.0600
2026-03-04T17:52:32,textattack/bert-base-uncased-STS-B,b0.527_per_head,192d147,stsb,adasvd,flashsvd,,bf16,512,32,synthetic,42,30522,1.8774,0.1049,1.9823,41.517,2.321,43.838,5.29,0.00,512.0,163.8,45.22,0.01,707.7,0.1,3,351.6,0.0598
2026-03-04T17:52:51,textattack/bert-base-uncased-STS-B,b0.527_per_head,192d147,stsb,adasvd,flashsvd15,,bf16,512,32,real,,,1.8774,0.1049,1.9823,87.673,4.901,92.573,5.29,93.93,31.1,163.8,21.41,0.08,1494.4,5.4,3,367.2,0.1263
2026-03-04T17:53:07,textattack/bert-base-uncased-STS-B,b0.527_per_head,192d147,stsb,adasvd,flashsvd15,,bf16,512,32,synthetic,42,30522,1.8774,0.1049,1.9823,85.404,4.774,90.178,5.29,0.00,512.0,163.8,21.98,0.07,1455.7,4.8,3,351.2,0.1230
