task,method,backend,input_mode,dtype,seq_len,batch_size,n_repeats,latency_ms,latency_ms_std,throughput_sps,throughput_sps_std,cv_latency_pct
cola,adasvd,flashsvd,real,bf16,512,32,3,44.23,0.05,723.5,0.8,0.11
cola,adasvd,flashsvd,synthetic,bf16,512,32,3,44.32,0.03,722.1,0.5,0.07
cola,adasvd,flashsvd15,real,bf16,512,32,3,19.98,0.09,1601.3,6.9,0.45
cola,adasvd,flashsvd15,synthetic,bf16,512,32,3,20.65,0.05,1549.3,3.8,0.24
cola,adasvd,naive,real,bf16,512,32,3,65.48,0.14,488.7,1.1,0.21
cola,adasvd,naive,synthetic,bf16,512,32,3,51.57,0.08,620.5,0.9,0.16
cola,adasvd,sdpa,real,bf16,512,32,3,27.22,0.07,1175.8,3.2,0.26
cola,adasvd,sdpa,synthetic,bf16,512,32,3,26.21,0.05,1220.8,2.2,0.19
cola,dense,flashsvd,real,bf16,512,32,3,24.32,0.05,1315.7,2.7,0.21
cola,dense,flashsvd,synthetic,bf16,512,32,3,23.29,0.06,1374.0,3.4,0.26
cola,dense,flashsvd15,real,bf16,512,32,3,24.43,0.06,1309.9,3.2,0.25
cola,dense,flashsvd15,synthetic,bf16,512,32,3,23.38,0.09,1369.0,5.2,0.38
cola,dense,naive,real,bf16,512,32,3,24.17,0.07,1324.1,3.8,0.29
cola,dense,naive,synthetic,bf16,512,32,3,23.05,0.06,1388.5,3.8,0.26
cola,dense,sdpa,real,bf16,512,32,3,24.24,0.04,1320.3,2.2,0.17
cola,dense,sdpa,synthetic,bf16,512,32,3,23.2,0.07,1379.2,4.4,0.3
cola,drone,flashsvd,real,bf16,512,32,3,44.06,0.05,726.3,0.9,0.11
cola,drone,flashsvd,synthetic,bf16,512,32,3,44.54,0.05,718.5,0.8,0.11
cola,drone,flashsvd15,real,bf16,512,32,3,22.35,0.02,1431.8,1.5,0.09
cola,drone,flashsvd15,synthetic,bf16,512,32,3,22.64,0.04,1413.7,2.6,0.18
cola,drone,naive,real,bf16,512,32,3,64.83,0.13,493.6,1.0,0.2
cola,drone,naive,synthetic,bf16,512,32,3,51.15,0.07,625.6,0.8,0.14
cola,drone,sdpa,real,bf16,512,32,3,26.34,0.11,1214.7,4.9,0.42
cola,drone,sdpa,synthetic,bf16,512,32,3,25.34,0.01,1262.7,0.7,0.04
cola,fwsvd,flashsvd,real,bf16,512,32,3,44.11,0.04,725.5,0.6,0.09
cola,fwsvd,flashsvd,synthetic,bf16,512,32,3,44.51,0.07,719.0,1.2,0.16
cola,fwsvd,flashsvd15,real,bf16,512,32,3,22.24,0.11,1439.0,6.9,0.49
cola,fwsvd,flashsvd15,synthetic,bf16,512,32,3,22.61,0.01,1415.3,0.7,0.04
cola,fwsvd,naive,real,bf16,512,32,3,64.69,0.01,494.6,0.1,0.02
cola,fwsvd,naive,synthetic,bf16,512,32,3,51.16,0.07,625.5,0.9,0.14
cola,fwsvd,sdpa,real,bf16,512,32,3,26.29,0.09,1217.2,4.0,0.34
cola,fwsvd,sdpa,synthetic,bf16,512,32,3,25.26,0.02,1266.8,1.2,0.08
cola,svd,flashsvd,real,bf16,512,32,3,43.76,0.07,731.2,1.2,0.16
cola,svd,flashsvd,synthetic,bf16,512,32,3,44.24,0.06,723.4,1.0,0.14
cola,svd,flashsvd15,real,bf16,512,32,3,22.28,0.02,1436.2,1.3,0.09
cola,svd,flashsvd15,synthetic,bf16,512,32,3,22.59,0.03,1416.6,1.8,0.13
cola,svd,naive,real,bf16,512,32,3,64.73,0.15,494.4,1.1,0.23
cola,svd,naive,synthetic,bf16,512,32,3,51.12,0.07,626.0,0.8,0.14
cola,svd,sdpa,real,bf16,512,32,3,26.16,0.11,1223.2,5.1,0.42
cola,svd,sdpa,synthetic,bf16,512,32,3,25.19,0.05,1270.2,2.3,0.2
mnli,adasvd,flashsvd,real,bf16,512,32,3,44.49,0.05,719.3,0.7,0.11
mnli,adasvd,flashsvd,synthetic,bf16,512,32,3,44.49,0.06,719.3,0.9,0.13
mnli,adasvd,flashsvd15,real,bf16,512,32,3,20.26,0.03,1579.6,2.1,0.15
mnli,adasvd,flashsvd15,synthetic,bf16,512,32,3,20.89,0.05,1531.5,3.3,0.24
mnli,adasvd,naive,real,bf16,512,32,3,65.72,0.17,487.0,1.3,0.26
mnli,adasvd,naive,synthetic,bf16,512,32,3,51.75,0.05,618.3,0.7,0.1
mnli,adasvd,sdpa,real,bf16,512,32,3,27.42,0.03,1167.1,1.2,0.11
mnli,adasvd,sdpa,synthetic,bf16,512,32,3,26.42,0.02,1211.0,0.7,0.08
mnli,dense,flashsvd,real,bf16,512,32,3,24.68,0.11,1296.4,5.9,0.45
mnli,dense,flashsvd,synthetic,bf16,512,32,3,23.52,0.11,1360.3,6.1,0.47
mnli,dense,flashsvd15,real,bf16,512,32,3,24.63,0.12,1299.2,6.4,0.49
mnli,dense,flashsvd15,synthetic,bf16,512,32,3,23.5,0.09,1361.4,5.0,0.38
mnli,dense,naive,real,bf16,512,32,3,24.66,0.07,1297.8,3.9,0.28
mnli,dense,naive,synthetic,bf16,512,32,3,23.52,0.08,1360.4,4.5,0.34
mnli,dense,sdpa,real,bf16,512,32,3,24.66,0.13,1297.5,6.8,0.53
mnli,dense,sdpa,synthetic,bf16,512,32,3,23.52,0.1,1360.3,5.9,0.43
mnli,drone,flashsvd,real,bf16,512,32,3,44.31,0.1,722.3,1.7,0.23
mnli,drone,flashsvd,synthetic,bf16,512,32,3,44.49,0.04,719.2,0.7,0.09
mnli,drone,flashsvd15,real,bf16,512,32,3,22.33,0.03,1433.0,1.9,0.13
mnli,drone,flashsvd15,synthetic,bf16,512,32,3,22.6,0.03,1415.9,1.8,0.13
mnli,drone,naive,real,bf16,512,32,3,64.91,0.16,493.0,1.2,0.25
mnli,drone,naive,synthetic,bf16,512,32,3,51.17,0.08,625.3,1.0,0.16
mnli,drone,sdpa,real,bf16,512,32,3,26.36,0.09,1213.9,4.2,0.34
mnli,drone,sdpa,synthetic,bf16,512,32,3,25.32,0.01,1263.9,0.3,0.04
mnli,fwsvd,flashsvd,real,bf16,512,32,3,44.24,0.04,723.4,0.6,0.09
mnli,fwsvd,flashsvd,synthetic,bf16,512,32,3,44.51,0.03,719.0,0.5,0.07
mnli,fwsvd,flashsvd15,real,bf16,512,32,3,22.28,0.1,1436.3,6.7,0.45
mnli,fwsvd,flashsvd15,synthetic,bf16,512,32,3,22.62,0.05,1415.0,3.4,0.22
mnli,fwsvd,naive,real,bf16,512,32,3,64.87,0.13,493.3,1.0,0.2
mnli,fwsvd,naive,synthetic,bf16,512,32,3,51.16,0.09,625.5,1.1,0.18
mnli,fwsvd,sdpa,real,bf16,512,32,3,26.4,0.02,1212.2,1.1,0.08
mnli,fwsvd,sdpa,synthetic,bf16,512,32,3,25.31,0.03,1264.2,1.4,0.12
mnli,svd,flashsvd,real,bf16,512,32,3,44.06,0.03,726.3,0.6,0.07
mnli,svd,flashsvd,synthetic,bf16,512,32,3,44.57,0.06,718.0,1.0,0.13
mnli,svd,flashsvd15,real,bf16,512,32,3,22.25,0.12,1437.9,8.1,0.54
mnli,svd,flashsvd15,synthetic,bf16,512,32,3,22.65,0.06,1412.7,3.6,0.26
mnli,svd,naive,real,bf16,512,32,3,64.71,0.16,494.5,1.2,0.25
mnli,svd,naive,synthetic,bf16,512,32,3,51.01,0.06,627.3,0.8,0.12
mnli,svd,sdpa,real,bf16,512,32,3,26.35,0.1,1214.6,4.4,0.38
mnli,svd,sdpa,synthetic,bf16,512,32,3,25.33,0.01,1263.6,0.6,0.04
mrpc,adasvd,flashsvd,real,bf16,512,32,3,44.23,0.07,723.5,1.1,0.16
mrpc,adasvd,flashsvd,synthetic,bf16,512,32,3,44.47,0.07,719.6,1.1,0.16
mrpc,adasvd,flashsvd15,real,bf16,512,32,3,20.23,0.03,1582.0,2.2,0.15
mrpc,adasvd,flashsvd15,synthetic,bf16,512,32,3,20.98,0.04,1525.5,2.7,0.19
mrpc,adasvd,naive,real,bf16,512,32,3,65.68,0.11,487.2,0.8,0.17
mrpc,adasvd,naive,synthetic,bf16,512,32,3,51.78,0.09,618.0,1.1,0.17
mrpc,adasvd,sdpa,real,bf16,512,32,3,27.5,0.06,1163.5,2.5,0.22
mrpc,adasvd,sdpa,synthetic,bf16,512,32,3,26.53,0.05,1206.2,2.1,0.19
mrpc,dense,flashsvd,real,bf16,512,32,3,24.57,0.11,1302.4,5.8,0.45
mrpc,dense,flashsvd,synthetic,bf16,512,32,3,23.51,0.04,1361.3,2.3,0.17
mrpc,dense,flashsvd15,real,bf16,512,32,3,24.6,0.14,1300.7,7.5,0.57
mrpc,dense,flashsvd15,synthetic,bf16,512,32,3,23.55,0.08,1358.6,4.5,0.34
mrpc,dense,naive,real,bf16,512,32,3,24.58,0.13,1302.1,7.1,0.53
mrpc,dense,naive,synthetic,bf16,512,32,3,23.52,0.11,1360.4,6.6,0.47
mrpc,dense,sdpa,real,bf16,512,32,3,24.56,0.17,1302.9,8.9,0.69
mrpc,dense,sdpa,synthetic,bf16,512,32,3,23.5,0.11,1361.5,6.4,0.47
mrpc,drone,flashsvd,real,bf16,512,32,3,44.15,0.13,724.8,2.2,0.29
mrpc,drone,flashsvd,synthetic,bf16,512,32,3,44.58,0.06,717.8,1.0,0.13
mrpc,drone,flashsvd15,real,bf16,512,32,3,22.29,0.11,1435.8,6.8,0.49
mrpc,drone,flashsvd15,synthetic,bf16,512,32,3,22.53,0.03,1420.3,1.7,0.13
mrpc,drone,naive,real,bf16,512,32,3,64.77,0.14,494.1,1.1,0.22
mrpc,drone,naive,synthetic,bf16,512,32,3,51.17,0.1,625.4,1.2,0.2
mrpc,drone,sdpa,real,bf16,512,32,3,26.31,0.08,1216.3,3.5,0.3
mrpc,drone,sdpa,synthetic,bf16,512,32,3,25.23,0.01,1268.2,0.4,0.04
mrpc,fwsvd,flashsvd,real,bf16,512,32,3,44.22,0.07,723.6,1.2,0.16
mrpc,fwsvd,flashsvd,synthetic,bf16,512,32,3,44.5,0.09,719.1,1.5,0.2
mrpc,fwsvd,flashsvd15,real,bf16,512,32,3,22.26,0.1,1437.4,6.7,0.45
mrpc,fwsvd,flashsvd15,synthetic,bf16,512,32,3,22.65,0.02,1413.1,1.2,0.09
mrpc,fwsvd,naive,real,bf16,512,32,3,64.82,0.14,493.7,1.1,0.22
mrpc,fwsvd,naive,synthetic,bf16,512,32,3,51.18,0.07,625.2,0.9,0.14
mrpc,fwsvd,sdpa,real,bf16,512,32,3,26.38,0.02,1213.0,0.7,0.08
mrpc,fwsvd,sdpa,synthetic,bf16,512,32,3,25.38,0.05,1260.8,2.6,0.2
mrpc,svd,flashsvd,real,bf16,512,32,3,44.08,0.04,726.0,0.6,0.09
mrpc,svd,flashsvd,synthetic,bf16,512,32,3,44.52,0.05,718.8,0.8,0.11
mrpc,svd,flashsvd15,real,bf16,512,32,3,22.26,0.1,1437.8,6.2,0.45
mrpc,svd,flashsvd15,synthetic,bf16,512,32,3,22.6,0.04,1415.9,2.7,0.18
mrpc,svd,naive,real,bf16,512,32,3,64.86,0.13,493.4,1.0,0.2
mrpc,svd,naive,synthetic,bf16,512,32,3,51.14,0.06,625.8,0.8,0.12
mrpc,svd,sdpa,real,bf16,512,32,3,26.39,0.02,1212.8,0.8,0.08
mrpc,svd,sdpa,synthetic,bf16,512,32,3,25.31,0.04,1264.4,1.8,0.16
qnli,adasvd,flashsvd,real,bf16,512,32,3,42.84,0.03,746.9,0.6,0.07
qnli,adasvd,flashsvd,synthetic,bf16,512,32,3,42.89,0.06,746.1,1.1,0.14
qnli,adasvd,flashsvd15,real,bf16,512,32,3,19.83,0.04,1613.8,3.6,0.2
qnli,adasvd,flashsvd15,synthetic,bf16,512,32,3,20.51,0.04,1560.2,3.3,0.2
qnli,adasvd,naive,real,bf16,512,32,3,65.5,0.1,488.6,0.7,0.15
qnli,adasvd,naive,synthetic,bf16,512,32,3,51.65,0.07,619.6,0.8,0.14
qnli,adasvd,sdpa,real,bf16,512,32,3,27.28,0.07,1173.1,3.0,0.26
qnli,adasvd,sdpa,synthetic,bf16,512,32,3,26.27,0.04,1218.3,1.8,0.15
qnli,dense,flashsvd,real,bf16,512,32,3,24.69,0.09,1295.9,4.6,0.36
qnli,dense,flashsvd,synthetic,bf16,512,32,3,23.58,0.09,1357.4,5.4,0.38
qnli,dense,flashsvd15,real,bf16,512,32,3,24.66,0.09,1297.4,4.8,0.36
qnli,dense,flashsvd15,synthetic,bf16,512,32,3,23.59,0.11,1356.3,6.1,0.47
qnli,dense,naive,real,bf16,512,32,3,24.65,0.14,1298.0,7.3,0.57
qnli,dense,naive,synthetic,bf16,512,32,3,23.57,0.09,1357.9,5.4,0.38
qnli,dense,sdpa,real,bf16,512,32,3,24.67,0.15,1297.0,7.7,0.61
qnli,dense,sdpa,synthetic,bf16,512,32,3,23.62,0.08,1354.7,4.7,0.34
qnli,drone,flashsvd,real,bf16,512,32,3,43.95,0.09,728.0,1.5,0.2
qnli,drone,flashsvd,synthetic,bf16,512,32,3,44.26,0.04,723.0,0.6,0.09
qnli,drone,flashsvd15,real,bf16,512,32,3,22.31,0.08,1434.5,5.1,0.36
qnli,drone,flashsvd15,synthetic,bf16,512,32,3,22.59,0.03,1416.5,1.8,0.13
qnli,drone,naive,real,bf16,512,32,3,64.81,0.15,493.8,1.1,0.23
qnli,drone,naive,synthetic,bf16,512,32,3,51.15,0.06,625.6,0.8,0.12
qnli,drone,sdpa,real,bf16,512,32,3,26.53,0.24,1206.0,11.0,0.9
qnli,drone,sdpa,synthetic,bf16,512,32,3,25.31,0.03,1264.4,1.4,0.12
qnli,fwsvd,flashsvd,real,bf16,512,32,3,44.21,0.05,723.8,0.8,0.11
qnli,fwsvd,flashsvd,synthetic,bf16,512,32,3,44.53,0.06,718.6,1.0,0.13
qnli,fwsvd,flashsvd15,real,bf16,512,32,3,22.37,0.02,1430.4,1.2,0.09
qnli,fwsvd,flashsvd15,synthetic,bf16,512,32,3,22.65,0.03,1413.0,1.6,0.13
qnli,fwsvd,naive,real,bf16,512,32,3,64.8,0.16,493.8,1.2,0.25
qnli,fwsvd,naive,synthetic,bf16,512,32,3,51.21,0.07,624.9,0.8,0.14
qnli,fwsvd,sdpa,real,bf16,512,32,3,26.4,0.04,1212.1,1.8,0.15
qnli,fwsvd,sdpa,synthetic,bf16,512,32,3,25.31,0.02,1264.2,1.2,0.08
qnli,svd,flashsvd,real,bf16,512,32,3,44.12,0.03,725.2,0.5,0.07
qnli,svd,flashsvd,synthetic,bf16,512,32,3,44.5,0.09,719.1,1.4,0.2
qnli,svd,flashsvd15,real,bf16,512,32,3,22.4,0.03,1428.5,2.0,0.13
qnli,svd,flashsvd15,synthetic,bf16,512,32,3,22.58,0.03,1417.3,1.7,0.13
qnli,svd,naive,real,bf16,512,32,3,64.75,0.15,494.2,1.2,0.23
qnli,svd,naive,synthetic,bf16,512,32,3,51.21,0.07,624.9,0.9,0.14
qnli,svd,sdpa,real,bf16,512,32,3,26.34,0.09,1215.1,4.4,0.34
qnli,svd,sdpa,synthetic,bf16,512,32,3,25.34,0.03,1262.9,1.3,0.12
qqp,adasvd,flashsvd,real,bf16,512,32,3,44.85,0.09,713.5,1.4,0.2
qqp,adasvd,flashsvd,synthetic,bf16,512,32,3,44.98,0.05,711.5,0.7,0.11
qqp,adasvd,flashsvd15,real,bf16,512,32,3,20.28,0.02,1577.7,1.4,0.1
qqp,adasvd,flashsvd15,synthetic,bf16,512,32,3,20.97,0.04,1526.2,3.0,0.19
qqp,adasvd,naive,real,bf16,512,32,3,65.79,0.14,486.4,1.1,0.21
qqp,adasvd,naive,synthetic,bf16,512,32,3,51.95,0.08,616.0,0.9,0.15
qqp,adasvd,sdpa,real,bf16,512,32,3,27.67,0.09,1156.3,3.7,0.33
qqp,adasvd,sdpa,synthetic,bf16,512,32,3,26.59,0.04,1203.5,1.8,0.15
qqp,dense,flashsvd,real,bf16,512,32,3,24.66,0.1,1297.8,5.4,0.41
qqp,dense,flashsvd,synthetic,bf16,512,32,3,23.54,0.08,1359.3,4.8,0.34
qqp,dense,flashsvd15,real,bf16,512,32,3,24.66,0.11,1297.7,6.0,0.45
qqp,dense,flashsvd15,synthetic,bf16,512,32,3,23.56,0.11,1358.2,6.4,0.47
qqp,dense,naive,real,bf16,512,32,3,24.63,0.07,1299.1,3.7,0.28
qqp,dense,naive,synthetic,bf16,512,32,3,23.54,0.11,1359.4,6.3,0.47
qqp,dense,sdpa,real,bf16,512,32,3,24.65,0.1,1298.2,5.2,0.41
qqp,dense,sdpa,synthetic,bf16,512,32,3,23.54,0.09,1359.3,5.3,0.38
qqp,drone,flashsvd,real,bf16,512,32,3,44.19,0.05,724.1,0.8,0.11
qqp,drone,flashsvd,synthetic,bf16,512,32,3,44.53,0.08,718.6,1.3,0.18
qqp,drone,flashsvd15,real,bf16,512,32,3,22.35,0.03,1431.5,1.7,0.13
qqp,drone,flashsvd15,synthetic,bf16,512,32,3,22.64,0.04,1413.7,2.4,0.18
qqp,drone,naive,real,bf16,512,32,3,64.8,0.15,493.9,1.1,0.23
qqp,drone,naive,synthetic,bf16,512,32,3,51.25,0.11,624.3,1.3,0.21
qqp,drone,sdpa,real,bf16,512,32,3,26.35,0.12,1214.6,5.4,0.46
qqp,drone,sdpa,synthetic,bf16,512,32,3,25.35,0.03,1262.5,1.4,0.12
qqp,fwsvd,flashsvd,real,bf16,512,32,3,44.26,0.06,723.0,0.9,0.14
qqp,fwsvd,flashsvd,synthetic,bf16,512,32,3,44.55,0.05,718.2,0.8,0.11
qqp,fwsvd,flashsvd15,real,bf16,512,32,3,22.3,0.12,1435.2,7.6,0.54
qqp,fwsvd,flashsvd15,synthetic,bf16,512,32,3,22.6,0.04,1415.7,2.3,0.18
qqp,fwsvd,naive,real,bf16,512,32,3,64.79,0.13,493.9,1.0,0.2
qqp,fwsvd,naive,synthetic,bf16,512,32,3,51.15,0.05,625.6,0.6,0.1
qqp,fwsvd,sdpa,real,bf16,512,32,3,26.33,0.1,1215.4,4.7,0.38
qqp,fwsvd,sdpa,synthetic,bf16,512,32,3,25.27,0.02,1266.4,1.0,0.08
qqp,svd,flashsvd,real,bf16,512,32,3,44.11,0.08,725.5,1.3,0.18
qqp,svd,flashsvd,synthetic,bf16,512,32,3,44.54,0.05,718.4,0.7,0.11
qqp,svd,flashsvd15,real,bf16,512,32,3,22.33,0.03,1433.0,2.0,0.13
qqp,svd,flashsvd15,synthetic,bf16,512,32,3,22.6,0.03,1415.6,1.9,0.13
qqp,svd,naive,real,bf16,512,32,3,64.8,0.15,493.9,1.1,0.23
qqp,svd,naive,synthetic,bf16,512,32,3,51.16,0.08,625.5,1.0,0.16
qqp,svd,sdpa,real,bf16,512,32,3,26.28,0.09,1217.7,4.3,0.34
qqp,svd,sdpa,synthetic,bf16,512,32,3,25.34,0.04,1262.7,1.7,0.16
rte,adasvd,flashsvd,real,bf16,512,32,3,44.7,0.02,715.9,0.3,0.04
rte,adasvd,flashsvd,synthetic,bf16,512,32,3,44.95,0.06,711.9,0.9,0.13
rte,adasvd,flashsvd15,real,bf16,512,32,3,19.98,0.02,1601.9,1.5,0.1
rte,adasvd,flashsvd15,synthetic,bf16,512,32,3,20.74,0.04,1543.2,2.6,0.19
rte,adasvd,naive,real,bf16,512,32,3,65.3,0.13,490.1,1.0,0.2
rte,adasvd,naive,synthetic,bf16,512,32,3,51.48,0.09,621.6,1.1,0.17
rte,adasvd,sdpa,real,bf16,512,32,3,27.2,0.06,1176.4,2.7,0.22
rte,adasvd,sdpa,synthetic,bf16,512,32,3,26.1,0.02,1225.9,1.0,0.08
rte,dense,flashsvd,real,bf16,512,32,3,24.64,0.11,1298.9,5.7,0.45
rte,dense,flashsvd,synthetic,bf16,512,32,3,23.73,0.08,1348.8,4.7,0.34
rte,dense,flashsvd15,real,bf16,512,32,3,24.62,0.1,1300.0,5.3,0.41
rte,dense,flashsvd15,synthetic,bf16,512,32,3,23.55,0.12,1358.9,7.1,0.51
rte,dense,naive,real,bf16,512,32,3,24.57,0.06,1302.4,3.4,0.24
rte,dense,naive,synthetic,bf16,512,32,3,23.56,0.1,1358.1,5.6,0.42
rte,dense,sdpa,real,bf16,512,32,3,24.6,0.09,1300.6,4.6,0.37
rte,dense,sdpa,synthetic,bf16,512,32,3,23.58,0.11,1357.4,6.3,0.47
rte,drone,flashsvd,real,bf16,512,32,3,44.17,0.05,724.5,0.8,0.11
rte,drone,flashsvd,synthetic,bf16,512,32,3,44.41,0.05,720.5,0.9,0.11
rte,drone,flashsvd15,real,bf16,512,32,3,22.27,0.11,1437.1,7.4,0.49
rte,drone,flashsvd15,synthetic,bf16,512,32,3,22.59,0.05,1416.3,3.2,0.22
rte,drone,naive,real,bf16,512,32,3,64.8,0.14,493.9,1.1,0.22
rte,drone,naive,synthetic,bf16,512,32,3,51.16,0.07,625.5,0.9,0.14
rte,drone,sdpa,real,bf16,512,32,3,26.28,0.09,1217.7,3.9,0.34
rte,drone,sdpa,synthetic,bf16,512,32,3,25.3,0.04,1264.8,1.9,0.16
rte,fwsvd,flashsvd,real,bf16,512,32,3,44.1,0.01,725.6,0.2,0.02
rte,fwsvd,flashsvd,synthetic,bf16,512,32,3,44.44,0.13,720.1,2.1,0.29
rte,fwsvd,flashsvd15,real,bf16,512,32,3,22.23,0.09,1439.4,5.7,0.4
rte,fwsvd,flashsvd15,synthetic,bf16,512,32,3,22.54,0.01,1419.8,0.9,0.04
rte,fwsvd,naive,real,bf16,512,32,3,64.81,0.15,493.7,1.1,0.23
rte,fwsvd,naive,synthetic,bf16,512,32,3,51.14,0.06,625.7,0.7,0.12
rte,fwsvd,sdpa,real,bf16,512,32,3,26.32,0.1,1215.6,4.4,0.38
rte,fwsvd,sdpa,synthetic,bf16,512,32,3,25.3,0.02,1265.0,1.0,0.08
rte,svd,flashsvd,real,bf16,512,32,3,44.04,0.03,726.7,0.5,0.07
rte,svd,flashsvd,synthetic,bf16,512,32,3,44.47,0.05,719.6,0.7,0.11
rte,svd,flashsvd15,real,bf16,512,32,3,22.24,0.12,1438.7,7.7,0.54
rte,svd,flashsvd15,synthetic,bf16,512,32,3,22.58,0.05,1417.5,2.9,0.22
rte,svd,naive,real,bf16,512,32,3,64.78,0.15,493.9,1.2,0.23
rte,svd,naive,synthetic,bf16,512,32,3,51.19,0.08,625.1,1.0,0.16
rte,svd,sdpa,real,bf16,512,32,3,26.29,0.1,1217.4,4.6,0.38
rte,svd,sdpa,synthetic,bf16,512,32,3,25.3,0.03,1264.6,1.7,0.12
sst2,adasvd,flashsvd,real,bf16,512,32,3,45.07,0.04,710.0,0.7,0.09
sst2,adasvd,flashsvd,synthetic,bf16,512,32,3,45.26,0.04,707.1,0.7,0.09
sst2,adasvd,flashsvd15,real,bf16,512,32,3,20.4,0.03,1568.7,2.5,0.15
sst2,adasvd,flashsvd15,synthetic,bf16,512,32,3,21.07,0.06,1518.6,4.5,0.28
sst2,adasvd,naive,real,bf16,512,32,3,65.63,0.12,487.6,0.9,0.18
sst2,adasvd,naive,synthetic,bf16,512,32,3,51.74,0.0,618.5,0.0,0.0
sst2,adasvd,sdpa,real,bf16,512,32,3,27.49,0.04,1164.1,1.6,0.15
sst2,adasvd,sdpa,synthetic,bf16,512,32,3,26.45,0.04,1210.0,1.7,0.15
sst2,dense,flashsvd,real,bf16,512,32,3,24.5,0.11,1306.1,5.7,0.45
sst2,dense,flashsvd,synthetic,bf16,512,32,3,23.49,0.07,1362.3,4.2,0.3
sst2,dense,flashsvd15,real,bf16,512,32,3,24.51,0.05,1305.7,2.5,0.2
sst2,dense,flashsvd15,synthetic,bf16,512,32,3,23.51,0.08,1361.1,4.5,0.34
sst2,dense,naive,real,bf16,512,32,3,24.47,0.09,1307.7,4.8,0.37
sst2,dense,naive,synthetic,bf16,512,32,3,23.41,0.13,1367.0,7.4,0.56
sst2,dense,sdpa,real,bf16,512,32,3,24.51,0.1,1305.8,5.4,0.41
sst2,dense,sdpa,synthetic,bf16,512,32,3,23.45,0.07,1364.3,4.3,0.3
sst2,drone,flashsvd,real,bf16,512,32,3,44.14,0.08,725.0,1.3,0.18
sst2,drone,flashsvd,synthetic,bf16,512,32,3,44.51,0.04,718.9,0.7,0.09
sst2,drone,flashsvd15,real,bf16,512,32,3,22.24,0.11,1438.8,7.2,0.49
sst2,drone,flashsvd15,synthetic,bf16,512,32,3,22.52,0.05,1420.8,2.9,0.22
sst2,drone,naive,real,bf16,512,32,3,64.73,0.02,494.4,0.1,0.03
sst2,drone,naive,synthetic,bf16,512,32,3,51.18,0.1,625.3,1.2,0.2
sst2,drone,sdpa,real,bf16,512,32,3,26.35,0.07,1214.3,3.4,0.27
sst2,drone,sdpa,synthetic,bf16,512,32,3,25.3,0.02,1264.6,1.0,0.08
sst2,fwsvd,flashsvd,real,bf16,512,32,3,44.15,0.02,724.9,0.4,0.05
sst2,fwsvd,flashsvd,synthetic,bf16,512,32,3,44.57,0.1,718.0,1.6,0.22
sst2,fwsvd,flashsvd15,real,bf16,512,32,3,22.31,0.06,1434.2,4.0,0.27
sst2,fwsvd,flashsvd15,synthetic,bf16,512,32,3,22.56,0.03,1418.5,2.0,0.13
sst2,fwsvd,naive,real,bf16,512,32,3,64.8,0.15,493.8,1.1,0.23
sst2,fwsvd,naive,synthetic,bf16,512,32,3,51.13,0.07,625.8,0.9,0.14
sst2,fwsvd,sdpa,real,bf16,512,32,3,26.34,0.09,1215.0,4.0,0.34
sst2,fwsvd,sdpa,synthetic,bf16,512,32,3,25.35,0.01,1262.1,0.3,0.04
sst2,svd,flashsvd,real,bf16,512,32,3,44.06,0.05,726.3,0.8,0.11
sst2,svd,flashsvd,synthetic,bf16,512,32,3,44.48,0.06,719.4,1.0,0.13
sst2,svd,flashsvd15,real,bf16,512,32,3,22.26,0.04,1437.4,2.4,0.18
sst2,svd,flashsvd15,synthetic,bf16,512,32,3,22.59,0.05,1416.8,3.4,0.22
sst2,svd,naive,real,bf16,512,32,3,64.8,0.16,493.8,1.2,0.25
sst2,svd,naive,synthetic,bf16,512,32,3,51.11,0.0,626.1,0.0,0.0
sst2,svd,sdpa,real,bf16,512,32,3,26.29,0.1,1217.1,4.6,0.38
sst2,svd,sdpa,synthetic,bf16,512,32,3,25.31,0.01,1264.2,0.5,0.04
stsb,adasvd,flashsvd,real,bf16,512,32,3,45.09,0.09,709.6,1.4,0.2
stsb,adasvd,flashsvd,synthetic,bf16,512,32,3,45.22,0.01,707.7,0.1,0.02
stsb,adasvd,flashsvd15,real,bf16,512,32,3,21.41,0.08,1494.4,5.4,0.37
stsb,adasvd,flashsvd15,synthetic,bf16,512,32,3,21.98,0.07,1455.7,4.8,0.32
stsb,adasvd,naive,real,bf16,512,32,3,65.53,0.13,488.3,1.0,0.2
stsb,adasvd,naive,synthetic,bf16,512,32,3,51.8,0.06,617.7,0.8,0.12
stsb,adasvd,sdpa,real,bf16,512,32,3,27.44,0.07,1166.1,2.9,0.26
stsb,adasvd,sdpa,synthetic,bf16,512,32,3,26.42,0.02,1211.3,0.9,0.08
stsb,dense,flashsvd,real,bf16,512,32,3,24.66,0.18,1297.7,9.4,0.73
stsb,dense,flashsvd,synthetic,bf16,512,32,3,23.54,0.1,1359.5,5.7,0.42
stsb,dense,flashsvd15,real,bf16,512,32,3,24.62,0.11,1299.6,5.7,0.45
stsb,dense,flashsvd15,synthetic,bf16,512,32,3,23.52,0.13,1360.7,7.2,0.55
stsb,dense,naive,real,bf16,512,32,3,24.6,0.15,1300.6,8.1,0.61
stsb,dense,naive,synthetic,bf16,512,32,3,23.53,0.12,1359.9,6.7,0.51
stsb,dense,sdpa,real,bf16,512,32,3,24.62,0.08,1299.9,4.0,0.32
stsb,dense,sdpa,synthetic,bf16,512,32,3,23.53,0.08,1359.9,4.6,0.34
stsb,drone,flashsvd,real,bf16,512,32,3,44.2,0.07,724.0,1.1,0.16
stsb,drone,flashsvd,synthetic,bf16,512,32,3,44.62,0.08,717.1,1.2,0.18
stsb,drone,flashsvd15,real,bf16,512,32,3,22.27,0.1,1436.7,6.3,0.45
stsb,drone,flashsvd15,synthetic,bf16,512,32,3,22.62,0.04,1414.8,2.8,0.18
stsb,drone,naive,real,bf16,512,32,3,64.8,0.15,493.9,1.2,0.23
stsb,drone,naive,synthetic,bf16,512,32,3,51.15,0.07,625.7,0.8,0.14
stsb,drone,sdpa,real,bf16,512,32,3,26.36,0.1,1213.9,4.5,0.38
stsb,drone,sdpa,synthetic,bf16,512,32,3,25.34,0.04,1262.8,2.1,0.16
stsb,fwsvd,flashsvd,real,bf16,512,32,3,44.15,0.07,724.7,1.2,0.16
stsb,fwsvd,flashsvd,synthetic,bf16,512,32,3,44.53,0.08,718.7,1.2,0.18
stsb,fwsvd,flashsvd15,real,bf16,512,32,3,22.36,0.03,1431.1,1.9,0.13
stsb,fwsvd,flashsvd15,synthetic,bf16,512,32,3,22.63,0.01,1414.2,0.9,0.04
stsb,fwsvd,naive,real,bf16,512,32,3,64.79,0.14,493.9,1.1,0.22
stsb,fwsvd,naive,synthetic,bf16,512,32,3,51.14,0.06,625.7,0.7,0.12
stsb,fwsvd,sdpa,real,bf16,512,32,3,26.41,0.02,1211.7,1.0,0.08
stsb,fwsvd,sdpa,synthetic,bf16,512,32,3,25.32,0.03,1263.8,1.4,0.12
stsb,svd,flashsvd,real,bf16,512,32,3,44.07,0.04,726.2,0.7,0.09
stsb,svd,flashsvd,synthetic,bf16,512,32,3,44.53,0.06,718.7,0.9,0.13
stsb,svd,flashsvd15,real,bf16,512,32,3,22.18,0.11,1442.6,7.0,0.5
stsb,svd,flashsvd15,synthetic,bf16,512,32,3,22.54,0.04,1419.6,2.4,0.18
stsb,svd,naive,real,bf16,512,32,3,64.81,0.14,493.8,1.1,0.22
stsb,svd,naive,synthetic,bf16,512,32,3,51.15,0.05,625.6,0.6,0.1
stsb,svd,sdpa,real,bf16,512,32,3,26.3,0.09,1216.7,4.2,0.34
stsb,svd,sdpa,synthetic,bf16,512,32,3,25.28,0.02,1265.6,1.1,0.08
