timestamp,model_id,task,dataset_split,dataset_size,seq_len,batch_size,dtype,method,rank,budget,scope,backend,seed,calib_dataset,calib_split,calib_samples,calib_batches,calib_seed,calib_seq_len,metric_name,metric_value,latency_ms,throughput_sps,peak_mem_infer_mb,peak_mem_e2e_mb,peak_mem_mb,param_ratio,original_params,compressed_params,total_param_ratio,total_original_params,total_compressed_params,notes,git_commit
2026-02-18T01:27:18,eval_encoder/models/cola/pretrained_base,cola,validation,,128,32,fp32,pretrained_base,,,,naive,42,,,,,,,matthews_correlation,0.580761,,,,,,,,,,,,pretrain_before_compress epochs=3 lr=2e-05,
2026-02-18T01:28:01,eval_encoder/models/cola/pretrained_base,cola,validation,1043,128,32,fp32,svd,256,,qkv+ffn,naive,0,,,,,,,matthews_correlation,0.000000,21.48,1471.5,628.8,628.8,628.8,0.5014,84934656,42587136,0.6132,109483778,67136258,,3126431
2026-02-18T01:42:51,eval_encoder/models/sst2/pretrained_base,sst2,validation,,128,32,fp32,pretrained_base,,,,naive,42,,,,,,,accuracy,0.925459,,,,,,,,,,,,pretrain_before_compress epochs=3 lr=2e-05,
2026-02-18T01:43:34,eval_encoder/models/sst2/pretrained_base,sst2,validation,872,128,32,fp32,svd,256,,qkv+ffn,naive,0,,,,,,,accuracy,0.739679,21.19,1469.9,628.8,628.8,628.8,0.5014,84934656,42587136,0.6132,109483778,67136258,,3126431
2026-02-18T01:44:38,eval_encoder/models/mrpc/pretrained_base,mrpc,validation,,128,32,fp32,pretrained_base,,,,naive,42,,,,,,,f1,0.882759,,,,,,,,,,,,pretrain_before_compress epochs=3 lr=2e-05,
2026-02-18T01:45:01,eval_encoder/models/mrpc/pretrained_base,mrpc,validation,408,128,32,fp32,svd,256,,qkv+ffn,naive,0,,,,,,,f1,0.054422,21.46,1462.5,628.8,628.8,628.8,0.5014,84934656,42587136,0.6132,109483778,67136258,,3126431
2026-02-18T02:44:40,eval_encoder/models/qqp/pretrained_base,qqp,validation,,128,32,fp32,pretrained_base,,,,naive,42,,,,,,,f1,0.879391,,,,,,,,,,,,pretrain_before_compress epochs=3 lr=2e-05,
2026-02-18T02:46:32,eval_encoder/models/qqp/pretrained_base,qqp,validation,40430,128,32,fp32,svd,256,,qkv+ffn,naive,0,,,,,,,f1,0.545396,22.23,1438.7,628.8,628.8,628.8,0.5014,84934656,42587136,0.6132,109483778,67136258,,3126431
2026-02-18T03:49:11,eval_encoder/models/mnli/pretrained_base,mnli,validation,,128,32,fp32,pretrained_base,,,,naive,42,,,,,,,accuracy,0.842792,,,,,,,,,,,,pretrain_before_compress epochs=3 lr=2e-05,
2026-02-18T03:50:16,eval_encoder/models/mnli/pretrained_base,mnli,validation_matched,9815,128,32,fp32,svd,256,,qkv+ffn,naive,0,,,,,,,accuracy,0.352827,22.02,1452.0,628.8,628.8,628.8,0.5014,84934656,42587136,0.6132,109484547,67137027,,3126431
2026-02-18T04:08:40,eval_encoder/models/qnli/pretrained_base,qnli,validation,,128,32,fp32,pretrained_base,,,,naive,42,,,,,,,accuracy,0.916712,,,,,,,,,,,,pretrain_before_compress epochs=3 lr=2e-05,
2026-02-18T04:09:54,eval_encoder/models/qnli/pretrained_base,qnli,validation,5463,128,32,fp32,svd,256,,qkv+ffn,naive,0,,,,,,,accuracy,0.501190,21.93,1456.8,628.8,628.8,628.8,0.5014,84934656,42587136,0.6132,109483778,67136258,,3126431
2026-02-18T04:12:09,eval_encoder/models/rte/pretrained_base,rte,validation,,128,32,fp32,pretrained_base,,,,naive,42,,,,,,,accuracy,0.675090,,,,,,,,,,,,pretrain_before_compress epochs=3 lr=2e-05,
2026-02-18T04:12:41,eval_encoder/models/rte/pretrained_base,rte,validation,277,128,32,fp32,svd,256,,qkv+ffn,naive,0,,,,,,,accuracy,0.469314,21.18,1452.9,628.8,628.8,628.8,0.5014,84934656,42587136,0.6132,109483778,67136258,,3126431
2026-02-18T04:14:30,eval_encoder/models/stsb/pretrained_base,stsb,validation,,128,32,fp32,pretrained_base,,,,naive,42,,,,,,,pearson,0.884603,,,,,,,,,,,,pretrain_before_compress epochs=3 lr=2e-05,
2026-02-18T04:15:39,eval_encoder/models/stsb/pretrained_base,stsb,validation,1500,128,32,fp32,svd,256,,qkv+ffn,naive,0,,,,,,,pearson,-0.028284,21.45,1487.6,628.8,628.8,628.8,0.5014,84934656,42587136,0.6132,109483009,67135489,,3126431
2026-02-18T04:17:57,eval_encoder/models/cola/pretrained_base,cola,validation,1043,128,32,fp32,fwsvd,256,,qkv+ffn,naive,0,cola,train,512,16,0,128,matthews_correlation,0.000000,21.05,1501.7,556.1,2952.0,2952.0,0.5014,84934656,42587136,0.6132,109483778,67136258,,3126431
2026-02-18T04:19:01,eval_encoder/models/sst2/pretrained_base,sst2,validation,872,128,32,fp32,fwsvd,256,,qkv+ffn,naive,0,sst2,train,512,16,0,128,accuracy,0.805046,21.40,1455.4,556.1,2952.0,2952.0,0.5014,84934656,42587136,0.6132,109483778,67136258,,3126431
2026-02-18T04:19:53,eval_encoder/models/mrpc/pretrained_base,mrpc,validation,408,128,32,fp32,fwsvd,256,,qkv+ffn,naive,0,mrpc,train,512,16,0,128,f1,0.816984,21.14,1484.6,556.1,2952.0,2952.0,0.5014,84934656,42587136,0.6132,109483778,67136258,,3126431
2026-02-18T04:23:51,eval_encoder/models/qqp/pretrained_base,qqp,validation,40430,128,32,fp32,fwsvd,256,,qkv+ffn,naive,0,qqp,train,512,16,0,128,f1,0.607046,21.67,1476.0,556.1,2952.0,2952.0,0.5014,84934656,42587136,0.6132,109483778,67136258,,3126431
2026-02-18T04:27:15,eval_encoder/models/mnli/pretrained_base,mnli,validation_matched,9815,128,32,fp32,fwsvd,256,,qkv+ffn,naive,0,mnli,train,512,16,0,128,accuracy,0.443912,21.49,1487.8,556.1,2952.0,2952.0,0.5014,84934656,42587136,0.6132,109484547,67137027,,3126431
2026-02-18T04:28:43,eval_encoder/models/qnli/pretrained_base,qnli,validation,5463,128,32,fp32,fwsvd,256,,qkv+ffn,naive,0,qnli,train,512,16,0,128,accuracy,0.534688,21.55,1482.6,556.1,2952.0,2952.0,0.5014,84934656,42587136,0.6132,109483778,67136258,,3126431
2026-02-18T04:30:22,eval_encoder/models/rte/pretrained_base,rte,validation,277,128,32,fp32,fwsvd,256,,qkv+ffn,naive,0,rte,train,512,16,0,128,accuracy,0.566787,20.97,1467.9,556.1,2952.0,2952.0,0.5014,84934656,42587136,0.6132,109483778,67136258,,3126431
2026-02-18T04:31:23,eval_encoder/models/stsb/pretrained_base,stsb,validation,1500,128,32,fp32,fwsvd,256,,qkv+ffn,naive,0,stsb,train,512,16,0,128,pearson,0.699334,21.34,1495.3,556.1,2952.0,2952.0,0.5014,84934656,42587136,0.6132,109483009,67135489,,3126431
2026-02-18T04:33:07,eval_encoder/models/cola/pretrained_base,cola,validation,1043,128,32,fp32,drone,256,,qkv+ffn,naive,0,cola,train,512,16,0,128,matthews_correlation,0.075549,21.07,1500.4,629.6,1528.7,1528.7,0.5014,84934656,42587136,0.6132,109483778,67136258,,3126431
2026-02-18T04:34:08,eval_encoder/models/sst2/pretrained_base,sst2,validation,872,128,32,fp32,drone,256,,qkv+ffn,naive,0,sst2,train,512,16,0,128,accuracy,0.869266,21.15,1472.5,629.6,1528.7,1528.7,0.5014,84934656,42587136,0.6132,109483778,67136258,,3126431
2026-02-18T04:34:40,eval_encoder/models/mrpc/pretrained_base,mrpc,validation,408,128,32,fp32,drone,256,,qkv+ffn,naive,0,mrpc,train,512,16,0,128,f1,0.813411,21.32,1472.3,629.6,1528.7,1528.7,0.5014,84934656,42587136,0.6132,109483778,67136258,,3126431
2026-02-18T04:36:55,eval_encoder/models/qqp/pretrained_base,qqp,validation,40430,128,32,fp32,drone,256,,qkv+ffn,naive,0,qqp,train,512,16,0,128,f1,0.755542,21.88,1461.6,629.6,1528.7,1528.7,0.5014,84934656,42587136,0.6132,109483778,67136258,,3126431
2026-02-18T04:38:47,eval_encoder/models/mnli/pretrained_base,mnli,validation_matched,9815,128,32,fp32,drone,256,,qkv+ffn,naive,0,mnli,train,512,16,0,128,accuracy,0.683851,21.91,1459.4,629.6,1528.7,1528.7,0.5014,84934656,42587136,0.6132,109484547,67137027,,3126431
2026-02-18T04:40:07,eval_encoder/models/qnli/pretrained_base,qnli,validation,5463,128,32,fp32,drone,256,,qkv+ffn,naive,0,qnli,train,512,16,0,128,accuracy,0.684789,21.76,1468.1,629.6,1528.7,1528.7,0.5014,84934656,42587136,0.6132,109483778,67136258,,3126431
2026-02-18T04:41:18,eval_encoder/models/rte/pretrained_base,rte,validation,277,128,32,fp32,drone,256,,qkv+ffn,naive,0,rte,train,512,16,0,128,accuracy,0.552347,20.94,1470.1,629.6,1528.7,1528.7,0.5014,84934656,42587136,0.6132,109483778,67136258,,3126431
2026-02-18T04:42:06,eval_encoder/models/stsb/pretrained_base,stsb,validation,1500,128,32,fp32,drone,256,,qkv+ffn,naive,0,stsb,train,512,16,0,128,pearson,0.579543,21.51,1483.6,629.6,1528.7,1528.7,0.5014,84934656,42587136,0.6132,109483009,67135489,,3126431
2026-02-18T04:44:54,eval_encoder/models/cola/pretrained_base,cola,validation,1043,128,32,fp32,adasvd,,0.6,qkv+ffn,naive,0,cola,train,512,16,0,128,matthews_correlation,-0.046356,41.09,769.2,1199.4,3708.9,3708.9,0.5783,85526016,49459200,0.6706,109483778,73416962,,3126431
2026-02-18T04:47:34,eval_encoder/models/sst2/pretrained_base,sst2,validation,872,128,32,fp32,adasvd,,0.6,qkv+ffn,naive,0,sst2,train,512,16,0,128,accuracy,0.840596,49.92,623.8,1199.6,3708.9,3708.9,0.5798,85526016,49586692,0.6717,109483778,73544454,,3126431
2026-02-18T04:49:18,eval_encoder/models/mrpc/pretrained_base,mrpc,validation,408,128,32,fp32,adasvd,,0.6,qkv+ffn,naive,0,mrpc,train,512,16,0,128,f1,0.088136,42.37,740.7,1199.4,3708.9,3708.9,0.5782,85526016,49455360,0.6705,109483778,73413122,,3126431
2026-02-18T04:53:17,eval_encoder/models/qqp/pretrained_base,qqp,validation,40430,128,32,fp32,adasvd,,0.6,qkv+ffn,naive,0,qqp,train,512,16,0,128,f1,0.704525,39.69,805.8,1199.2,3708.9,3708.9,0.5791,85526016,49528322,0.6712,109483778,73486084,,3126431
2026-02-18T04:56:53,eval_encoder/models/mnli/pretrained_base,mnli,validation_matched,9815,128,32,fp32,adasvd,,0.6,qkv+ffn,naive,0,mnli,train,512,16,0,128,accuracy,0.538665,43.78,730.3,1198.1,3708.9,3708.9,0.5786,85526784,49483017,0.6708,109484547,73440780,,3126431
2026-02-18T04:59:54,eval_encoder/models/qnli/pretrained_base,qnli,validation,5463,128,32,fp32,adasvd,,0.6,qkv+ffn,naive,0,qnli,train,512,16,0,128,accuracy,0.605894,44.47,718.4,1198.1,3708.9,3708.9,0.5783,85526016,49461504,0.6706,109483778,73419266,,3126431
2026-02-18T05:01:48,eval_encoder/models/rte/pretrained_base,rte,validation,277,128,32,fp32,adasvd,,0.6,qkv+ffn,naive,0,rte,train,512,16,0,128,accuracy,0.487365,39.58,777.7,1198.1,3708.9,3708.9,0.5782,85526016,49450752,0.6705,109483778,73408514,,3126431
2026-02-18T05:04:11,eval_encoder/models/stsb/pretrained_base,stsb,validation,1500,128,32,fp32,adasvd,,0.6,qkv+ffn,naive,0,stsb,train,512,16,0,128,pearson,0.693009,45.69,698.5,1203.7,3708.9,3708.9,0.5915,85525248,50584321,0.6809,109483009,74542082,,3126431
2026-02-18T05:06:58,eval_encoder/models/cola/svd_r256_full_naive,cola,validation,,128,32,fp32,svd_finetuned,256,,,naive,42,,,,,,,matthews_correlation,0.470697,,,,,,,,,,,,post_compress_finetune epochs=3 lr=2e-05,
2026-02-18T05:16:21,eval_encoder/models/sst2/svd_r256_full_naive,sst2,validation,,128,32,fp32,svd_finetuned,256,,,naive,42,,,,,,,accuracy,0.912844,,,,,,,,,,,,post_compress_finetune epochs=3 lr=2e-05,
2026-02-18T05:17:59,eval_encoder/models/mrpc/svd_r256_full_naive,mrpc,validation,,128,32,fp32,svd_finetuned,256,,,naive,42,,,,,,,f1,0.856187,,,,,,,,,,,,post_compress_finetune epochs=3 lr=2e-05,
2026-02-18T06:07:23,eval_encoder/models/qqp/svd_r256_full_naive,qqp,validation,,128,32,fp32,svd_finetuned,256,,,naive,42,,,,,,,f1,0.877122,,,,,,,,,,,,post_compress_finetune epochs=3 lr=2e-05,
2026-02-18T06:56:30,eval_encoder/models/mnli/svd_r256_full_naive,mnli,validation,,128,32,fp32,svd_finetuned,256,,,naive,42,,,,,,,accuracy,0.825267,,,,,,,,,,,,post_compress_finetune epochs=3 lr=2e-05,
2026-02-18T07:09:38,eval_encoder/models/qnli/svd_r256_full_naive,qnli,validation,,128,32,fp32,svd_finetuned,256,,,naive,42,,,,,,,accuracy,0.891635,,,,,,,,,,,,post_compress_finetune epochs=3 lr=2e-05,
2026-02-18T07:10:04,eval_encoder/models/rte/svd_r256_full_naive,rte,validation,,128,32,fp32,svd_finetuned,256,,,naive,42,,,,,,,accuracy,0.642599,,,,,,,,,,,,post_compress_finetune epochs=3 lr=2e-05,
2026-02-18T07:10:59,eval_encoder/models/stsb/svd_r256_full_naive,stsb,validation,,128,32,fp32,svd_finetuned,256,,,naive,42,,,,,,,pearson,0.866676,,,,,,,,,,,,post_compress_finetune epochs=3 lr=2e-05,
2026-02-18T07:12:41,eval_encoder/models/cola/fwsvd_r256_full_naive,cola,validation,,128,32,fp32,fwsvd_finetuned,256,,,naive,42,,,,,,,matthews_correlation,0.500871,,,,,,,,,,,,post_compress_finetune epochs=3 lr=2e-05,
2026-02-18T07:20:51,eval_encoder/models/sst2/fwsvd_r256_full_naive,sst2,validation,,128,32,fp32,fwsvd_finetuned,256,,,naive,42,,,,,,,accuracy,0.913991,,,,,,,,,,,,post_compress_finetune epochs=3 lr=2e-05,
2026-02-18T07:21:28,eval_encoder/models/mrpc/fwsvd_r256_full_naive,mrpc,validation,,128,32,fp32,fwsvd_finetuned,256,,,naive,42,,,,,,,f1,0.887372,,,,,,,,,,,,post_compress_finetune epochs=3 lr=2e-05,
2026-02-18T09:17:06,eval_encoder/models/cola/pretrained_base,cola,validation,1043,128,32,fp32,svd,256,,qkv+ffn,naive,0,,,,,,,matthews_correlation,0.000000,20.89,1513.1,628.8,628.8,628.8,0.5014,84934656,42587136,0.6132,109483778,67136258,,3126431
2026-02-18T09:17:44,eval_encoder/models/sst2/pretrained_base,sst2,validation,872,128,32,fp32,svd,256,,qkv+ffn,naive,0,,,,,,,accuracy,0.739679,20.85,1493.4,628.8,628.8,628.8,0.5014,84934656,42587136,0.6132,109483778,67136258,,3126431
2026-02-18T09:18:15,eval_encoder/models/mrpc/pretrained_base,mrpc,validation,408,128,32,fp32,svd,256,,qkv+ffn,naive,0,,,,,,,f1,0.054422,21.07,1489.2,628.8,628.8,628.8,0.5014,84934656,42587136,0.6132,109483778,67136258,,3126431
2026-02-18T09:19:42,eval_encoder/models/qqp/pretrained_base,qqp,validation,40430,128,32,fp32,svd,256,,qkv+ffn,naive,0,,,,,,,f1,0.545396,21.86,1462.9,628.8,628.8,628.8,0.5014,84934656,42587136,0.6132,109483778,67136258,,3126431
2026-02-18T09:21:08,eval_encoder/models/mnli/pretrained_base,mnli,validation_matched,9815,128,32,fp32,svd,256,,qkv+ffn,naive,0,,,,,,,accuracy,0.352827,21.97,1455.3,628.8,628.8,628.8,0.5014,84934656,42587136,0.6132,109484547,67137027,,3126431
2026-02-18T09:21:56,eval_encoder/models/qnli/pretrained_base,qnli,validation,5463,128,32,fp32,svd,256,,qkv+ffn,naive,0,,,,,,,accuracy,0.501190,21.63,1477.1,628.8,628.8,628.8,0.5014,84934656,42587136,0.6132,109483778,67136258,,3126431
2026-02-18T09:22:28,eval_encoder/models/rte/pretrained_base,rte,validation,277,128,32,fp32,svd,256,,qkv+ffn,naive,0,,,,,,,accuracy,0.469314,21.26,1447.9,628.8,628.8,628.8,0.5014,84934656,42587136,0.6132,109483778,67136258,,3126431
2026-02-18T09:23:02,eval_encoder/models/stsb/pretrained_base,stsb,validation,1500,128,32,fp32,svd,256,,qkv+ffn,naive,0,,,,,,,pearson,-0.028284,21.38,1492.6,628.8,628.8,628.8,0.5014,84934656,42587136,0.6132,109483009,67135489,,3126431
2026-02-18T09:24:00,eval_encoder/models/cola/pretrained_base,cola,validation,1043,128,32,fp32,fwsvd,256,,qkv+ffn,naive,0,cola,train,512,16,0,128,matthews_correlation,0.000000,20.94,1509.1,556.1,2952.0,2952.0,0.5014,84934656,42587136,0.6132,109483778,67136258,,3126431
2026-02-18T09:24:32,eval_encoder/models/sst2/pretrained_base,sst2,validation,872,128,32,fp32,fwsvd,256,,qkv+ffn,naive,0,sst2,train,512,16,0,128,accuracy,0.805046,21.54,1446.1,556.1,2952.0,2952.0,0.5014,84934656,42587136,0.6132,109483778,67136258,,3126431
2026-02-18T09:25:02,eval_encoder/models/mrpc/pretrained_base,mrpc,validation,408,128,32,fp32,fwsvd,256,,qkv+ffn,naive,0,mrpc,train,512,16,0,128,f1,0.816984,20.85,1505.4,556.1,2952.0,2952.0,0.5014,84934656,42587136,0.6132,109483778,67136258,,3126431
2026-02-18T09:27:07,eval_encoder/models/qqp/pretrained_base,qqp,validation,40430,128,32,fp32,fwsvd,256,,qkv+ffn,naive,0,qqp,train,512,16,0,128,f1,0.607046,21.53,1485.9,556.1,2952.0,2952.0,0.5014,84934656,42587136,0.6132,109483778,67136258,,3126431
2026-02-18T09:28:37,eval_encoder/models/mnli/pretrained_base,mnli,validation_matched,9815,128,32,fp32,fwsvd,256,,qkv+ffn,naive,0,mnli,train,512,16,0,128,accuracy,0.443912,21.73,1471.1,556.1,2952.0,2952.0,0.5014,84934656,42587136,0.6132,109484547,67137027,,3126431
2026-02-18T09:29:20,eval_encoder/models/qnli/pretrained_base,qnli,validation,5463,128,32,fp32,fwsvd,256,,qkv+ffn,naive,0,qnli,train,512,16,0,128,accuracy,0.534688,21.73,1470.5,556.1,2952.0,2952.0,0.5014,84934656,42587136,0.6132,109483778,67136258,,3126431
2026-02-18T09:29:52,eval_encoder/models/rte/pretrained_base,rte,validation,277,128,32,fp32,fwsvd,256,,qkv+ffn,naive,0,rte,train,512,16,0,128,accuracy,0.566787,21.02,1464.4,556.1,2952.0,2952.0,0.5014,84934656,42587136,0.6132,109483778,67136258,,3126431
2026-02-18T09:30:22,eval_encoder/models/stsb/pretrained_base,stsb,validation,1500,128,32,fp32,fwsvd,256,,qkv+ffn,naive,0,stsb,train,512,16,0,128,pearson,0.699334,21.30,1498.3,556.1,2952.0,2952.0,0.5014,84934656,42587136,0.6132,109483009,67135489,,3126431
2026-02-18T09:31:17,eval_encoder/models/cola/pretrained_base,cola,validation,1043,128,32,fp32,drone,256,,qkv+ffn,naive,0,cola,train,512,16,0,128,matthews_correlation,0.075549,20.97,1506.9,629.6,1528.7,1528.7,0.5014,84934656,42587136,0.6132,109483778,67136258,,3126431
2026-02-18T09:31:45,eval_encoder/models/sst2/pretrained_base,sst2,validation,872,128,32,fp32,drone,256,,qkv+ffn,naive,0,sst2,train,512,16,0,128,accuracy,0.869266,20.80,1497.3,629.6,1528.7,1528.7,0.5014,84934656,42587136,0.6132,109483778,67136258,,3126431
2026-02-18T09:32:13,eval_encoder/models/mrpc/pretrained_base,mrpc,validation,408,128,32,fp32,drone,256,,qkv+ffn,naive,0,mrpc,train,512,16,0,128,f1,0.813411,20.91,1501.0,629.6,1528.7,1528.7,0.5014,84934656,42587136,0.6132,109483778,67136258,,3126431
2026-02-18T09:33:39,eval_encoder/models/qqp/pretrained_base,qqp,validation,40430,128,32,fp32,drone,256,,qkv+ffn,naive,0,qqp,train,512,16,0,128,f1,0.755542,22.03,1452.2,629.6,1528.7,1528.7,0.5014,84934656,42587136,0.6132,109483778,67136258,,3126431
2026-02-18T09:34:53,eval_encoder/models/mnli/pretrained_base,mnli,validation_matched,9815,128,32,fp32,drone,256,,qkv+ffn,naive,0,mnli,train,512,16,0,128,accuracy,0.683851,21.95,1456.6,629.6,1528.7,1528.7,0.5014,84934656,42587136,0.6132,109484547,67137027,,3126431
2026-02-18T09:35:35,eval_encoder/models/qnli/pretrained_base,qnli,validation,5463,128,32,fp32,drone,256,,qkv+ffn,naive,0,qnli,train,512,16,0,128,accuracy,0.684789,21.87,1460.6,629.6,1528.7,1528.7,0.5014,84934656,42587136,0.6132,109483778,67136258,,3126431
2026-02-18T09:36:08,eval_encoder/models/rte/pretrained_base,rte,validation,277,128,32,fp32,drone,256,,qkv+ffn,naive,0,rte,train,512,16,0,128,accuracy,0.552347,21.06,1461.4,629.6,1528.7,1528.7,0.5014,84934656,42587136,0.6132,109483778,67136258,,3126431
2026-02-18T09:36:35,eval_encoder/models/stsb/pretrained_base,stsb,validation,1500,128,32,fp32,drone,256,,qkv+ffn,naive,0,stsb,train,512,16,0,128,pearson,0.579543,21.51,1483.6,629.6,1528.7,1528.7,0.5014,84934656,42587136,0.6132,109483009,67135489,,3126431
2026-02-18T09:39:04,eval_encoder/models/cola/pretrained_base,cola,validation,1043,128,32,fp32,adasvd,,0.6,qkv+ffn,naive,0,cola,train,512,16,0,128,matthews_correlation,-0.046356,41.05,769.9,1199.4,3708.9,3708.9,0.5783,85526016,49459200,0.6706,109483778,73416962,,3126431
2026-02-18T09:40:50,eval_encoder/models/sst2/pretrained_base,sst2,validation,872,128,32,fp32,adasvd,,0.6,qkv+ffn,naive,0,sst2,train,512,16,0,128,accuracy,0.840596,48.63,640.4,1199.6,3708.9,3708.9,0.5798,85526016,49586692,0.6717,109483778,73544454,,3126431
2026-02-18T09:42:29,eval_encoder/models/mrpc/pretrained_base,mrpc,validation,408,128,32,fp32,adasvd,,0.6,qkv+ffn,naive,0,mrpc,train,512,16,0,128,f1,0.088136,42.41,740.1,1199.4,3708.9,3708.9,0.5782,85526016,49455360,0.6705,109483778,73413122,,3126431
2026-02-18T09:45:49,eval_encoder/models/qqp/pretrained_base,qqp,validation,40430,128,32,fp32,adasvd,,0.6,qkv+ffn,naive,0,qqp,train,512,16,0,128,f1,0.704525,40.25,794.6,1199.2,3708.9,3708.9,0.5791,85526016,49528322,0.6712,109483778,73486084,,3126431
2026-02-18T09:48:32,eval_encoder/models/mnli/pretrained_base,mnli,validation_matched,9815,128,32,fp32,adasvd,,0.6,qkv+ffn,naive,0,mnli,train,512,16,0,128,accuracy,0.538665,43.51,734.7,1198.1,3708.9,3708.9,0.5786,85526784,49483017,0.6708,109484547,73440780,,3126431
2026-02-18T09:50:34,eval_encoder/models/qnli/pretrained_base,qnli,validation,5463,128,32,fp32,adasvd,,0.6,qkv+ffn,naive,0,qnli,train,512,16,0,128,accuracy,0.605894,45.67,699.5,1198.1,3708.9,3708.9,0.5783,85526016,49461504,0.6706,109483778,73419266,,3126431
2026-02-18T09:52:20,eval_encoder/models/rte/pretrained_base,rte,validation,277,128,32,fp32,adasvd,,0.6,qkv+ffn,naive,0,rte,train,512,16,0,128,accuracy,0.487365,40.79,754.6,1198.1,3708.9,3708.9,0.5782,85526016,49450752,0.6705,109483778,73408514,,3126431
2026-02-18T09:54:02,eval_encoder/models/stsb/pretrained_base,stsb,validation,1500,128,32,fp32,adasvd,,0.6,qkv+ffn,naive,0,stsb,train,512,16,0,128,pearson,0.693009,45.31,704.4,1203.7,3708.9,3708.9,0.5915,85525248,50584321,0.6809,109483009,74542082,,3126431
2026-02-18T09:55:53,eval_encoder/models/cola/svd_r256_full_naive,cola,validation,,128,32,fp32,svd_finetuned,256,,,naive,42,,,,,,,matthews_correlation,0.470697,,,,,,,,,,,,post_compress_finetune epochs=3 lr=2e-05,
2026-02-18T10:04:18,eval_encoder/models/sst2/svd_r256_full_naive,sst2,validation,,128,32,fp32,svd_finetuned,256,,,naive,42,,,,,,,accuracy,0.912844,,,,,,,,,,,,post_compress_finetune epochs=3 lr=2e-05,
2026-02-18T10:04:55,eval_encoder/models/mrpc/svd_r256_full_naive,mrpc,validation,,128,32,fp32,svd_finetuned,256,,,naive,42,,,,,,,f1,0.856187,,,,,,,,,,,,post_compress_finetune epochs=3 lr=2e-05,
2026-02-18T10:52:50,eval_encoder/models/qqp/svd_r256_full_naive,qqp,validation,,128,32,fp32,svd_finetuned,256,,,naive,42,,,,,,,f1,0.877122,,,,,,,,,,,,post_compress_finetune epochs=3 lr=2e-05,
2026-02-18T11:42:35,eval_encoder/models/mnli/svd_r256_full_naive,mnli,validation,,128,32,fp32,svd_finetuned,256,,,naive,42,,,,,,,accuracy,0.825267,,,,,,,,,,,,post_compress_finetune epochs=3 lr=2e-05,
2026-02-18T12:00:15,eval_encoder/models/qnli/svd_r256_full_naive,qnli,validation,,128,32,fp32,svd_finetuned,256,,,naive,42,,,,,,,accuracy,0.891635,,,,,,,,,,,,post_compress_finetune epochs=3 lr=2e-05,
2026-02-18T12:00:43,eval_encoder/models/rte/svd_r256_full_naive,rte,validation,,128,32,fp32,svd_finetuned,256,,,naive,42,,,,,,,accuracy,0.642599,,,,,,,,,,,,post_compress_finetune epochs=3 lr=2e-05,
2026-02-18T12:01:39,eval_encoder/models/stsb/svd_r256_full_naive,stsb,validation,,128,32,fp32,svd_finetuned,256,,,naive,42,,,,,,,pearson,0.866676,,,,,,,,,,,,post_compress_finetune epochs=3 lr=2e-05,
2026-02-18T12:03:26,eval_encoder/models/cola/fwsvd_r256_full_naive,cola,validation,,128,32,fp32,fwsvd_finetuned,256,,,naive,42,,,,,,,matthews_correlation,0.500871,,,,,,,,,,,,post_compress_finetune epochs=3 lr=2e-05,
2026-02-18T12:12:06,eval_encoder/models/sst2/fwsvd_r256_full_naive,sst2,validation,,128,32,fp32,fwsvd_finetuned,256,,,naive,42,,,,,,,accuracy,0.913991,,,,,,,,,,,,post_compress_finetune epochs=3 lr=2e-05,
2026-02-18T12:12:43,eval_encoder/models/mrpc/fwsvd_r256_full_naive,mrpc,validation,,128,32,fp32,fwsvd_finetuned,256,,,naive,42,,,,,,,f1,0.887372,,,,,,,,,,,,post_compress_finetune epochs=3 lr=2e-05,
2026-02-18T13:01:13,eval_encoder/models/qqp/fwsvd_r256_full_naive,qqp,validation,,128,32,fp32,fwsvd_finetuned,256,,,naive,42,,,,,,,f1,0.879974,,,,,,,,,,,,post_compress_finetune epochs=3 lr=2e-05,
2026-02-18T13:51:16,eval_encoder/models/mnli/fwsvd_r256_full_naive,mnli,validation,,128,32,fp32,fwsvd_finetuned,256,,,naive,42,,,,,,,accuracy,0.826286,,,,,,,,,,,,post_compress_finetune epochs=3 lr=2e-05,
2026-02-18T14:04:49,eval_encoder/models/qnli/fwsvd_r256_full_naive,qnli,validation,,128,32,fp32,fwsvd_finetuned,256,,,naive,42,,,,,,,accuracy,0.895845,,,,,,,,,,,,post_compress_finetune epochs=3 lr=2e-05,
2026-02-18T14:05:16,eval_encoder/models/rte/fwsvd_r256_full_naive,rte,validation,,128,32,fp32,fwsvd_finetuned,256,,,naive,42,,,,,,,accuracy,0.646209,,,,,,,,,,,,post_compress_finetune epochs=3 lr=2e-05,
2026-02-18T14:06:13,eval_encoder/models/stsb/fwsvd_r256_full_naive,stsb,validation,,128,32,fp32,fwsvd_finetuned,256,,,naive,42,,,,,,,pearson,0.872565,,,,,,,,,,,,post_compress_finetune epochs=3 lr=2e-05,
2026-02-18T14:07:58,eval_encoder/models/cola/drone_r256_full_naive,cola,validation,,128,32,fp32,drone_finetuned,256,,,naive,42,,,,,,,matthews_correlation,0.490176,,,,,,,,,,,,post_compress_finetune epochs=3 lr=2e-05,
2026-02-18T14:16:34,eval_encoder/models/sst2/drone_r256_full_naive,sst2,validation,,128,32,fp32,drone_finetuned,256,,,naive,42,,,,,,,accuracy,0.911697,,,,,,,,,,,,post_compress_finetune epochs=3 lr=2e-05,
2026-02-18T14:17:10,eval_encoder/models/mrpc/drone_r256_full_naive,mrpc,validation,,128,32,fp32,drone_finetuned,256,,,naive,42,,,,,,,f1,0.890034,,,,,,,,,,,,post_compress_finetune epochs=3 lr=2e-05,
2026-02-18T15:05:02,eval_encoder/models/qqp/drone_r256_full_naive,qqp,validation,,128,32,fp32,drone_finetuned,256,,,naive,42,,,,,,,f1,0.874316,,,,,,,,,,,,post_compress_finetune epochs=3 lr=2e-05,
2026-02-18T15:54:26,eval_encoder/models/mnli/drone_r256_full_naive,mnli,validation,,128,32,fp32,drone_finetuned,256,,,naive,42,,,,,,,accuracy,0.823943,,,,,,,,,,,,post_compress_finetune epochs=3 lr=2e-05,
2026-02-18T16:07:58,eval_encoder/models/qnli/drone_r256_full_naive,qnli,validation,,128,32,fp32,drone_finetuned,256,,,naive,42,,,,,,,accuracy,0.900970,,,,,,,,,,,,post_compress_finetune epochs=3 lr=2e-05,
2026-02-18T16:08:25,eval_encoder/models/rte/drone_r256_full_naive,rte,validation,,128,32,fp32,drone_finetuned,256,,,naive,42,,,,,,,accuracy,0.667870,,,,,,,,,,,,post_compress_finetune epochs=3 lr=2e-05,
2026-02-18T16:09:21,eval_encoder/models/stsb/drone_r256_full_naive,stsb,validation,,128,32,fp32,drone_finetuned,256,,,naive,42,,,,,,,pearson,0.862954,,,,,,,,,,,,post_compress_finetune epochs=3 lr=2e-05,

2026-02-19T01:30:48,eval_encoder/models/cola/pretrained_base,cola,validation,1043,128,32,fp32,adasvd,,0.5,qkv+ffn,naive,0,cola,train,512,16,0,128,cola:train,cola:validation,matthews_correlation,0.000000,19.10,1654.4,1173.6,3592.6,3592.6,0.5004,84934656,42499584,0.6124,109483778,67048706,,6e3194c
2026-02-19T01:33:36,eval_encoder/models/sst2/pretrained_base,sst2,validation,872,128,32,fp32,adasvd,,0.5,qkv+ffn,naive,0,sst2,train,512,16,0,128,sst2:train,sst2:validation,accuracy,0.668578,19.40,1605.7,1172.5,3592.6,3592.6,0.5001,84934656,42472704,0.6122,109483778,67021826,,6e3194c
2026-02-19T01:36:19,eval_encoder/models/mrpc/pretrained_base,mrpc,validation,408,128,32,fp32,adasvd,,0.5,qkv+ffn,naive,0,mrpc,train,512,16,0,128,mrpc:train,mrpc:validation,f1,0.557235,19.83,1582.5,1173.9,3592.6,3592.6,0.5006,84934656,42521856,0.6126,109483778,67070978,,6e3194c
2026-02-19T01:39:53,eval_encoder/models/qqp/pretrained_base,qqp,validation,40430,128,32,fp32,adasvd,,0.5,qkv+ffn,naive,0,qqp,train,512,16,0,128,qqp:train,qqp:validation,f1,0.491848,19.88,1608.6,1172.6,3592.6,3592.6,0.5003,84934656,42494976,0.6124,109483778,67044098,,6e3194c
2026-02-19T01:43:15,eval_encoder/models/mnli/pretrained_base,mnli,validation_matched,9815,128,32,fp32,adasvd,,0.5,qkv+ffn,naive,0,mnli,train,512,16,0,128,mnli:train,mnli:validation_matched,accuracy,0.353540,19.99,1599.6,1172.4,3592.6,3592.6,0.5000,84934656,42463488,0.6121,109484547,67013379,,6e3194c
2026-02-19T01:46:13,eval_encoder/models/qnli/pretrained_base,qnli,validation,5463,128,32,fp32,adasvd,,0.5,qkv+ffn,naive,0,qnli,train,512,16,0,128,qnli:train,qnli:validation,accuracy,0.514003,19.79,1614.1,1172.4,3592.6,3592.6,0.5000,84934656,42467328,0.6121,109483778,67016450,,6e3194c    
2026-02-19T01:49:03,eval_encoder/models/rte/pretrained_base,rte,validation,277,128,32,fp32,adasvd,,0.5,qkv+ffn,naive,0,rte,train,512,16,0,128,rte:train,rte:validation,accuracy,0.527076,19.37,1588.8,1173.5,3592.6,3592.6,0.5002,84934656,42481920,0.6122,109483778,67031042,,6e3194c
2026-02-19T01:51:47,eval_encoder/models/stsb/pretrained_base,stsb,validation,1500,128,32,fp32,adasvd,,0.5,qkv+ffn,naive,0,stsb,train,512,16,0,128,stsb:train,stsb:validation,pearson,-0.206867,19.83,1609.4,1169.0,3592.6,3592.6,0.5000,84934656,42468864,0.6121,109483009,67017217,,6e3194c
2026-02-19T01:53:31,eval_encoder/models/cola/adasvd_b0.5_naive,cola,validation,,128,32,fp32,adasvd_finetuned,,0.5,,naive,42,,,,,,,matthews_correlation,0.305861,,,,,,,,,,,,post_compress_finetune epochs=3 lr=2e-05,
2026-02-19T02:01:07,eval_encoder/models/sst2/adasvd_b0.5_naive,sst2,validation,,128,32,fp32,adasvd_finetuned,,0.5,,naive,42,,,,,,,accuracy,0.908257,,,,,,,,,,,,post_compress_finetune epochs=3 lr=2e-05,
2026-02-19T02:01:40,eval_encoder/models/mrpc/adasvd_b0.5_naive,mrpc,validation,,128,32,fp32,adasvd_finetuned,,0.5,,naive,42,,,,,,,f1,0.839344,,,,,,,,,,,,post_compress_finetune epochs=3 lr=2e-05,
2026-02-19T02:44:20,eval_encoder/models/qqp/adasvd_b0.5_naive,qqp,validation,,128,32,fp32,adasvd_finetuned,,0.5,,naive,42,,,,,,,f1,0.873067,,,,,,,,,,,,post_compress_finetune epochs=3 lr=2e-05,
2026-02-19T03:28:16,eval_encoder/models/mnli/adasvd_b0.5_naive,mnli,validation,,128,32,fp32,adasvd_finetuned,,0.5,,naive,42,,,,,,,accuracy,0.823230,,,,,,,,,,,,post_compress_finetune epochs=3 lr=2e-05,
2026-02-19T03:40:17,eval_encoder/models/qnli/adasvd_b0.5_naive,qnli,validation,,128,32,fp32,adasvd_finetuned,,0.5,,naive,42,,,,,,,accuracy,0.887974,,,,,,,,,,,,post_compress_finetune epochs=3 lr=2e-05,
2026-02-19T03:40:51,eval_encoder/models/rte/adasvd_b0.5_naive,rte,validation,,128,32,fp32,adasvd_finetuned,,0.5,,naive,42,,,,,,,accuracy,0.620939,,,,,,,,,,,,post_compress_finetune epochs=3 lr=2e-05,
2026-02-19T03:41:42,eval_encoder/models/stsb/adasvd_b0.5_naive,stsb,validation,,128,32,fp32,adasvd_finetuned,,0.5,,naive,42,,,,,,,pearson,0.855356,,,,,,,,,,,,post_compress_finetune epochs=3 lr=2e-05,
2026-02-19T09:23:42,bert-base-uncased,sst2,validation,872,128,32,fp32,dense,,,qkv+ffn,flashsvd,0,,,,,,,,sst2:validation,accuracy,0.490826,26.37,1180.8,561.0,561.0,561.0,1.0000,109483778,109483778,1.0000,109483778,109483778,,3211b73

2026-02-19T09:31:53,textattack/bert-base-uncased-MRPC,mrpc,validation,408,128,32,fp32,dense,,,qkv+ffn,flashsvd,0,,,,,,,,mrpc:validation,f1,0.913495,26.48,1185.3,561.0,561.0,561.0,1.0000,109483778,109483778,1.0000,109483778,109483778,,fd790d2
2026-02-19T09:38:44,textattack/bert-base-uncased-CoLA,cola,validation,1043,128,32,fp32,dense,,,qkv+ffn,flashsvd,0,,,,,,,,cola:validation,matthews_correlation,0.533877,26.27,1202.9,561.0,561.0,561.0,1.0000,109483778,109483778,1.0000,109483778,109483778,,fd790d2
2026-02-19T09:39:10,textattack/bert-base-uncased-SST-2,sst2,validation,872,128,32,fp32,dense,,,qkv+ffn,flashsvd,0,,,,,,,,sst2:validation,accuracy,0.924312,26.26,1185.8,561.0,561.0,561.0,1.0000,109483778,109483778,1.0000,109483778,109483778,,fd790d2
2026-02-19T09:39:41,textattack/bert-base-uncased-MRPC,mrpc,validation,408,128,32,fp32,dense,,,qkv+ffn,flashsvd,0,,,,,,,,mrpc:validation,f1,0.913495,26.66,1177.3,561.0,561.0,561.0,1.0000,109483778,109483778,1.0000,109483778,109483778,,fd790d2
2026-02-19T09:41:33,textattack/bert-base-uncased-QQP,qqp,validation,40430,128,32,fp32,dense,,,qkv+ffn,flashsvd,0,,,,,,,,qqp:validation,f1,0.878181,28.32,1129.3,561.0,561.0,561.0,1.0000,109483778,109483778,1.0000,109483778,109483778,,fd790d2
2026-02-19T09:44:05,textattack/bert-base-uncased-MNLI,mnli,validation_matched,9815,128,32,fp32,dense,,,qkv+ffn,flashsvd,0,,,,,,,,mnli:validation_matched,accuracy,0.845746,27.91,1145.4,561.0,561.0,561.0,1.0000,109484547,109484547,1.0000,109484547,109484547,,fd790d2
2026-02-19T09:46:10,textattack/bert-base-uncased-QNLI,qnli,validation,5463,128,32,fp32,dense,,,qkv+ffn,flashsvd,0,,,,,,,,qnli:validation,accuracy,0.915431,27.52,1160.8,561.0,561.0,561.0,1.0000,109483778,109483778,1.0000,109483778,109483778,,fd790d2
2026-02-19T09:47:19,textattack/bert-base-uncased-RTE,rte,validation,277,128,32,fp32,dense,,,qkv+ffn,flashsvd,0,,,,,,,,rte:validation,accuracy,0.725632,26.56,1158.6,561.0,561.0,561.0,1.0000,109483778,109483778,1.0000,109483778,109483778,,fd790d2
2026-02-19T09:47:50,textattack/bert-base-uncased-STS-B,stsb,validation,1500,128,32,fp32,dense,,,qkv+ffn,flashsvd,0,,,,,,,,stsb:validation,pearson,0.880462,27.20,1173.5,561.0,561.0,561.0,1.0000,109483009,109483009,1.0000,109483009,109483009,,fd790d2

2026-02-19T11:09:26,textattack/bert-base-uncased-CoLA,cola,validation,1043,128,32,fp32,dense,,,qkv+ffn,flashsvd,0,,,,,,,,cola:validation,matthews_correlation,0.533877,26.53,1191.5,561.0,561.0,561.0,1.0000,109483778,109483778,1.0000,109483778,109483778,,cfba4dd
2026-02-19T11:09:52,textattack/bert-base-uncased-SST-2,sst2,validation,872,128,32,fp32,dense,,,qkv+ffn,flashsvd,0,,,,,,,,sst2:validation,accuracy,0.924312,26.29,1184.8,561.0,561.0,561.0,1.0000,109483778,109483778,1.0000,109483778,109483778,,cfba4dd
2026-02-19T11:10:16,textattack/bert-base-uncased-MRPC,mrpc,validation,408,128,32,fp32,dense,,,qkv+ffn,flashsvd,0,,,,,,,,mrpc:validation,f1,0.913495,26.59,1180.3,561.0,561.0,561.0,1.0000,109483778,109483778,1.0000,109483778,109483778,,cfba4dd
2026-02-19T11:11:50,textattack/bert-base-uncased-QQP,qqp,validation,40430,128,32,fp32,dense,,,qkv+ffn,flashsvd,0,,,,,,,,qqp:validation,f1,0.878181,28.27,1131.2,561.0,561.0,561.0,1.0000,109483778,109483778,1.0000,109483778,109483778,,cfba4dd
2026-02-19T11:13:52,textattack/bert-base-uncased-MNLI,mnli,validation_matched,9815,128,32,fp32,dense,,,qkv+ffn,flashsvd,0,,,,,,,,mnli:validation_matched,accuracy,0.845746,28.28,1130.4,561.0,561.0,561.0,1.0000,109484547,109484547,1.0000,109484547,109484547,,cfba4dd
2026-02-19T11:15:20,textattack/bert-base-uncased-QNLI,qnli,validation,5463,128,32,fp32,dense,,,qkv+ffn,flashsvd,0,,,,,,,,qnli:validation,accuracy,0.915431,27.76,1151.0,561.0,561.0,561.0,1.0000,109483778,109483778,1.0000,109483778,109483778,,cfba4dd
2026-02-19T11:15:57,textattack/bert-base-uncased-RTE,rte,validation,277,128,32,fp32,dense,,,qkv+ffn,flashsvd,0,,,,,,,,rte:validation,accuracy,0.725632,26.77,1149.5,561.0,561.0,561.0,1.0000,109483778,109483778,1.0000,109483778,109483778,,cfba4dd
2026-02-19T11:16:24,textattack/bert-base-uncased-STS-B,stsb,validation,1500,128,32,fp32,dense,,,qkv+ffn,flashsvd,0,,,,,,,,stsb:validation,pearson,0.880462,27.17,1174.5,561.0,561.0,561.0,1.0000,109483009,109483009,1.0000,109483009,109483009,,cfba4dd

2026-02-19T12:01:05,textattack/bert-base-uncased-CoLA,cola,validation,1043,128,32,fp32,dense,,,qkv+ffn,flashsvd,0,,,,,,,,cola:validation,matthews_correlation,0.533877,51.13,618.2,561.0,561.0,561.0,1.0000,109483778,109483778,1.0000,109483778,109483778,,e9350c6
2026-02-19T12:01:34,textattack/bert-base-uncased-SST-2,sst2,validation,872,128,32,fp32,dense,,,qkv+ffn,flashsvd,0,,,,,,,,sst2:validation,accuracy,0.924312,45.32,687.1,561.0,561.0,561.0,1.0000,109483778,109483778,1.0000,109483778,109483778,,e9350c6
2026-02-19T12:02:00,textattack/bert-base-uncased-MRPC,mrpc,validation,408,128,32,fp32,dense,,,qkv+ffn,flashsvd,0,,,,,,,,mrpc:validation,f1,0.913495,26.83,1169.7,561.0,561.0,561.0,1.0000,109483778,109483778,1.0000,109483778,109483778,,e9350c6
2026-02-19T12:03:40,textattack/bert-base-uncased-QQP,qqp,validation,40430,128,32,fp32,dense,,,qkv+ffn,flashsvd,0,,,,,,,,qqp:validation,f1,0.878181,29.41,1087.5,561.0,561.0,561.0,1.0000,109483778,109483778,1.0000,109483778,109483778,,e9350c6
2026-02-19T12:05:08,textattack/bert-base-uncased-MNLI,mnli,validation_matched,9815,128,32,fp32,dense,,,qkv+ffn,flashsvd,0,,,,,,,,mnli:validation_matched,accuracy,0.845746,28.35,1127.7,561.0,561.0,561.0,1.0000,109484547,109484547,1.0000,109484547,109484547,,e9350c6
2026-02-19T12:05:49,textattack/bert-base-uncased-QNLI,qnli,validation,5463,128,32,fp32,dense,,,qkv+ffn,flashsvd,0,,,,,,,,qnli:validation,accuracy,0.915431,28.24,1131.2,561.0,561.0,561.0,1.0000,109483778,109483778,1.0000,109483778,109483778,,e9350c6
2026-02-19T12:06:17,textattack/bert-base-uncased-RTE,rte,validation,277,128,32,fp32,dense,,,qkv+ffn,flashsvd,0,,,,,,,,rte:validation,accuracy,0.725632,27.15,1133.5,561.0,561.0,561.0,1.0000,109483778,109483778,1.0000,109483778,109483778,,e9350c6
2026-02-19T12:06:39,textattack/bert-base-uncased-STS-B,stsb,validation,1500,128,32,fp32,dense,,,qkv+ffn,flashsvd,0,,,,,,,,stsb:validation,pearson,0.880462,27.66,1154.0,561.0,561.0,561.0,1.0000,109483009,109483009,1.0000,109483009,109483009,,e9350c6
2026-02-19T12:07:33,textattack/bert-base-uncased-CoLA,cola,validation,1043,128,32,fp32,svd,256,,qkv+ffn,flashsvd,0,,,,,,,,cola:validation,matthews_correlation,0.045980,22.33,1415.5,456.6,473.1,473.1,0.6059,84934656,51462144,0.6943,109483778,76011266,,e9350c6
2026-02-19T12:08:03,textattack/bert-base-uncased-SST-2,sst2,validation,872,128,32,fp32,svd,256,,qkv+ffn,flashsvd,0,,,,,,,,sst2:validation,accuracy,0.707569,21.88,1423.5,456.6,473.1,473.1,0.6059,84934656,51462144,0.6943,109483778,76011266,,e9350c6
2026-02-19T12:08:37,textattack/bert-base-uncased-MRPC,mrpc,validation,408,128,32,fp32,svd,256,,qkv+ffn,flashsvd,0,,,,,,,,mrpc:validation,f1,0.055172,35.72,878.5,456.6,473.1,473.1,0.6059,84934656,51462144,0.6943,109483778,76011266,,e9350c6
2026-02-19T12:10:07,textattack/bert-base-uncased-QQP,qqp,validation,40430,128,32,fp32,svd,256,,qkv+ffn,flashsvd,0,,,,,,,,qqp:validation,f1,0.571416,23.92,1337.1,456.6,473.1,473.1,0.6059,84934656,51462144,0.6943,109483778,76011266,,e9350c6
2026-02-19T12:11:24,textattack/bert-base-uncased-MNLI,mnli,validation_matched,9815,128,32,fp32,svd,256,,qkv+ffn,flashsvd,0,,,,,,,,mnli:validation_matched,accuracy,0.373714,22.92,1394.7,456.6,473.1,473.1,0.6059,84934656,51462144,0.6943,109484547,76012035,,e9350c6
2026-02-19T12:12:06,textattack/bert-base-uncased-QNLI,qnli,validation,5463,128,32,fp32,svd,256,,qkv+ffn,flashsvd,0,,,,,,,,qnli:validation,accuracy,0.409299,30.46,1048.9,456.6,473.1,473.1,0.6059,84934656,51462144,0.6943,109483778,76011266,,e9350c6
2026-02-19T12:12:37,textattack/bert-base-uncased-RTE,rte,validation,277,128,32,fp32,svd,256,,qkv+ffn,flashsvd,0,,,,,,,,rte:validation,accuracy,0.577617,21.79,1412.2,456.6,473.1,473.1,0.6059,84934656,51462144,0.6943,109483778,76011266,,e9350c6
2026-02-19T12:13:03,textattack/bert-base-uncased-STS-B,stsb,validation,1500,128,32,fp32,svd,256,,qkv+ffn,flashsvd,0,,,,,,,,stsb:validation,pearson,0.639528,22.48,1419.5,456.6,473.0,473.0,0.6059,84934656,51462144,0.6943,109483009,76010497,,e9350c6
2026-02-19T12:14:03,textattack/bert-base-uncased-CoLA,cola,validation,1043,128,32,fp32,fwsvd,256,,qkv+ffn,flashsvd,0,cola,train,512,16,0,128,cola:train,cola:validation,matthews_correlation,0.217811,22.33,1415.1,409.9,2952.0,2952.0,0.6059,84934656,51462144,0.6943,109483778,76011266,,e9350c6
2026-02-19T12:14:34,textattack/bert-base-uncased-SST-2,sst2,validation,872,128,32,fp32,fwsvd,256,,qkv+ffn,flashsvd,0,sst2,train,512,16,0,128,sst2:train,sst2:validation,accuracy,0.849771,22.30,1396.8,409.9,2952.0,2952.0,0.6059,84934656,51462144,0.6943,109483778,76011266,,e9350c6
2026-02-19T12:15:06,textattack/bert-base-uncased-MRPC,mrpc,validation,408,128,32,fp32,fwsvd,256,,qkv+ffn,flashsvd,0,mrpc,train,512,16,0,128,mrpc:train,mrpc:validation,f1,0.795987,22.56,1391.5,409.9,2952.0,2952.0,0.6059,84934656,51462144,0.6943,109483778,76011266,,e9350c6
2026-02-19T12:17:19,textattack/bert-base-uncased-QQP,qqp,validation,40430,128,32,fp32,fwsvd,256,,qkv+ffn,flashsvd,0,qqp,train,512,16,0,128,qqp:train,qqp:validation,f1,0.615698,23.82,1342.7,409.9,2952.0,2952.0,0.6059,84934656,51462144,0.6943,109483778,76011266,,e9350c6
2026-02-19T12:40:32,textattack/bert-base-uncased-SST-2,sst2,validation,872,128,32,fp32,adasvd,,0.5,qkv+ffn,naive,0,sst2,train,512,16,0,128,sst2:train,sst2:validation,accuracy,0.635321,19.48,1598.7,1172.7,3592.6,3592.6,0.5014,84934656,42582528,0.6132,109483778,67131650,,1061f70
2026-02-19T12:43:52,textattack/bert-base-uncased-SST-2,sst2,validation,872,128,32,fp32,adasvd,,0.5,qkv+ffn,naive,0,sst2,train,512,16,0,128,sst2:train,sst2:validation,accuracy,0.635321,19.54,1593.8,1172.7,3592.6,3592.6,0.5014,84934656,42582528,0.6132,109483778,67131650,,1061f70
2026-02-19T13:01:39,eval_encoder/models/sst2/adasvd_b0.5_per_head_naive,sst2,validation,,128,32,fp32,adasvd_finetuned,,0.5,,naive,42,,,,,,,accuracy,0.893349,,,,,,,,,,,,post_compress_finetune epochs=3 lr=2e-05,
2026-02-19T13:34:26,textattack/bert-base-uncased-CoLA,cola,validation,1043,128,32,fp32,dense,,,qkv+ffn,naive,0,,,,,,,,cola:validation,matthews_correlation,0.533877,26.68,1184.6,561.0,561.0,561.0,1.0000,109483778,109483778,1.0000,109483778,109483778,,d335a05
2026-02-19T13:35:40,textattack/bert-base-uncased-CoLA,cola,validation,1043,128,32,fp32,dense,,,qkv+ffn,naive,0,,,,,,,,cola:validation,matthews_correlation,0.533877,26.64,1186.2,561.0,561.0,561.0,1.0000,109483778,109483778,1.0000,109483778,109483778,,d335a05
2026-02-19T13:36:05,textattack/bert-base-uncased-SST-2,sst2,validation,872,128,32,fp32,dense,,,qkv+ffn,naive,0,,,,,,,,sst2:validation,accuracy,0.924312,26.63,1169.5,561.0,561.0,561.0,1.0000,109483778,109483778,1.0000,109483778,109483778,,d335a05

2026-02-19T13:40:57,textattack/bert-base-uncased-CoLA,cola,validation,1043,128,32,fp32,dense,,,qkv+ffn,naive,0,,,,,,,,cola:validation,matthews_correlation,0.533877,26.95,1172.9,561.0,561.0,561.0,1.0000,109483778,109483778,1.0000,109483778,109483778,,cebb9af
2026-02-19T13:41:27,textattack/bert-base-uncased-SST-2,sst2,validation,872,128,32,fp32,dense,,,qkv+ffn,naive,0,,,,,,,,sst2:validation,accuracy,0.924312,37.06,840.4,561.0,561.0,561.0,1.0000,109483778,109483778,1.0000,109483778,109483778,,cebb9af
2026-02-19T13:41:54,textattack/bert-base-uncased-MRPC,mrpc,validation,408,128,32,fp32,dense,,,qkv+ffn,naive,0,,,,,,,,mrpc:validation,f1,0.913495,39.87,787.1,561.0,561.0,561.0,1.0000,109483778,109483778,1.0000,109483778,109483778,,cebb9af
2026-02-19T13:43:36,textattack/bert-base-uncased-QQP,qqp,validation,40430,128,32,fp32,dense,,,qkv+ffn,naive,0,,,,,,,,qqp:validation,f1,0.878181,29.79,1073.8,561.0,561.0,561.0,1.0000,109483778,109483778,1.0000,109483778,109483778,,cebb9af
2026-02-19T13:45:01,textattack/bert-base-uncased-MNLI,mnli,validation_matched,9815,128,32,fp32,dense,,,qkv+ffn,naive,0,,,,,,,,mnli:validation_matched,accuracy,0.845746,33.27,960.9,561.0,561.0,561.0,1.0000,109484547,109484547,1.0000,109484547,109484547,,cebb9af
2026-02-19T13:45:41,textattack/bert-base-uncased-QNLI,qnli,validation,5463,128,32,fp32,dense,,,qkv+ffn,naive,0,,,,,,,,qnli:validation,accuracy,0.915431,28.32,1128.0,561.0,561.0,561.0,1.0000,109483778,109483778,1.0000,109483778,109483778,,cebb9af
2026-02-19T13:46:11,textattack/bert-base-uncased-RTE,rte,validation,277,128,32,fp32,dense,,,qkv+ffn,naive,0,,,,,,,,rte:validation,accuracy,0.725632,46.39,663.5,561.0,561.0,561.0,1.0000,109483778,109483778,1.0000,109483778,109483778,,cebb9af
2026-02-19T13:46:33,textattack/bert-base-uncased-STS-B,stsb,validation,1500,128,32,fp32,dense,,,qkv+ffn,naive,0,,,,,,,,stsb:validation,pearson,0.880462,27.62,1155.3,561.0,561.0,561.0,1.0000,109483009,109483009,1.0000,109483009,109483009,,cebb9af
2026-02-19T13:47:27,textattack/bert-base-uncased-CoLA,cola,validation,1043,128,32,fp32,svd,,,qkv+ffn,naive,0,,,,,,,,cola:validation,matthews_correlation,0.000000,30.68,1030.3,569.0,569.0,569.0,0.4215,84934656,35804160,0.5513,109483778,60353282,,cebb9af
2026-02-19T13:47:54,textattack/bert-base-uncased-SST-2,sst2,validation,872,128,32,fp32,svd,,,qkv+ffn,naive,0,,,,,,,,sst2:validation,accuracy,0.509174,32.29,964.5,569.0,569.0,569.0,0.4215,84934656,35804160,0.5513,109483778,60353282,,cebb9af

2026-02-19T13:49:46,textattack/bert-base-uncased-CoLA,cola,validation,1043,128,32,fp32,dense,,,qkv+ffn,naive,0,,,,,,,,cola:validation,matthews_correlation,0.533877,26.90,1174.9,561.0,561.0,561.0,1.0000,109483778,109483778,1.0000,109483778,109483778,,cebb9af
2026-02-19T13:50:12,textattack/bert-base-uncased-SST-2,sst2,validation,872,128,32,fp32,dense,,,qkv+ffn,naive,0,,,,,,,,sst2:validation,accuracy,0.924312,26.47,1176.4,561.0,561.0,561.0,1.0000,109483778,109483778,1.0000,109483778,109483778,,cebb9af
2026-02-19T13:50:38,textattack/bert-base-uncased-MRPC,mrpc,validation,408,128,32,fp32,dense,,,qkv+ffn,naive,0,,,,,,,,mrpc:validation,f1,0.913495,26.96,1164.0,561.0,561.0,561.0,1.0000,109483778,109483778,1.0000,109483778,109483778,,cebb9af
2026-02-19T13:52:19,textattack/bert-base-uncased-QQP,qqp,validation,40430,128,32,fp32,dense,,,qkv+ffn,naive,0,,,,,,,,qqp:validation,f1,0.878181,30.48,1049.5,561.0,561.0,561.0,1.0000,109483778,109483778,1.0000,109483778,109483778,,cebb9af
2026-02-19T13:53:46,textattack/bert-base-uncased-MNLI,mnli,validation_matched,9815,128,32,fp32,dense,,,qkv+ffn,naive,0,,,,,,,,mnli:validation_matched,accuracy,0.845746,28.24,1132.0,561.0,561.0,561.0,1.0000,109484547,109484547,1.0000,109484547,109484547,,cebb9af
2026-02-19T13:54:30,textattack/bert-base-uncased-QNLI,qnli,validation,5463,128,32,fp32,dense,,,qkv+ffn,naive,0,,,,,,,,qnli:validation,accuracy,0.915431,28.14,1135.4,561.0,561.0,561.0,1.0000,109483778,109483778,1.0000,109483778,109483778,,cebb9af
2026-02-19T13:54:58,textattack/bert-base-uncased-RTE,rte,validation,277,128,32,fp32,dense,,,qkv+ffn,naive,0,,,,,,,,rte:validation,accuracy,0.725632,27.13,1134.4,561.0,561.0,561.0,1.0000,109483778,109483778,1.0000,109483778,109483778,,cebb9af
2026-02-19T13:55:21,textattack/bert-base-uncased-STS-B,stsb,validation,1500,128,32,fp32,dense,,,qkv+ffn,naive,0,,,,,,,,stsb:validation,pearson,0.880462,27.75,1150.0,561.0,561.0,561.0,1.0000,109483009,109483009,1.0000,109483009,109483009,,cebb9af
2026-02-19T13:56:13,textattack/bert-base-uncased-CoLA,cola,validation,1043,128,32,fp32,svd,,,qkv+ffn,naive,0,,,,,,,,cola:validation,matthews_correlation,0.000000,22.84,1383.7,608.0,608.0,608.0,0.4910,84934656,41702400,0.6051,109483778,66251522,,cebb9af
2026-02-19T13:56:40,textattack/bert-base-uncased-SST-2,sst2,validation,872,128,32,fp32,svd,,,qkv+ffn,naive,0,,,,,,,,sst2:validation,accuracy,0.529817,22.80,1366.0,608.0,608.0,608.0,0.4910,84934656,41702400,0.6051,109483778,66251522,,cebb9af
2026-02-19T13:57:05,textattack/bert-base-uncased-MRPC,mrpc,validation,408,128,32,fp32,svd,,,qkv+ffn,naive,0,,,,,,,,mrpc:validation,f1,0.000000,22.36,1403.4,608.0,608.0,608.0,0.4910,84934656,41702400,0.6051,109483778,66251522,,cebb9af
2026-02-19T13:58:34,textattack/bert-base-uncased-QQP,qqp,validation,40430,128,32,fp32,svd,,,qkv+ffn,naive,0,,,,,,,,qqp:validation,f1,0.002415,25.06,1276.6,608.0,608.0,608.0,0.4910,84934656,41702400,0.6051,109483778,66251522,,cebb9af
2026-02-19T14:00:27,textattack/bert-base-uncased-MNLI,mnli,validation_matched,9815,128,32,fp32,svd,,,qkv+ffn,naive,0,,,,,,,,mnli:validation_matched,accuracy,0.346103,23.36,1368.7,608.0,608.0,608.0,0.4910,84934656,41702400,0.6051,109484547,66252291,,cebb9af
2026-02-19T14:01:17,textattack/bert-base-uncased-QNLI,qnli,validation,5463,128,32,fp32,svd,,,qkv+ffn,naive,0,,,,,,,,qnli:validation,accuracy,0.494417,23.35,1368.1,608.0,608.0,608.0,0.4910,84934656,41702400,0.6051,109483778,66251522,,cebb9af
2026-02-19T14:01:51,textattack/bert-base-uncased-RTE,rte,validation,277,128,32,fp32,svd,,,qkv+ffn,naive,0,,,,,,,,rte:validation,accuracy,0.472924,22.30,1380.0,608.0,608.0,608.0,0.4910,84934656,41702400,0.6051,109483778,66251522,,cebb9af
2026-02-19T14:02:15,textattack/bert-base-uncased-STS-B,stsb,validation,1500,128,32,fp32,svd,,,qkv+ffn,naive,0,,,,,,,,stsb:validation,pearson,0.044554,23.22,1374.5,608.0,608.0,608.0,0.4910,84934656,41702400,0.6051,109483009,66250753,,cebb9af
2026-02-19T14:03:09,textattack/bert-base-uncased-CoLA,cola,validation,1043,128,32,fp32,fwsvd,,,qkv+ffn,naive,0,cola,train,512,16,0,128,cola:train,cola:validation,matthews_correlation,-0.034965,21.75,1452.9,558.5,2952.0,2952.0,0.4910,84934656,41702400,0.6051,109483778,66251522,,cebb9af
2026-02-19T14:03:39,textattack/bert-base-uncased-SST-2,sst2,validation,872,128,32,fp32,fwsvd,,,qkv+ffn,naive,0,sst2,train,512,16,0,128,sst2:train,sst2:validation,accuracy,0.631881,21.90,1422.0,558.5,2952.0,2952.0,0.4910,84934656,41702400,0.6051,109483778,66251522,,cebb9af
2026-02-19T14:04:10,textattack/bert-base-uncased-MRPC,mrpc,validation,408,128,32,fp32,fwsvd,,,qkv+ffn,naive,0,mrpc,train,512,16,0,128,mrpc:train,mrpc:validation,f1,0.144262,22.17,1415.8,558.5,2952.0,2952.0,0.4910,84934656,41702400,0.6051,109483778,66251522,,cebb9af
2026-02-19T14:05:42,textattack/bert-base-uncased-QQP,qqp,validation,40430,128,32,fp32,fwsvd,,,qkv+ffn,naive,0,qqp,train,512,16,0,128,qqp:train,qqp:validation,f1,0.163206,23.78,1345.0,558.5,2952.0,2952.0,0.4910,84934656,41702400,0.6051,109483778,66251522,,cebb9af
2026-02-19T14:08:26,textattack/bert-base-uncased-MNLI,mnli,validation_matched,9815,128,32,fp32,fwsvd,,,qkv+ffn,naive,0,mnli,train,512,16,0,128,mnli:train,mnli:validation_matched,accuracy,0.323484,22.58,1416.1,558.5,2952.0,2952.0,0.4910,84934656,41702400,0.6051,109484547,66252291,,cebb9af
2026-02-19T14:09:36,textattack/bert-base-uncased-QNLI,qnli,validation,5463,128,32,fp32,fwsvd,,,qkv+ffn,naive,0,qnli,train,512,16,0,128,qnli:train,qnli:validation,accuracy,0.496431,22.39,1427.2,558.5,2952.0,2952.0,0.4910,84934656,41702400,0.6051,109483778,66251522,,cebb9af
2026-02-19T14:10:13,textattack/bert-base-uncased-RTE,rte,validation,277,128,32,fp32,fwsvd,,,qkv+ffn,naive,0,rte,train,512,16,0,128,rte:train,rte:validation,accuracy,0.505415,21.53,1429.5,558.5,2952.0,2952.0,0.4910,84934656,41702400,0.6051,109483778,66251522,,cebb9af
2026-02-19T14:10:43,textattack/bert-base-uncased-STS-B,stsb,validation,1500,128,32,fp32,fwsvd,,,qkv+ffn,naive,0,stsb,train,512,16,0,128,stsb:train,stsb:validation,pearson,0.325598,32.85,971.6,558.5,2952.0,2952.0,0.4910,84934656,41702400,0.6051,109483009,66250753,,cebb9af
2026-02-19T14:11:38,textattack/bert-base-uncased-CoLA,cola,validation,1043,128,32,fp32,drone,,,qkv+ffn,naive,0,cola,train,512,16,0,128,cola:train,cola:validation,matthews_correlation,0.044198,22.80,1386.3,608.6,1528.7,1528.7,0.4910,84934656,41702400,0.6051,109483778,66251522,,cebb9af
2026-02-19T14:12:08,textattack/bert-base-uncased-SST-2,sst2,validation,872,128,32,fp32,drone,,,qkv+ffn,naive,0,sst2,train,512,16,0,128,sst2:train,sst2:validation,accuracy,0.837156,22.63,1376.5,608.6,1528.7,1528.7,0.4910,84934656,41702400,0.6051,109483778,66251522,,cebb9af
2026-02-19T14:12:35,textattack/bert-base-uncased-MRPC,mrpc,validation,408,128,32,fp32,drone,,,qkv+ffn,naive,0,mrpc,train,512,16,0,128,mrpc:train,mrpc:validation,f1,0.801325,22.35,1404.2,608.6,1528.7,1528.7,0.4910,84934656,41702400,0.6051,109483778,66251522,,cebb9af
2026-02-19T14:14:05,textattack/bert-base-uncased-QQP,qqp,validation,40430,128,32,fp32,drone,,,qkv+ffn,naive,0,qqp,train,512,16,0,128,qqp:train,qqp:validation,f1,0.591046,25.81,1239.2,608.6,1528.7,1528.7,0.4910,84934656,41702400,0.6051,109483778,66251522,,cebb9af
2026-02-19T14:16:00,textattack/bert-base-uncased-MNLI,mnli,validation_matched,9815,128,32,fp32,drone,,,qkv+ffn,naive,0,mnli,train,512,16,0,128,mnli:train,mnli:validation_matched,accuracy,0.546103,23.53,1358.6,608.6,1528.7,1528.7,0.4910,84934656,41702400,0.6051,109484547,66252291,,cebb9af
2026-02-19T14:16:53,textattack/bert-base-uncased-QNLI,qnli,validation,5463,128,32,fp32,drone,,,qkv+ffn,naive,0,qnli,train,512,16,0,128,qnli:train,qnli:validation,accuracy,0.595826,23.17,1378.8,608.6,1528.7,1528.7,0.4910,84934656,41702400,0.6051,109483778,66251522,,cebb9af
2026-02-19T14:17:29,textattack/bert-base-uncased-RTE,rte,validation,277,128,32,fp32,drone,,,qkv+ffn,naive,0,rte,train,512,16,0,128,rte:train,rte:validation,accuracy,0.592058,22.50,1367.9,608.6,1528.7,1528.7,0.4910,84934656,41702400,0.6051,109483778,66251522,,cebb9af
2026-02-19T14:17:58,textattack/bert-base-uncased-STS-B,stsb,validation,1500,128,32,fp32,drone,,,qkv+ffn,naive,0,stsb,train,512,16,0,128,stsb:train,stsb:validation,pearson,0.416467,22.80,1399.9,608.6,1528.7,1528.7,0.4910,84934656,41702400,0.6051,109483009,66250753,,cebb9af
2026-02-19T14:21:16,textattack/bert-base-uncased-CoLA,cola,validation,1043,128,32,fp32,adasvd,,0.5,qkv+ffn,naive,0,cola,train,512,16,0,128,cola:train,cola:validation,matthews_correlation,-0.005840,19.44,1625.9,1173.1,3592.6,3592.6,0.5012,84934656,42570240,0.6131,109483778,67119362,,cebb9af
2026-02-19T14:24:12,textattack/bert-base-uncased-SST-2,sst2,validation,872,128,32,fp32,adasvd,,0.5,qkv+ffn,naive,0,sst2,train,512,16,0,128,sst2:train,sst2:validation,accuracy,0.635321,19.44,1601.9,1172.7,3592.6,3592.6,0.5014,84934656,42582528,0.6132,109483778,67131650,,cebb9af
2026-02-19T14:27:06,textattack/bert-base-uncased-MRPC,mrpc,validation,408,128,32,fp32,adasvd,,0.5,qkv+ffn,naive,0,mrpc,train,512,16,0,128,mrpc:train,mrpc:validation,f1,0.117647,19.50,1609.7,1173.0,3592.6,3592.6,0.5002,84934656,42488064,0.6123,109483778,67037186,,cebb9af
2026-02-19T14:30:57,textattack/bert-base-uncased-QQP,qqp,validation,40430,128,32,fp32,adasvd,,0.5,qkv+ffn,naive,0,qqp,train,512,16,0,128,qqp:train,qqp:validation,f1,0.561893,20.61,1552.2,1172.3,3592.6,3592.6,0.5000,84934656,42467328,0.6121,109483778,67016450,,cebb9af
2026-02-19T14:34:38,textattack/bert-base-uncased-MNLI,mnli,validation_matched,9815,128,32,fp32,adasvd,,0.5,qkv+ffn,naive,0,mnli,train,512,16,0,128,mnli:train,mnli:validation_matched,accuracy,0.328171,19.88,1608.1,1172.9,3592.6,3592.6,0.4998,84934656,42448896,0.6119,109484547,66998787,,cebb9af
2026-02-19T14:37:50,textattack/bert-base-uncased-QNLI,qnli,validation,5463,128,32,fp32,adasvd,,0.5,qkv+ffn,naive,0,qnli,train,512,16,0,128,qnli:train,qnli:validation,accuracy,0.470071,19.79,1614.1,1172.7,3592.6,3592.6,0.5003,84934656,42494976,0.6124,109483778,67044098,,cebb9af
2026-02-19T14:40:49,textattack/bert-base-uncased-RTE,rte,validation,277,128,32,fp32,adasvd,,0.5,qkv+ffn,naive,0,rte,train,512,16,0,128,rte:train,rte:validation,accuracy,0.555957,19.28,1596.1,1172.5,3592.6,3592.6,0.4993,84934656,42412032,0.6116,109483778,66961154,,cebb9af
2026-02-19T14:43:51,textattack/bert-base-uncased-STS-B,stsb,validation,1500,128,32,fp32,adasvd,,0.5,qkv+ffn,naive,0,stsb,train,512,16,0,128,stsb:train,stsb:validation,pearson,0.437619,19.66,1623.2,1168.0,3592.6,3592.6,0.4999,84934656,42455040,0.6120,109483009,67003393,,cebb9af
2026-02-19T14:46:06,eval_encoder/models/cola/dense_naive,cola,validation,,128,32,fp32,dense_finetuned,ra32_rf320_rw32,,,naive,42,,,,,,,matthews_correlation,0.559874,,,,,,,,,,,,post_compress_finetune epochs=3 lr=2e-05,
2026-02-19T14:56:57,eval_encoder/models/sst2/dense_naive,sst2,validation,,128,32,fp32,dense_finetuned,ra32_rf320_rw32,,,naive,42,,,,,,,accuracy,0.927752,,,,,,,,,,,,post_compress_finetune epochs=3 lr=2e-05,
2026-02-19T14:57:44,eval_encoder/models/mrpc/dense_naive,mrpc,validation,,128,32,fp32,dense_finetuned,ra32_rf320_rw32,,,naive,42,,,,,,,f1,0.913495,,,,,,,,,,,,post_compress_finetune epochs=3 lr=2e-05,

2026-02-19T15:11:14,textattack/bert-base-uncased-CoLA,cola,validation,1043,128,32,fp32,dense,,,qkv+ffn,naive,0,,,,,,,,cola:validation,matthews_correlation,0.533877,26.94,1173.4,561.0,561.0,561.0,1.0000,109483778,109483778,1.0000,109483778,109483778,,cebb9af
2026-02-19T15:11:44,textattack/bert-base-uncased-SST-2,sst2,validation,872,128,32,fp32,dense,,,qkv+ffn,naive,0,,,,,,,,sst2:validation,accuracy,0.924312,26.63,1169.2,561.0,561.0,561.0,1.0000,109483778,109483778,1.0000,109483778,109483778,,cebb9af
2026-02-19T15:12:10,textattack/bert-base-uncased-MRPC,mrpc,validation,408,128,32,fp32,dense,,,qkv+ffn,naive,0,,,,,,,,mrpc:validation,f1,0.913495,51.16,613.4,561.0,561.0,561.0,1.0000,109483778,109483778,1.0000,109483778,109483778,,cebb9af
2026-02-19T15:13:51,textattack/bert-base-uncased-QQP,qqp,validation,40430,128,32,fp32,dense,,,qkv+ffn,naive,0,,,,,,,,qqp:validation,f1,0.878181,30.11,1062.4,561.0,561.0,561.0,1.0000,109483778,109483778,1.0000,109483778,109483778,,cebb9af
2026-02-19T15:15:27,textattack/bert-base-uncased-MNLI,mnli,validation_matched,9815,128,32,fp32,dense,,,qkv+ffn,naive,0,,,,,,,,mnli:validation_matched,accuracy,0.845746,28.15,1135.8,561.0,561.0,561.0,1.0000,109484547,109484547,1.0000,109484547,109484547,,cebb9af
2026-02-19T15:16:17,textattack/bert-base-uncased-QNLI,qnli,validation,5463,128,32,fp32,dense,,,qkv+ffn,naive,0,,,,,,,,qnli:validation,accuracy,0.915431,28.03,1139.8,561.0,561.0,561.0,1.0000,109483778,109483778,1.0000,109483778,109483778,,cebb9af
2026-02-19T15:16:51,textattack/bert-base-uncased-RTE,rte,validation,277,128,32,fp32,dense,,,qkv+ffn,naive,0,,,,,,,,rte:validation,accuracy,0.725632,31.57,974.9,561.0,561.0,561.0,1.0000,109483778,109483778,1.0000,109483778,109483778,,cebb9af
2026-02-19T15:17:27,textattack/bert-base-uncased-STS-B,stsb,validation,1500,128,32,fp32,dense,,,qkv+ffn,naive,0,,,,,,,,stsb:validation,pearson,0.880462,27.35,1167.1,561.0,561.0,561.0,1.0000,109483009,109483009,1.0000,109483009,109483009,,cebb9af
2026-02-19T15:18:34,textattack/bert-base-uncased-CoLA,cola,validation,1043,128,32,fp32,svd,,,qkv+ffn,naive,0,,,,,,,,cola:validation,matthews_correlation,0.000000,22.71,1391.8,608.0,608.0,608.0,0.4910,84934656,41702400,0.6051,109483778,66251522,,cebb9af
2026-02-19T15:19:22,textattack/bert-base-uncased-SST-2,sst2,validation,872,128,32,fp32,svd,,,qkv+ffn,naive,0,,,,,,,,sst2:validation,accuracy,0.529817,22.71,1371.5,608.0,608.0,608.0,0.4910,84934656,41702400,0.6051,109483778,66251522,,cebb9af
2026-02-19T15:20:02,textattack/bert-base-uncased-MRPC,mrpc,validation,408,128,32,fp32,svd,,,qkv+ffn,naive,0,,,,,,,,mrpc:validation,f1,0.000000,22.72,1381.2,608.0,608.0,608.0,0.4910,84934656,41702400,0.6051,109483778,66251522,,cebb9af
2026-02-19T15:21:40,textattack/bert-base-uncased-QQP,qqp,validation,40430,128,32,fp32,svd,,,qkv+ffn,naive,0,,,,,,,,qqp:validation,f1,0.002415,24.22,1320.4,608.0,608.0,608.0,0.4910,84934656,41702400,0.6051,109483778,66251522,,cebb9af

2026-02-19T15:23:26,textattack/bert-base-uncased-CoLA,cola,validation,1043,128,32,fp32,dense,,,qkv+ffn,naive,0,,,,,,,,cola:validation,matthews_correlation,0.533877,27.07,1167.4,561.0,561.0,561.0,1.0000,109483778,109483778,1.0000,109483778,109483778,,0d62c6c
2026-02-19T15:23:53,textattack/bert-base-uncased-SST-2,sst2,validation,872,128,32,fp32,dense,,,qkv+ffn,naive,0,,,,,,,,sst2:validation,accuracy,0.924312,26.82,1161.0,561.0,561.0,561.0,1.0000,109483778,109483778,1.0000,109483778,109483778,,0d62c6c
2026-02-19T15:24:15,textattack/bert-base-uncased-MRPC,mrpc,validation,408,128,32,fp32,dense,,,qkv+ffn,naive,0,,,,,,,,mrpc:validation,f1,0.913495,27.69,1133.5,561.0,561.0,561.0,1.0000,109483778,109483778,1.0000,109483778,109483778,,0d62c6c
2026-02-19T15:25:55,textattack/bert-base-uncased-QQP,qqp,validation,40430,128,32,fp32,dense,,,qkv+ffn,naive,0,,,,,,,,qqp:validation,f1,0.878181,29.38,1088.7,561.0,561.0,561.0,1.0000,109483778,109483778,1.0000,109483778,109483778,,0d62c6c
2026-02-19T15:27:19,textattack/bert-base-uncased-MNLI,mnli,validation_matched,9815,128,32,fp32,dense,,,qkv+ffn,naive,0,,,,,,,,mnli:validation_matched,accuracy,0.845746,32.82,974.2,561.0,561.0,561.0,1.0000,109484547,109484547,1.0000,109484547,109484547,,0d62c6c
2026-02-19T15:27:58,textattack/bert-base-uncased-QNLI,qnli,validation,5463,128,32,fp32,dense,,,qkv+ffn,naive,0,,,,,,,,qnli:validation,accuracy,0.915431,28.22,1131.9,561.0,561.0,561.0,1.0000,109483778,109483778,1.0000,109483778,109483778,,0d62c6c
2026-02-19T15:28:27,textattack/bert-base-uncased-RTE,rte,validation,277,128,32,fp32,dense,,,qkv+ffn,naive,0,,,,,,,,rte:validation,accuracy,0.725632,46.20,666.2,561.0,561.0,561.0,1.0000,109483778,109483778,1.0000,109483778,109483778,,0d62c6c
2026-02-19T15:28:55,textattack/bert-base-uncased-STS-B,stsb,validation,1500,128,32,fp32,dense,,,qkv+ffn,naive,0,,,,,,,,stsb:validation,pearson,0.880462,42.19,756.4,561.0,561.0,561.0,1.0000,109483009,109483009,1.0000,109483009,109483009,,0d62c6c
2026-02-19T15:29:57,textattack/bert-base-uncased-CoLA,cola,validation,1043,128,32,fp32,svd,,,qkv+ffn,naive,0,,,,,,,,cola:validation,matthews_correlation,0.000000,22.63,1396.7,608.0,608.0,608.0,0.4910,84934656,41702400,0.6051,109483778,66251522,,0d62c6c
2026-02-19T15:30:27,textattack/bert-base-uncased-SST-2,sst2,validation,872,128,32,fp32,svd,,,qkv+ffn,naive,0,,,,,,,,sst2:validation,accuracy,0.529817,22.96,1356.3,608.0,608.0,608.0,0.4910,84934656,41702400,0.6051,109483778,66251522,,0d62c6c
2026-02-19T15:30:56,textattack/bert-base-uncased-MRPC,mrpc,validation,408,128,32,fp32,svd,,,qkv+ffn,naive,0,,,,,,,,mrpc:validation,f1,0.000000,22.79,1377.1,608.0,608.0,608.0,0.4910,84934656,41702400,0.6051,109483778,66251522,,0d62c6c

2026-02-19T15:38:35,textattack/bert-base-uncased-CoLA,cola,validation,1043,128,32,fp32,dense,,,qkv+ffn,naive,0,,,,,,,,cola:validation,matthews_correlation,0.533877,26.60,1188.2,561.0,561.0,561.0,1.0000,109483778,109483778,1.0000,109483778,109483778,,f0e4eaf
2026-02-19T15:39:04,textattack/bert-base-uncased-SST-2,sst2,validation,872,128,32,fp32,dense,,,qkv+ffn,naive,0,,,,,,,,sst2:validation,accuracy,0.924312,26.54,1173.3,561.0,561.0,561.0,1.0000,109483778,109483778,1.0000,109483778,109483778,,f0e4eaf
2026-02-19T15:39:28,textattack/bert-base-uncased-MRPC,mrpc,validation,408,128,32,fp32,dense,,,qkv+ffn,naive,0,,,,,,,,mrpc:validation,f1,0.913495,27.29,1149.9,561.0,561.0,561.0,1.0000,109483778,109483778,1.0000,109483778,109483778,,f0e4eaf
2026-02-19T15:41:10,textattack/bert-base-uncased-QQP,qqp,validation,40430,128,32,fp32,dense,,,qkv+ffn,naive,0,,,,,,,,qqp:validation,f1,0.878181,30.54,1047.3,561.0,561.0,561.0,1.0000,109483778,109483778,1.0000,109483778,109483778,,f0e4eaf
2026-02-19T15:42:35,textattack/bert-base-uncased-MNLI,mnli,validation_matched,9815,128,32,fp32,dense,,,qkv+ffn,naive,0,,,,,,,,mnli:validation_matched,accuracy,0.845746,32.84,973.6,561.0,561.0,561.0,1.0000,109484547,109484547,1.0000,109484547,109484547,,f0e4eaf
2026-02-19T15:43:16,textattack/bert-base-uncased-QNLI,qnli,validation,5463,128,32,fp32,dense,,,qkv+ffn,naive,0,,,,,,,,qnli:validation,accuracy,0.915431,28.20,1133.0,561.0,561.0,561.0,1.0000,109483778,109483778,1.0000,109483778,109483778,,f0e4eaf
2026-02-19T15:43:45,textattack/bert-base-uncased-RTE,rte,validation,277,128,32,fp32,dense,,,qkv+ffn,naive,0,,,,,,,,rte:validation,accuracy,0.725632,29.35,1048.8,561.0,561.0,561.0,1.0000,109483778,109483778,1.0000,109483778,109483778,,f0e4eaf
2026-02-19T15:44:08,textattack/bert-base-uncased-STS-B,stsb,validation,1500,128,32,fp32,dense,,,qkv+ffn,naive,0,,,,,,,,stsb:validation,pearson,0.880462,27.69,1152.5,561.0,561.0,561.0,1.0000,109483009,109483009,1.0000,109483009,109483009,,f0e4eaf
2026-02-19T15:45:04,textattack/bert-base-uncased-CoLA,cola,validation,1043,128,32,fp32,svd,,,qkv+ffn,naive,0,,,,,,,,cola:validation,matthews_correlation,0.000000,36.73,860.5,608.0,608.0,608.0,0.4910,84934656,41702400,0.6051,109483778,66251522,,f0e4eaf
2026-02-19T15:45:15,textattack/bert-base-uncased-CoLA,cola,validation,1043,128,32,fp32,svd,,,qkv+ffn,flashsvd,0,,,,,,,,0.000000,24.52,1305.2,368.2,368.2,368.2,608.0,608.0,0.4910,84934656,41702400,0.6051,109483778,66251522
2026-02-19T15:45:34,textattack/bert-base-uncased-SST-2,sst2,validation,872,128,32,fp32,svd,,,qkv+ffn,naive,0,,,,,,,,sst2:validation,accuracy,0.529817,22.85,1362.7,608.0,608.0,608.0,0.4910,84934656,41702400,0.6051,109483778,66251522,,f0e4eaf
2026-02-19T15:45:44,textattack/bert-base-uncased-SST-2,sst2,validation,872,128,32,fp32,svd,,,qkv+ffn,flashsvd,0,,,,,,,,0.527523,24.05,1330.7,368.7,368.7,368.7,608.0,608.0,0.4910,84934656,41702400,0.6051,109483778,66251522
2026-02-19T15:46:07,textattack/bert-base-uncased-MRPC,mrpc,validation,408,128,32,fp32,svd,,,qkv+ffn,naive,0,,,,,,,,mrpc:validation,f1,0.000000,22.90,1370.7,608.0,608.0,608.0,0.4910,84934656,41702400,0.6051,109483778,66251522,,f0e4eaf
2026-02-19T15:46:16,textattack/bert-base-uncased-MRPC,mrpc,validation,408,128,32,fp32,svd,,,qkv+ffn,flashsvd,0,,,,,,,,0.000000,24.51,1305.5,368.7,368.7,368.7,608.0,608.0,0.4910,84934656,41702400,0.6051,109483778,66251522
2026-02-19T15:47:40,textattack/bert-base-uncased-QQP,qqp,validation,40430,128,32,fp32,svd,,,qkv+ffn,naive,0,,,,,,,,qqp:validation,f1,0.002415,24.95,1282.0,608.0,608.0,608.0,0.4910,84934656,41702400,0.6051,109483778,66251522,,f0e4eaf
2026-02-19T15:49:00,textattack/bert-base-uncased-QQP,qqp,validation,40430,128,32,fp32,svd,,,qkv+ffn,flashsvd,0,,,,,,,,0.002147,25.58,1251.1,368.7,368.7,368.7,608.0,608.0,0.4910,84934656,41702400,0.6051,109483778,66251522
2026-02-19T15:49:41,textattack/bert-base-uncased-MNLI,mnli,validation_matched,9815,128,32,fp32,svd,,,qkv+ffn,naive,0,,,,,,,,mnli:validation_matched,accuracy,0.346103,23.44,1363.7,608.0,608.0,608.0,0.4910,84934656,41702400,0.6051,109484547,66252291,,f0e4eaf
2026-02-19T15:50:06,textattack/bert-base-uncased-MNLI,mnli,validation_matched,9815,128,32,fp32,svd,,,qkv+ffn,flashsvd,0,,,,,,,,0.346510,25.23,1268.5,368.7,368.7,368.7,608.0,608.0,0.4910,84934656,41702400,0.6051,109484547,66252291
2026-02-19T15:50:41,textattack/bert-base-uncased-QNLI,qnli,validation,5463,128,32,fp32,svd,,,qkv+ffn,naive,0,,,,,,,,qnli:validation,accuracy,0.494417,31.01,1030.2,608.0,608.0,608.0,0.4910,84934656,41702400,0.6051,109483778,66251522,,f0e4eaf
2026-02-19T15:50:58,textattack/bert-base-uncased-QNLI,qnli,validation,5463,128,32,fp32,svd,,,qkv+ffn,flashsvd,0,,,,,,,,0.494417,24.77,1291.8,368.7,368.7,368.7,608.0,608.0,0.4910,84934656,41702400,0.6051,109483778,66251522
2026-02-19T15:51:19,textattack/bert-base-uncased-RTE,rte,validation,277,128,32,fp32,svd,,,qkv+ffn,naive,0,,,,,,,,rte:validation,accuracy,0.472924,22.73,1354.3,608.0,608.0,608.0,0.4910,84934656,41702400,0.6051,109483778,66251522,,f0e4eaf
2026-02-19T15:51:28,textattack/bert-base-uncased-RTE,rte,validation,277,128,32,fp32,svd,,,qkv+ffn,flashsvd,0,,,,,,,,0.472924,24.55,1303.4,368.7,368.7,368.7,608.0,608.0,0.4910,84934656,41702400,0.6051,109483778,66251522
2026-02-19T15:51:51,textattack/bert-base-uncased-STS-B,stsb,validation,1500,128,32,fp32,svd,,,qkv+ffn,naive,0,,,,,,,,stsb:validation,pearson,0.044554,22.86,1395.8,608.0,608.0,608.0,0.4910,84934656,41702400,0.6051,109483009,66250753,,f0e4eaf
2026-02-19T15:52:03,textattack/bert-base-uncased-STS-B,stsb,validation,1500,128,32,fp32,svd,,,qkv+ffn,flashsvd,0,,,,,,,,0.044408,24.89,1285.5,368.7,368.7,368.7,608.0,608.0,0.4910,84934656,41702400,0.6051,109483009,66250753
2026-02-19T15:52:54,textattack/bert-base-uncased-CoLA,cola,validation,1043,128,32,fp32,fwsvd,,,qkv+ffn,naive,0,cola,train,512,16,0,128,cola:train,cola:validation,matthews_correlation,-0.034965,22.10,1430.0,558.5,2952.0,2952.0,0.4910,84934656,41702400,0.6051,109483778,66251522,,f0e4eaf
2026-02-19T15:53:06,textattack/bert-base-uncased-CoLA,cola,validation,1043,128,32,fp32,fwsvd,,,qkv+ffn,flashsvd,0,cola,train,512,16,0,128,cola:train,-0.029513,24.86,1287.5,368.2,368.2,368.2,2952.0,2952.0,0.4910,84934656,41702400,0.6051,109483778,66251522
2026-02-19T15:53:28,textattack/bert-base-uncased-SST-2,sst2,validation,872,128,32,fp32,fwsvd,,,qkv+ffn,naive,0,sst2,train,512,16,0,128,sst2:train,sst2:validation,accuracy,0.631881,22.05,1412.4,558.5,2952.0,2952.0,0.4910,84934656,41702400,0.6051,109483778,66251522,,f0e4eaf
2026-02-19T15:53:39,textattack/bert-base-uncased-SST-2,sst2,validation,872,128,32,fp32,fwsvd,,,qkv+ffn,flashsvd,0,sst2,train,512,16,0,128,sst2:train,0.633028,35.69,896.5,368.7,368.7,368.7,2952.0,2952.0,0.4910,84934656,41702400,0.6051,109483778,66251522
2026-02-19T15:54:02,textattack/bert-base-uncased-MRPC,mrpc,validation,408,128,32,fp32,fwsvd,,,qkv+ffn,naive,0,mrpc,train,512,16,0,128,mrpc:train,mrpc:validation,f1,0.144262,21.83,1437.5,558.5,2952.0,2952.0,0.4910,84934656,41702400,0.6051,109483778,66251522,,f0e4eaf
2026-02-19T15:54:10,textattack/bert-base-uncased-MRPC,mrpc,validation,408,128,32,fp32,fwsvd,,,qkv+ffn,flashsvd,0,mrpc,train,512,16,0,128,mrpc:train,0.132013,24.39,1311.9,368.7,368.7,368.7,2952.0,2952.0,0.4910,84934656,41702400,0.6051,109483778,66251522
2026-02-19T15:55:31,textattack/bert-base-uncased-QQP,qqp,validation,40430,128,32,fp32,fwsvd,,,qkv+ffn,naive,0,qqp,train,512,16,0,128,qqp:train,qqp:validation,f1,0.163206,22.68,1410.5,558.5,2952.0,2952.0,0.4910,84934656,41702400,0.6051,109483778,66251522,,f0e4eaf
2026-02-19T15:56:50,textattack/bert-base-uncased-QQP,qqp,validation,40430,128,32,fp32,fwsvd,,,qkv+ffn,flashsvd,0,qqp,train,512,16,0,128,qqp:train,0.159836,25.15,1272.3,368.7,368.7,368.7,2952.0,2952.0,0.4910,84934656,41702400,0.6051,109483778,66251522
2026-02-19T15:57:35,textattack/bert-base-uncased-MNLI,mnli,validation_matched,9815,128,32,fp32,fwsvd,,,qkv+ffn,naive,0,mnli,train,512,16,0,128,mnli:train,mnli:validation_matched,accuracy,0.323484,22.73,1406.3,558.5,2952.0,2952.0,0.4910,84934656,41702400,0.6051,109484547,66252291,,f0e4eaf
2026-02-19T15:58:01,textattack/bert-base-uncased-MNLI,mnli,validation_matched,9815,128,32,fp32,fwsvd,,,qkv+ffn,flashsvd,0,mnli,train,512,16,0,128,mnli:train,0.323383,25.07,1276.4,368.7,368.7,368.7,2952.0,2952.0,0.4910,84934656,41702400,0.6051,109484547,66252291
2026-02-19T15:58:36,textattack/bert-base-uncased-QNLI,qnli,validation,5463,128,32,fp32,fwsvd,,,qkv+ffn,naive,0,qnli,train,512,16,0,128,qnli:train,qnli:validation,accuracy,0.496431,22.70,1407.4,558.5,2952.0,2952.0,0.4910,84934656,41702400,0.6051,109483778,66251522,,f0e4eaf
2026-02-19T15:58:54,textattack/bert-base-uncased-QNLI,qnli,validation,5463,128,32,fp32,fwsvd,,,qkv+ffn,flashsvd,0,qnli,train,512,16,0,128,qnli:train,0.496064,24.94,1283.1,368.7,368.7,368.7,2952.0,2952.0,0.4910,84934656,41702400,0.6051,109483778,66251522
2026-02-19T15:59:18,textattack/bert-base-uncased-RTE,rte,validation,277,128,32,fp32,fwsvd,,,qkv+ffn,naive,0,rte,train,512,16,0,128,rte:train,rte:validation,accuracy,0.505415,22.34,1377.6,558.5,2952.0,2952.0,0.4910,84934656,41702400,0.6051,109483778,66251522,,f0e4eaf
2026-02-19T15:59:27,textattack/bert-base-uncased-RTE,rte,validation,277,128,32,fp32,fwsvd,,,qkv+ffn,flashsvd,0,rte,train,512,16,0,128,rte:train,0.509025,24.34,1314.6,368.7,368.7,368.7,2952.0,2952.0,0.4910,84934656,41702400,0.6051,109483778,66251522
2026-02-19T15:59:52,textattack/bert-base-uncased-STS-B,stsb,validation,1500,128,32,fp32,fwsvd,,,qkv+ffn,naive,0,stsb,train,512,16,0,128,stsb:train,stsb:validation,pearson,0.325598,22.21,1437.1,558.5,2952.0,2952.0,0.4910,84934656,41702400,0.6051,109483009,66250753,,f0e4eaf
2026-02-19T16:00:04,textattack/bert-base-uncased-STS-B,stsb,validation,1500,128,32,fp32,fwsvd,,,qkv+ffn,flashsvd,0,stsb,train,512,16,0,128,stsb:train,0.325264,34.96,915.4,368.7,368.7,368.7,2952.0,2952.0,0.4910,84934656,41702400,0.6051,109483009,66250753
2026-02-19T16:01:02,textattack/bert-base-uncased-CoLA,cola,validation,1043,128,32,fp32,drone,,,qkv+ffn,naive,0,cola,train,512,16,0,128,cola:train,cola:validation,matthews_correlation,0.044198,22.29,1418.2,608.6,1528.7,1528.7,0.4910,84934656,41702400,0.6051,109483778,66251522,,f0e4eaf
2026-02-19T16:01:14,textattack/bert-base-uncased-CoLA,cola,validation,1043,128,32,fp32,drone,,,qkv+ffn,flashsvd,0,cola,train,512,16,0,128,cola:train,0.044198,24.55,1303.7,368.2,368.2,368.2,1528.7,1528.7,0.4910,84934656,41702400,0.6051,109483778,66251522
2026-02-19T16:01:35,textattack/bert-base-uncased-SST-2,sst2,validation,872,128,32,fp32,drone,,,qkv+ffn,naive,0,sst2,train,512,16,0,128,sst2:train,sst2:validation,accuracy,0.837156,22.70,1371.9,608.6,1528.7,1528.7,0.4910,84934656,41702400,0.6051,109483778,66251522,,f0e4eaf
2026-02-19T16:01:45,textattack/bert-base-uncased-SST-2,sst2,validation,872,128,32,fp32,drone,,,qkv+ffn,flashsvd,0,sst2,train,512,16,0,128,sst2:train,0.834862,24.58,1301.7,368.7,368.7,368.7,1528.7,1528.7,0.4910,84934656,41702400,0.6051,109483778,66251522
2026-02-19T16:02:07,textattack/bert-base-uncased-MRPC,mrpc,validation,408,128,32,fp32,drone,,,qkv+ffn,naive,0,mrpc,train,512,16,0,128,mrpc:train,mrpc:validation,f1,0.801325,22.34,1404.6,608.6,1528.7,1528.7,0.4910,84934656,41702400,0.6051,109483778,66251522,,f0e4eaf
2026-02-19T16:02:16,textattack/bert-base-uncased-MRPC,mrpc,validation,408,128,32,fp32,drone,,,qkv+ffn,flashsvd,0,mrpc,train,512,16,0,128,mrpc:train,0.801325,24.62,1299.8,368.7,368.7,368.7,1528.7,1528.7,0.4910,84934656,41702400,0.6051,109483778,66251522
2026-02-19T16:03:45,textattack/bert-base-uncased-QQP,qqp,validation,40430,128,32,fp32,drone,,,qkv+ffn,naive,0,qqp,train,512,16,0,128,qqp:train,qqp:validation,f1,0.591046,24.40,1310.9,608.6,1528.7,1528.7,0.4910,84934656,41702400,0.6051,109483778,66251522,,f0e4eaf
2026-02-19T16:05:02,textattack/bert-base-uncased-QQP,qqp,validation,40430,128,32,fp32,drone,,,qkv+ffn,flashsvd,0,qqp,train,512,16,0,128,qqp:train,0.590241,25.25,1267.2,368.7,368.7,368.7,1528.7,1528.7,0.4910,84934656,41702400,0.6051,109483778,66251522
2026-02-19T16:05:47,textattack/bert-base-uncased-MNLI,mnli,validation_matched,9815,128,32,fp32,drone,,,qkv+ffn,naive,0,mnli,train,512,16,0,128,mnli:train,mnli:validation_matched,accuracy,0.546103,23.43,1364.2,608.6,1528.7,1528.7,0.4910,84934656,41702400,0.6051,109484547,66252291,,f0e4eaf
2026-02-19T16:06:14,textattack/bert-base-uncased-MNLI,mnli,validation_matched,9815,128,32,fp32,drone,,,qkv+ffn,flashsvd,0,mnli,train,512,16,0,128,mnli:train,0.545492,25.32,1264.1,368.7,368.7,368.7,1528.7,1528.7,0.4910,84934656,41702400,0.6051,109484547,66252291
2026-02-19T16:06:50,textattack/bert-base-uncased-QNLI,qnli,validation,5463,128,32,fp32,drone,,,qkv+ffn,naive,0,qnli,train,512,16,0,128,qnli:train,qnli:validation,accuracy,0.595826,23.87,1338.6,608.6,1528.7,1528.7,0.4910,84934656,41702400,0.6051,109483778,66251522,,f0e4eaf
2026-02-19T16:07:10,textattack/bert-base-uncased-QNLI,qnli,validation,5463,128,32,fp32,drone,,,qkv+ffn,flashsvd,0,qnli,train,512,16,0,128,qnli:train,0.595460,25.57,1251.5,368.7,368.7,368.7,1528.7,1528.7,0.4910,84934656,41702400,0.6051,109483778,66251522
2026-02-19T16:07:34,textattack/bert-base-uncased-RTE,rte,validation,277,128,32,fp32,drone,,,qkv+ffn,naive,0,rte,train,512,16,0,128,rte:train,rte:validation,accuracy,0.592058,22.90,1343.9,608.6,1528.7,1528.7,0.4910,84934656,41702400,0.6051,109483778,66251522,,f0e4eaf
2026-02-19T16:07:43,textattack/bert-base-uncased-RTE,rte,validation,277,128,32,fp32,drone,,,qkv+ffn,flashsvd,0,rte,train,512,16,0,128,rte:train,0.592058,24.49,1306.5,368.7,368.7,368.7,1528.7,1528.7,0.4910,84934656,41702400,0.6051,109483778,66251522
2026-02-19T16:08:10,textattack/bert-base-uncased-STS-B,stsb,validation,1500,128,32,fp32,drone,,,qkv+ffn,naive,0,stsb,train,512,16,0,128,stsb:train,stsb:validation,pearson,0.416467,23.00,1387.4,608.6,1528.7,1528.7,0.4910,84934656,41702400,0.6051,109483009,66250753,,f0e4eaf
2026-02-19T16:08:21,textattack/bert-base-uncased-STS-B,stsb,validation,1500,128,32,fp32,drone,,,qkv+ffn,flashsvd,0,stsb,train,512,16,0,128,stsb:train,0.416464,25.11,1274.5,368.7,368.7,368.7,1528.7,1528.7,0.4910,84934656,41702400,0.6051,109483009,66250753
2026-02-19T16:11:51,textattack/bert-base-uncased-CoLA,cola,validation,1043,128,32,fp32,adasvd,,0.5,qkv+ffn,naive,0,cola,train,512,16,0,128,cola:train,cola:validation,matthews_correlation,-0.005840,19.43,1627.0,1173.1,3592.6,3592.6,0.5012,84934656,42570240,0.6131,109483778,67119362,,f0e4eaf
2026-02-19T16:14:54,textattack/bert-base-uncased-SST-2,sst2,validation,872,128,32,fp32,adasvd,,0.5,qkv+ffn,naive,0,sst2,train,512,16,0,128,sst2:train,sst2:validation,accuracy,0.635321,19.65,1584.8,1172.7,3592.6,3592.6,0.5014,84934656,42582528,0.6132,109483778,67131650,,f0e4eaf
2026-02-19T16:17:52,textattack/bert-base-uncased-MRPC,mrpc,validation,408,128,32,fp32,adasvd,,0.5,qkv+ffn,naive,0,mrpc,train,512,16,0,128,mrpc:train,mrpc:validation,f1,0.117647,19.44,1614.5,1173.0,3592.6,3592.6,0.5002,84934656,42488064,0.6123,109483778,67037186,,88b061b
2026-02-19T16:22:02,textattack/bert-base-uncased-QQP,qqp,validation,40430,128,32,fp32,adasvd,,0.5,qkv+ffn,naive,0,qqp,train,512,16,0,128,qqp:train,qqp:validation,f1,0.561893,21.04,1520.0,1172.3,3592.6,3592.6,0.5000,84934656,42467328,0.6121,109483778,67016450,,88b061b
2026-02-19T16:25:43,textattack/bert-base-uncased-MNLI,mnli,validation_matched,9815,128,32,fp32,adasvd,,0.5,qkv+ffn,naive,0,mnli,train,512,16,0,128,mnli:train,mnli:validation_matched,accuracy,0.328171,19.72,1621.4,1172.9,3592.6,3592.6,0.4998,84934656,42448896,0.6119,109484547,66998787,,88b061b
2026-02-19T16:28:55,textattack/bert-base-uncased-QNLI,qnli,validation,5463,128,32,fp32,adasvd,,0.5,qkv+ffn,naive,0,qnli,train,512,16,0,128,qnli:train,qnli:validation,accuracy,0.470071,24.81,1287.7,1172.7,3592.6,3592.6,0.5003,84934656,42494976,0.6124,109483778,67044098,,88b061b
2026-02-19T16:31:52,textattack/bert-base-uncased-RTE,rte,validation,277,128,32,fp32,adasvd,,0.5,qkv+ffn,naive,0,rte,train,512,16,0,128,rte:train,rte:validation,accuracy,0.555957,19.44,1583.0,1172.5,3592.6,3592.6,0.4993,84934656,42412032,0.6116,109483778,66961154,,88b061b
2026-02-19T16:34:52,textattack/bert-base-uncased-STS-B,stsb,validation,1500,128,32,fp32,adasvd,,0.5,qkv+ffn,naive,0,stsb,train,512,16,0,128,stsb:train,stsb:validation,pearson,0.437619,19.82,1610.1,1168.0,3592.6,3592.6,0.4999,84934656,42455040,0.6120,109483009,67003393,,88b061b
2026-02-19T16:37:05,eval_encoder/models/cola/dense_naive,cola,validation,,128,32,fp32,dense_finetuned,ra32_rf320_rw32,,,naive,42,,,,,,,matthews_correlation,0.559874,,,,,,,,,,,,post_compress_finetune epochs=3 lr=2e-05,
2026-02-19T16:47:53,eval_encoder/models/sst2/dense_naive,sst2,validation,,128,32,fp32,dense_finetuned,ra32_rf320_rw32,,,naive,42,,,,,,,accuracy,0.927752,,,,,,,,,,,,post_compress_finetune epochs=3 lr=2e-05,
2026-02-19T16:48:39,eval_encoder/models/mrpc/dense_naive,mrpc,validation,,128,32,fp32,dense_finetuned,ra32_rf320_rw32,,,naive,42,,,,,,,f1,0.913495,,,,,,,,,,,,post_compress_finetune epochs=3 lr=2e-05,
2026-02-19T17:50:20,eval_encoder/models/qqp/dense_naive,qqp,validation,,128,32,fp32,dense_finetuned,ra32_rf320_rw32,,,naive,42,,,,,,,f1,0.880056,,,,,,,,,,,,post_compress_finetune epochs=3 lr=2e-05,
2026-02-19T18:53:40,eval_encoder/models/mnli/dense_naive,mnli,validation,,128,32,fp32,dense_finetuned,ra32_rf320_rw32,,,naive,42,,,,,,,accuracy,0.845746,,,,,,,,,,,,post_compress_finetune epochs=3 lr=2e-05,
2026-02-19T19:10:42,eval_encoder/models/qnli/dense_naive,qnli,validation,,128,32,fp32,dense_finetuned,ra32_rf320_rw32,,,naive,42,,,,,,,accuracy,0.915980,,,,,,,,,,,,post_compress_finetune epochs=3 lr=2e-05,
2026-02-19T19:11:15,eval_encoder/models/rte/dense_naive,rte,validation,,128,32,fp32,dense_finetuned,ra32_rf320_rw32,,,naive,42,,,,,,,accuracy,0.725632,,,,,,,,,,,,post_compress_finetune epochs=3 lr=2e-05,
2026-02-19T19:12:24,eval_encoder/models/stsb/dense_naive,stsb,validation,,128,32,fp32,dense_finetuned,ra32_rf320_rw32,,,naive,42,,,,,,,pearson,0.891036,,,,,,,,,,,,post_compress_finetune epochs=3 lr=2e-05,
2026-02-19T19:15:21,eval_encoder/models/cola/svd_ra32_rf320_rw32_per_head_naive,cola,validation,,128,32,fp32,svd_finetuned,ra32_rf320_rw32,,,naive,42,,,,,,,matthews_correlation,0.125646,,,,,,,,,,,,post_compress_finetune epochs=3 lr=2e-05,
2026-02-19T19:15:21,eval_encoder/models/cola/svd_ra32_rf320_rw32_per_head_naive,cola,validation,,128,32,fp32,svd_finetuned,ra32_rf320_rw32,,,flashsvd,42,,,,,,,matthews_correlation,0.125646,,,,,,,,,,,,post_compress_finetune epochs=3 lr=2e-05,
2026-02-19T19:27:06,eval_encoder/models/sst2/svd_ra32_rf320_rw32_per_head_naive,sst2,validation,,128,32,fp32,svd_finetuned,ra32_rf320_rw32,,,naive,42,,,,,,,accuracy,0.894495,,,,,,,,,,,,post_compress_finetune epochs=3 lr=2e-05,
2026-02-19T19:27:06,eval_encoder/models/sst2/svd_ra32_rf320_rw32_per_head_naive,sst2,validation,,128,32,fp32,svd_finetuned,ra32_rf320_rw32,,,flashsvd,42,,,,,,,accuracy,0.893349,,,,,,,,,,,,post_compress_finetune epochs=3 lr=2e-05,
2026-02-19T19:27:54,eval_encoder/models/mrpc/svd_ra32_rf320_rw32_per_head_naive,mrpc,validation,,128,32,fp32,svd_finetuned,ra32_rf320_rw32,,,naive,42,,,,,,,f1,0.816456,,,,,,,,,,,,post_compress_finetune epochs=3 lr=2e-05,
2026-02-19T19:27:54,eval_encoder/models/mrpc/svd_ra32_rf320_rw32_per_head_naive,mrpc,validation,,128,32,fp32,svd_finetuned,ra32_rf320_rw32,,,flashsvd,42,,,,,,,f1,0.816456,,,,,,,,,,,,post_compress_finetune epochs=3 lr=2e-05,
